INFO: Running with entropic power schedule (0xFF, 100).
INFO: Seed: 4182783489
INFO: Loaded 1 modules   (18633 inline 8-bit counters): 18633 [0x5a7e985fa6d0, 0x5a7e985fef99), 
INFO: Loaded 1 PC tables (18633 PCs): 18633 [0x5a7e985fefa0,0x5a7e98647c30), 
INFO:       17 files found in /tmp/md_corpus
INFO: seed corpus: files: 17 min: 611b max: 205025b total: 292819b rss: 31Mb
#18	INITED cov: 3931 ft: 10247 corp: 17/149Kb exec/s: 0 rss: 35Mb
	NEW_FUNC[1/2]: 0x5a7e98492ab0 in md_is_html_block_end_condition /home/ilia/sec/md4c/src/md4c.c:6224
	NEW_FUNC[2/2]: 0x5a7e98496ac0 in md_is_html_block_start_condition /home/ilia/sec/md4c/src/md4c.c:6116
#20	NEW    cov: 4158 ft: 10922 corp: 18/150Kb lim: 65536 exec/s: 0 rss: 36Mb L: 1077/65536 MS: 2 InsertByte-InsertRepeatedBytes-
#21	NEW    cov: 4158 ft: 10989 corp: 19/153Kb lim: 65536 exec/s: 0 rss: 36Mb L: 2714/65536 MS: 1 EraseBytes-
#22	NEW    cov: 4163 ft: 11180 corp: 20/154Kb lim: 65536 exec/s: 0 rss: 36Mb L: 1223/65536 MS: 1 CrossOver-
#24	NEW    cov: 4168 ft: 11224 corp: 21/159Kb lim: 65536 exec/s: 0 rss: 36Mb L: 5493/65536 MS: 2 CMP-EraseBytes- DE: "\001^"-
#28	NEW    cov: 4168 ft: 11559 corp: 22/160Kb lim: 65536 exec/s: 0 rss: 36Mb L: 386/65536 MS: 4 ChangeBinInt-ChangeBit-ChangeByte-EraseBytes-
#30	NEW    cov: 4168 ft: 11565 corp: 23/172Kb lim: 65536 exec/s: 0 rss: 36Mb L: 12245/65536 MS: 2 ChangeASCIIInt-InsertByte-
#31	NEW    cov: 4168 ft: 11661 corp: 24/180Kb lim: 65536 exec/s: 0 rss: 37Mb L: 8110/65536 MS: 1 CopyPart-
#34	NEW    cov: 4168 ft: 11702 corp: 25/189Kb lim: 65536 exec/s: 0 rss: 37Mb L: 9038/65536 MS: 3 ShuffleBytes-ChangeASCIIInt-CopyPart-
	NEW_FUNC[1/4]: 0x5a7e9849b740 in md_is_table_underline /home/ilia/sec/md4c/src/md4c.c:5956
	NEW_FUNC[2/4]: 0x5a7e984c77d0 in md_process_table_row /home/ilia/sec/md4c/src/md4c.c:5174
#36	NEW    cov: 4707 ft: 12388 corp: 26/253Kb lim: 65536 exec/s: 0 rss: 38Mb L: 65536/65536 MS: 2 ChangeBit-CrossOver-
#37	NEW    cov: 4707 ft: 12395 corp: 27/253Kb lim: 65536 exec/s: 0 rss: 38Mb L: 387/65536 MS: 1 InsertByte-
#42	NEW    cov: 4707 ft: 12460 corp: 28/256Kb lim: 65536 exec/s: 0 rss: 38Mb L: 2829/65536 MS: 5 ShuffleBytes-ChangeASCIIInt-ChangeByte-ChangeASCIIInt-ChangeBinInt-
#43	NEW    cov: 4737 ft: 12557 corp: 29/257Kb lim: 65536 exec/s: 0 rss: 38Mb L: 1791/65536 MS: 1 InsertByte-
#45	NEW    cov: 4808 ft: 12688 corp: 30/259Kb lim: 65536 exec/s: 0 rss: 38Mb L: 1969/65536 MS: 2 ChangeBinInt-EraseBytes-
#49	NEW    cov: 4808 ft: 12717 corp: 31/260Kb lim: 65536 exec/s: 0 rss: 38Mb L: 1052/65536 MS: 4 ChangeBit-InsertRepeatedBytes-ChangeBinInt-CopyPart-
#51	NEW    cov: 4808 ft: 12950 corp: 32/272Kb lim: 65536 exec/s: 0 rss: 38Mb L: 12371/65536 MS: 2 ChangeBinInt-CopyPart-
#53	NEW    cov: 4811 ft: 13253 corp: 33/273Kb lim: 65536 exec/s: 0 rss: 38Mb L: 252/65536 MS: 2 PersAutoDict-EraseBytes- DE: "\001^"-
#54	NEW    cov: 4815 ft: 13309 corp: 34/278Kb lim: 65536 exec/s: 0 rss: 38Mb L: 5804/65536 MS: 1 CrossOver-
#57	NEW    cov: 4815 ft: 13311 corp: 35/279Kb lim: 65536 exec/s: 0 rss: 39Mb L: 743/65536 MS: 3 ChangeByte-ShuffleBytes-EraseBytes-
#58	NEW    cov: 4821 ft: 13511 corp: 36/288Kb lim: 65536 exec/s: 0 rss: 39Mb L: 8721/65536 MS: 1 CrossOver-
#60	NEW    cov: 4821 ft: 13551 corp: 37/296Kb lim: 65536 exec/s: 0 rss: 39Mb L: 8810/65536 MS: 2 ShuffleBytes-EraseBytes-
#61	NEW    cov: 4832 ft: 13564 corp: 38/302Kb lim: 65536 exec/s: 0 rss: 39Mb L: 6376/65536 MS: 1 CMP- DE: "\024\000\000\000"-
#63	NEW    cov: 4832 ft: 13568 corp: 39/304Kb lim: 65536 exec/s: 0 rss: 39Mb L: 1347/65536 MS: 2 InsertByte-ChangeBit-
#64	NEW    cov: 4833 ft: 13580 corp: 40/311Kb lim: 65536 exec/s: 0 rss: 39Mb L: 6969/65536 MS: 1 EraseBytes-
#66	NEW    cov: 4833 ft: 13586 corp: 41/317Kb lim: 65536 exec/s: 0 rss: 39Mb L: 6969/65536 MS: 2 ChangeBinInt-CrossOver-
#67	NEW    cov: 4833 ft: 13589 corp: 42/325Kb lim: 65536 exec/s: 0 rss: 39Mb L: 8110/65536 MS: 1 CrossOver-
#72	NEW    cov: 4854 ft: 13623 corp: 43/327Kb lim: 65536 exec/s: 0 rss: 39Mb L: 1799/65536 MS: 5 CMP-ChangeBinInt-ShuffleBytes-ShuffleBytes-CMP- DE: " \245"-"\000\000\000\000\000\000\000\000"-
#74	NEW    cov: 4855 ft: 13627 corp: 44/391Kb lim: 65536 exec/s: 0 rss: 40Mb L: 65536/65536 MS: 2 ChangeBit-ChangeBinInt-
#75	NEW    cov: 4855 ft: 13630 corp: 45/455Kb lim: 65536 exec/s: 0 rss: 41Mb L: 65536/65536 MS: 1 ChangeBit-
#77	NEW    cov: 4855 ft: 13643 corp: 46/457Kb lim: 65536 exec/s: 0 rss: 41Mb L: 2052/65536 MS: 2 CopyPart-CopyPart-
#83	NEW    cov: 4855 ft: 13739 corp: 47/464Kb lim: 65536 exec/s: 0 rss: 41Mb L: 6969/65536 MS: 1 CopyPart-
#87	NEW    cov: 4855 ft: 13750 corp: 48/467Kb lim: 65536 exec/s: 0 rss: 41Mb L: 3665/65536 MS: 4 ShuffleBytes-ChangeByte-ChangeBit-CMP- DE: "\377\377a\000\000\002n\247"-
#88	NEW    cov: 4855 ft: 13909 corp: 49/468Kb lim: 65536 exec/s: 0 rss: 41Mb L: 743/65536 MS: 1 ShuffleBytes-
#92	NEW    cov: 4855 ft: 13917 corp: 50/470Kb lim: 65536 exec/s: 0 rss: 41Mb L: 1347/65536 MS: 4 ChangeBinInt-InsertByte-CopyPart-ChangeBit-
#94	NEW    cov: 4868 ft: 13932 corp: 51/471Kb lim: 65536 exec/s: 0 rss: 41Mb L: 1793/65536 MS: 2 CrossOver-CMP- DE: "abs"-
#95	NEW    cov: 4911 ft: 13990 corp: 52/477Kb lim: 65536 exec/s: 0 rss: 41Mb L: 5804/65536 MS: 1 ChangeBit-
#98	NEW    cov: 4911 ft: 14984 corp: 53/494Kb lim: 65536 exec/s: 0 rss: 42Mb L: 17677/65536 MS: 3 ChangeByte-ChangeByte-CrossOver-
#99	NEW    cov: 4911 ft: 15534 corp: 54/558Kb lim: 65536 exec/s: 0 rss: 42Mb L: 65536/65536 MS: 1 CopyPart-
#102	NEW    cov: 4911 ft: 15540 corp: 55/561Kb lim: 65536 exec/s: 0 rss: 42Mb L: 2829/65536 MS: 3 ChangeASCIIInt-ShuffleBytes-CopyPart-
#103	NEW    cov: 4911 ft: 15546 corp: 56/568Kb lim: 65536 exec/s: 0 rss: 42Mb L: 6969/65536 MS: 1 ShuffleBytes-
#104	NEW    cov: 4911 ft: 15684 corp: 57/569Kb lim: 65536 exec/s: 0 rss: 42Mb L: 1078/65536 MS: 1 InsertByte-
#106	NEW    cov: 5080 ft: 15941 corp: 58/572Kb lim: 65536 exec/s: 0 rss: 43Mb L: 2816/65536 MS: 2 ShuffleBytes-InsertRepeatedBytes-
#112	NEW    cov: 5082 ft: 15978 corp: 59/574Kb lim: 65536 exec/s: 0 rss: 43Mb L: 2947/65536 MS: 1 InsertRepeatedBytes-
#113	NEW    cov: 5082 ft: 15983 corp: 60/575Kb lim: 65536 exec/s: 0 rss: 43Mb L: 697/65536 MS: 1 EraseBytes-
#114	NEW    cov: 5147 ft: 16205 corp: 61/577Kb lim: 65536 exec/s: 0 rss: 43Mb L: 1486/65536 MS: 1 CrossOver-
#116	NEW    cov: 5147 ft: 16206 corp: 62/641Kb lim: 65536 exec/s: 0 rss: 44Mb L: 65536/65536 MS: 2 ShuffleBytes-ChangeBinInt-
#117	NEW    cov: 5147 ft: 16249 corp: 63/641Kb lim: 65536 exec/s: 0 rss: 44Mb L: 714/65536 MS: 1 EraseBytes-
#121	NEW    cov: 5155 ft: 16455 corp: 64/649Kb lim: 65536 exec/s: 0 rss: 44Mb L: 8362/65536 MS: 4 ShuffleBytes-ShuffleBytes-ChangeBinInt-CrossOver-
#123	NEW    cov: 5155 ft: 16476 corp: 65/653Kb lim: 65536 exec/s: 0 rss: 44Mb L: 3295/65536 MS: 2 EraseBytes-InsertRepeatedBytes-
#124	NEW    cov: 5155 ft: 16480 corp: 66/659Kb lim: 65536 exec/s: 0 rss: 44Mb L: 6971/65536 MS: 1 PersAutoDict- DE: "\001^"-
#125	NEW    cov: 5155 ft: 16510 corp: 67/660Kb lim: 65536 exec/s: 0 rss: 44Mb L: 256/65536 MS: 1 CMP- DE: "\036\000\000\000"-
#130	NEW    cov: 5155 ft: 16543 corp: 68/660Kb lim: 65536 exec/s: 0 rss: 44Mb L: 317/65536 MS: 5 ChangeBit-PersAutoDict-ShuffleBytes-ChangeByte-EraseBytes- DE: "\001^"-
#135	NEW    cov: 5155 ft: 16551 corp: 69/663Kb lim: 65536 exec/s: 0 rss: 44Mb L: 2831/65536 MS: 5 CMP-InsertByte-InsertByte-ChangeASCIIInt-ChangeBit- DE: "\377\377"-
#144	NEW    cov: 5177 ft: 16880 corp: 70/664Kb lim: 65536 exec/s: 0 rss: 45Mb L: 860/65536 MS: 4 ChangeASCIIInt-CMP-InsertRepeatedBytes-ChangeBit- DE: "\000\000ap\000\001\306\267"-
#145	NEW    cov: 5190 ft: 17147 corp: 71/675Kb lim: 65536 exec/s: 0 rss: 45Mb L: 11142/65536 MS: 1 CopyPart-
#146	NEW    cov: 5192 ft: 17150 corp: 72/675Kb lim: 65536 exec/s: 0 rss: 45Mb L: 743/65536 MS: 1 PersAutoDict- DE: "\000\000\000\000\000\000\000\000"-
	NEW_FUNC[1/2]: 0x5a7e984fe3d0 in md_analyze_permissive_autolink_segment /home/ilia/sec/md4c/src/md4c.c:4384
	NEW_FUNC[2/2]: 0x5a7e98500b40 in md_scan_left_for_resolved_mark /home/ilia/sec/md4c/src/md4c.c:4338
#147	NEW    cov: 5433 ft: 17415 corp: 73/679Kb lim: 65536 exec/s: 0 rss: 45Mb L: 3518/65536 MS: 1 EraseBytes-
#158	NEW    cov: 5433 ft: 17426 corp: 74/685Kb lim: 65536 exec/s: 0 rss: 45Mb L: 6969/65536 MS: 1 CopyPart-
#160	NEW    cov: 5433 ft: 17437 corp: 75/689Kb lim: 65536 exec/s: 0 rss: 46Mb L: 3667/65536 MS: 2 CMP-PersAutoDict- DE: "!\033"-"\036\000\000\000"-
#162	NEW    cov: 5433 ft: 17438 corp: 76/690Kb lim: 65536 exec/s: 0 rss: 46Mb L: 1224/65536 MS: 2 InsertByte-CMP- DE: "\004\000"-
#163	NEW    cov: 5433 ft: 17446 corp: 77/701Kb lim: 65536 exec/s: 0 rss: 46Mb L: 10939/65536 MS: 1 CrossOver-
#167	NEW    cov: 5439 ft: 17498 corp: 78/702Kb lim: 65536 exec/s: 0 rss: 46Mb L: 726/65536 MS: 4 InsertRepeatedBytes-ChangeBit-ChangeByte-CrossOver-
#170	NEW    cov: 5442 ft: 17771 corp: 79/711Kb lim: 65536 exec/s: 0 rss: 46Mb L: 9683/65536 MS: 3 ChangeBinInt-ChangeByte-CrossOver-
#171	NEW    cov: 5442 ft: 17798 corp: 80/720Kb lim: 65536 exec/s: 0 rss: 46Mb L: 9046/65536 MS: 1 PersAutoDict- DE: "\377\377a\000\000\002n\247"-
#172	NEW    cov: 5443 ft: 17957 corp: 81/769Kb lim: 65536 exec/s: 0 rss: 46Mb L: 50064/65536 MS: 1 EraseBytes-
#173	NEW    cov: 5443 ft: 17984 corp: 82/833Kb lim: 65536 exec/s: 0 rss: 47Mb L: 65536/65536 MS: 1 ChangeBinInt-
#175	NEW    cov: 5443 ft: 17985 corp: 83/841Kb lim: 65536 exec/s: 0 rss: 47Mb L: 8118/65536 MS: 2 ChangeBit-PersAutoDict- DE: "\000\000ap\000\001\306\267"-
#176	NEW    cov: 5443 ft: 18039 corp: 84/859Kb lim: 65536 exec/s: 0 rss: 47Mb L: 18403/65536 MS: 1 CopyPart-
#179	NEW    cov: 5443 ft: 18046 corp: 85/862Kb lim: 65536 exec/s: 0 rss: 47Mb L: 3673/65536 MS: 3 ShuffleBytes-ChangeASCIIInt-PersAutoDict- DE: "\000\000\000\000\000\000\000\000"-
#180	NEW    cov: 5443 ft: 18055 corp: 86/863Kb lim: 65536 exec/s: 0 rss: 47Mb L: 1166/65536 MS: 1 CopyPart-
#181	NEW    cov: 5445 ft: 18075 corp: 87/871Kb lim: 65536 exec/s: 0 rss: 47Mb L: 7266/65536 MS: 1 CrossOver-
#183	NEW    cov: 5445 ft: 18081 corp: 88/882Kb lim: 65536 exec/s: 0 rss: 48Mb L: 11216/65536 MS: 2 CrossOver-InsertRepeatedBytes-
#184	NEW    cov: 5445 ft: 18838 corp: 89/888Kb lim: 65536 exec/s: 0 rss: 48Mb L: 6473/65536 MS: 1 CrossOver-
#185	NEW    cov: 5445 ft: 18863 corp: 90/889Kb lim: 65536 exec/s: 0 rss: 48Mb L: 1347/65536 MS: 1 CMP- DE: " \000"-
#187	NEW    cov: 5445 ft: 18874 corp: 91/900Kb lim: 65536 exec/s: 0 rss: 48Mb L: 11216/65536 MS: 2 ChangeASCIIInt-ShuffleBytes-
#188	NEW    cov: 5449 ft: 18921 corp: 92/903Kb lim: 65536 exec/s: 0 rss: 48Mb L: 2901/65536 MS: 1 InsertRepeatedBytes-
#189	NEW    cov: 5480 ft: 19028 corp: 93/913Kb lim: 65536 exec/s: 0 rss: 48Mb L: 10634/65536 MS: 1 CrossOver-
#190	NEW    cov: 5491 ft: 19076 corp: 94/919Kb lim: 65536 exec/s: 0 rss: 48Mb L: 5858/65536 MS: 1 InsertRepeatedBytes-
#191	NEW    cov: 5493 ft: 19350 corp: 95/928Kb lim: 65536 exec/s: 0 rss: 48Mb L: 9683/65536 MS: 1 ChangeBinInt-
#196	NEW    cov: 5493 ft: 19355 corp: 96/931Kb lim: 65536 exec/s: 0 rss: 48Mb L: 2946/65536 MS: 5 ChangeBinInt-InsertRepeatedBytes-ChangeASCIIInt-PersAutoDict-InsertRepeatedBytes- DE: "\036\000\000\000"-
#199	NEW    cov: 5493 ft: 19456 corp: 97/932Kb lim: 65536 exec/s: 0 rss: 48Mb L: 611/65536 MS: 3 CrossOver-CMP-ChangeByte- DE: "\001\000\000\000\000\000\000\000"-
#201	NEW    cov: 5493 ft: 19463 corp: 98/945Kb lim: 65536 exec/s: 0 rss: 49Mb L: 13282/65536 MS: 2 CrossOver-CopyPart-
#202	NEW    cov: 5493 ft: 19464 corp: 99/946Kb lim: 65536 exec/s: 0 rss: 49Mb L: 1428/65536 MS: 1 EraseBytes-
#208	NEW    cov: 5493 ft: 19737 corp: 100/1010Kb lim: 65536 exec/s: 0 rss: 49Mb L: 65536/65536 MS: 1 CrossOver-
#211	NEW    cov: 5493 ft: 19743 corp: 101/1022Kb lim: 65536 exec/s: 0 rss: 50Mb L: 12372/65536 MS: 3 InsertByte-PersAutoDict-PersAutoDict- DE: "abs"-" \000"-
#212	NEW    cov: 5494 ft: 19761 corp: 102/1023Kb lim: 65536 exec/s: 0 rss: 50Mb L: 743/65536 MS: 1 ChangeByte-
#213	NEW    cov: 5494 ft: 19854 corp: 103/1031Kb lim: 65536 exec/s: 0 rss: 50Mb L: 8347/65536 MS: 1 EraseBytes-
#214	NEW    cov: 5494 ft: 19929 corp: 104/1039Kb lim: 65536 exec/s: 0 rss: 50Mb L: 8112/65536 MS: 1 EraseBytes-
#216	NEW    cov: 5494 ft: 19951 corp: 105/1039Kb lim: 65536 exec/s: 0 rss: 50Mb L: 292/65536 MS: 2 InsertRepeatedBytes-CMP- DE: "\320D\000\000 a\000\000"-
#218	NEW    cov: 5532 ft: 20061 corp: 106/1042Kb lim: 65536 exec/s: 0 rss: 50Mb L: 2962/65536 MS: 2 PersAutoDict-PersAutoDict- DE: "\001\000\000\000\000\000\000\000"-"\000\000ap\000\001\306\267"-
#219	NEW    cov: 5539 ft: 20204 corp: 107/1106Kb lim: 65536 exec/s: 0 rss: 51Mb L: 65536/65536 MS: 1 CrossOver-
#220	NEW    cov: 5539 ft: 20220 corp: 108/1107Kb lim: 65536 exec/s: 0 rss: 51Mb L: 350/65536 MS: 1 InsertRepeatedBytes-
#222	NEW    cov: 5539 ft: 20228 corp: 109/1127Kb lim: 65536 exec/s: 0 rss: 51Mb L: 20605/65536 MS: 2 ChangeASCIIInt-CrossOver-
#225	REDUCE cov: 5539 ft: 20228 corp: 109/1127Kb lim: 65536 exec/s: 0 rss: 51Mb L: 741/65536 MS: 3 PersAutoDict-ShuffleBytes-EraseBytes- DE: "\001\000\000\000\000\000\000\000"-
#232	NEW    cov: 5539 ft: 20232 corp: 110/1127Kb lim: 65536 exec/s: 0 rss: 51Mb L: 697/65536 MS: 2 ChangeBit-ChangeByte-
#234	NEW    cov: 5566 ft: 20265 corp: 111/1191Kb lim: 65536 exec/s: 0 rss: 52Mb L: 65536/65536 MS: 2 ChangeBit-ChangeByte-
#240	NEW    cov: 5566 ft: 20269 corp: 112/1197Kb lim: 65536 exec/s: 0 rss: 52Mb L: 5493/65536 MS: 1 ChangeBit-
#241	NEW    cov: 5566 ft: 20277 corp: 113/1198Kb lim: 65536 exec/s: 0 rss: 53Mb L: 1168/65536 MS: 1 InsertRepeatedBytes-
#243	NEW    cov: 5566 ft: 20278 corp: 114/1204Kb lim: 65536 exec/s: 0 rss: 53Mb L: 5805/65536 MS: 2 ChangeByte-InsertByte-
#245	NEW    cov: 5566 ft: 20301 corp: 115/1211Kb lim: 65536 exec/s: 0 rss: 53Mb L: 7978/65536 MS: 2 InsertRepeatedBytes-CrossOver-
#249	NEW    cov: 5566 ft: 20360 corp: 116/1214Kb lim: 65536 exec/s: 0 rss: 53Mb L: 2948/65536 MS: 4 ShuffleBytes-ChangeBinInt-ShuffleBytes-InsertByte-
	NEW_FUNC[1/1]: 0x5a7e985013f0 in md_scan_right_for_resolved_mark /home/ilia/sec/md4c/src/md4c.c:4360
#251	NEW    cov: 5654 ft: 20677 corp: 117/1222Kb lim: 65536 exec/s: 0 rss: 53Mb L: 7425/65536 MS: 2 EraseBytes-InsertByte-
#252	NEW    cov: 5654 ft: 20763 corp: 118/1236Kb lim: 65536 exec/s: 0 rss: 53Mb L: 15136/65536 MS: 1 CopyPart-
#253	NEW    cov: 5654 ft: 20770 corp: 119/1247Kb lim: 65536 exec/s: 0 rss: 53Mb L: 10944/65536 MS: 1 InsertRepeatedBytes-
#256	NEW    cov: 5654 ft: 20771 corp: 120/1256Kb lim: 65536 exec/s: 0 rss: 54Mb L: 9054/65536 MS: 3 PersAutoDict-ChangeBit-CopyPart- DE: "\000\000\000\000\000\000\000\000"-
#263	NEW    cov: 5654 ft: 20772 corp: 121/1264Kb lim: 65536 exec/s: 0 rss: 54Mb L: 8243/65536 MS: 2 InsertRepeatedBytes-ChangeByte-
#265	NEW    cov: 5682 ft: 20906 corp: 122/1284Kb lim: 65536 exec/s: 0 rss: 54Mb L: 20605/65536 MS: 2 ChangeBinInt-CopyPart-
#266	NEW    cov: 5682 ft: 20918 corp: 123/1291Kb lim: 65536 exec/s: 0 rss: 54Mb L: 7493/65536 MS: 1 EraseBytes-
#267	NEW    cov: 5682 ft: 20976 corp: 124/1301Kb lim: 65536 exec/s: 0 rss: 54Mb L: 9683/65536 MS: 1 CopyPart-
#268	NEW    cov: 5682 ft: 20988 corp: 125/1301Kb lim: 65536 exec/s: 0 rss: 54Mb L: 387/65536 MS: 1 CopyPart-
#273	NEW    cov: 5682 ft: 20990 corp: 126/1309Kb lim: 65536 exec/s: 0 rss: 55Mb L: 8147/65536 MS: 5 PersAutoDict-InsertByte-ChangeByte-InsertRepeatedBytes-CopyPart- DE: "abs"-
#274	NEW    cov: 5682 ft: 20991 corp: 127/1324Kb lim: 65536 exec/s: 0 rss: 55Mb L: 15136/65536 MS: 1 ChangeBinInt-
#277	NEW    cov: 5682 ft: 20999 corp: 128/1329Kb lim: 65536 exec/s: 0 rss: 55Mb L: 5525/65536 MS: 3 ChangeASCIIInt-EraseBytes-ChangeBit-
#278	REDUCE cov: 5682 ft: 20999 corp: 128/1328Kb lim: 65536 exec/s: 0 rss: 55Mb L: 1926/65536 MS: 1 EraseBytes-
#285	NEW    cov: 5682 ft: 21337 corp: 129/1377Kb lim: 65536 exec/s: 0 rss: 56Mb L: 50184/65536 MS: 2 InsertRepeatedBytes-ChangeBinInt-
#286	NEW    cov: 5687 ft: 21351 corp: 130/1378Kb lim: 65536 exec/s: 0 rss: 56Mb L: 1347/65536 MS: 1 CMP- DE: "\004(\005\000\360b\000\000"-
#290	NEW    cov: 5687 ft: 21354 corp: 131/1386Kb lim: 65536 exec/s: 0 rss: 56Mb L: 8461/65536 MS: 4 InsertByte-ChangeASCIIInt-ShuffleBytes-EraseBytes-
#296	NEW    cov: 5711 ft: 21401 corp: 132/1388Kb lim: 65536 exec/s: 0 rss: 56Mb L: 1970/65536 MS: 1 InsertByte-
#299	NEW    cov: 5711 ft: 21412 corp: 133/1396Kb lim: 65536 exec/s: 0 rss: 56Mb L: 8138/65536 MS: 3 CMP-ChangeBit-InsertRepeatedBytes- DE: "abs"-
#301	NEW    cov: 5711 ft: 21940 corp: 134/1412Kb lim: 65536 exec/s: 0 rss: 56Mb L: 16788/65536 MS: 2 CMP-CrossOver- DE: "\010\000"-
#303	NEW    cov: 5711 ft: 21955 corp: 135/1413Kb lim: 65536 exec/s: 0 rss: 56Mb L: 325/65536 MS: 2 ShuffleBytes-EraseBytes-
#307	NEW    cov: 5711 ft: 21956 corp: 136/1428Kb lim: 65536 exec/s: 0 rss: 57Mb L: 15284/65536 MS: 4 CrossOver-ChangeBit-ShuffleBytes-InsertRepeatedBytes-
#315	NEW    cov: 5716 ft: 21962 corp: 137/1437Kb lim: 65536 exec/s: 0 rss: 57Mb L: 9583/65536 MS: 3 CMP-PersAutoDict-CopyPart- DE: "\001\000\000\036"-"!\033"-
#319	NEW    cov: 5716 ft: 21978 corp: 138/1451Kb lim: 65536 exec/s: 0 rss: 57Mb L: 14226/65536 MS: 4 InsertByte-ShuffleBytes-PersAutoDict-EraseBytes- DE: "\010\000"-
#320	NEW    cov: 5749 ft: 22059 corp: 139/1456Kb lim: 65536 exec/s: 0 rss: 58Mb L: 5005/65536 MS: 1 ChangeBinInt-
#321	NEW    cov: 5749 ft: 22063 corp: 140/1459Kb lim: 65536 exec/s: 0 rss: 58Mb L: 2962/65536 MS: 1 CopyPart-
#323	REDUCE cov: 5750 ft: 22064 corp: 141/1461Kb lim: 65536 exec/s: 323 rss: 58Mb L: 2261/65536 MS: 2 CrossOver-CrossOver-
#324	NEW    cov: 5750 ft: 22070 corp: 142/1468Kb lim: 65536 exec/s: 324 rss: 58Mb L: 6771/65536 MS: 1 EraseBytes-
#326	NEW    cov: 5750 ft: 22072 corp: 143/1475Kb lim: 65536 exec/s: 326 rss: 58Mb L: 8112/65536 MS: 2 ChangeBit-CopyPart-
#329	NEW    cov: 5750 ft: 22092 corp: 144/1480Kb lim: 65536 exec/s: 329 rss: 58Mb L: 5009/65536 MS: 3 ChangeBit-PersAutoDict-CMP- DE: "\001\000\000\036"-"Z\314\013\000 b\000\000"-
#336	NEW    cov: 5750 ft: 22093 corp: 145/1500Kb lim: 65536 exec/s: 336 rss: 59Mb L: 20605/65536 MS: 2 ChangeBit-ChangeBinInt-
#339	NEW    cov: 5750 ft: 22097 corp: 146/1507Kb lim: 65536 exec/s: 339 rss: 65Mb L: 6348/65536 MS: 3 EraseBytes-ShuffleBytes-ChangeBinInt-
#349	NEW    cov: 5750 ft: 22098 corp: 147/1515Kb lim: 65536 exec/s: 349 rss: 65Mb L: 8818/65536 MS: 5 InsertRepeatedBytes-ChangeBit-ShuffleBytes-ChangeBinInt-CrossOver-
#351	NEW    cov: 5750 ft: 22167 corp: 148/1516Kb lim: 65536 exec/s: 351 rss: 65Mb L: 256/65536 MS: 2 ShuffleBytes-ChangeByte-
#360	NEW    cov: 5750 ft: 22229 corp: 149/1538Kb lim: 65536 exec/s: 360 rss: 65Mb L: 23481/65536 MS: 4 InsertByte-ChangeByte-PersAutoDict-CopyPart- DE: "Z\314\013\000 b\000\000"-
#361	NEW    cov: 5750 ft: 22230 corp: 150/1543Kb lim: 65536 exec/s: 361 rss: 65Mb L: 4429/65536 MS: 1 EraseBytes-
#365	NEW    cov: 5750 ft: 22238 corp: 151/1550Kb lim: 65536 exec/s: 365 rss: 65Mb L: 6983/65536 MS: 4 InsertRepeatedBytes-ChangeBit-InsertByte-CrossOver-
#368	NEW    cov: 5750 ft: 22256 corp: 152/1553Kb lim: 65536 exec/s: 368 rss: 66Mb L: 3518/65536 MS: 3 CMP-ChangeASCIIInt-CrossOver- DE: "lock"-
#370	NEW    cov: 5750 ft: 22262 corp: 153/1617Kb lim: 65536 exec/s: 370 rss: 66Mb L: 65536/65536 MS: 2 ShuffleBytes-ChangeBit-
#373	NEW    cov: 5750 ft: 22266 corp: 154/1618Kb lim: 65536 exec/s: 373 rss: 66Mb L: 1450/65536 MS: 3 ChangeBit-CrossOver-CMP- DE: "https"-
#374	NEW    cov: 5774 ft: 22358 corp: 155/1667Kb lim: 65536 exec/s: 374 rss: 67Mb L: 50064/65536 MS: 1 ChangeBinInt-
#381	NEW    cov: 5774 ft: 22360 corp: 156/1673Kb lim: 65536 exec/s: 381 rss: 67Mb L: 6190/65536 MS: 2 ChangeBit-CrossOver-
#385	NEW    cov: 5776 ft: 22362 corp: 157/1677Kb lim: 65536 exec/s: 385 rss: 67Mb L: 3346/65536 MS: 4 CrossOver-EraseBytes-EraseBytes-CopyPart-
#387	NEW    cov: 5776 ft: 22519 corp: 158/1741Kb lim: 65536 exec/s: 387 rss: 68Mb L: 65536/65536 MS: 2 CrossOver-CopyPart-
#389	NEW    cov: 5776 ft: 22520 corp: 159/1751Kb lim: 65536 exec/s: 389 rss: 68Mb L: 11047/65536 MS: 2 InsertRepeatedBytes-PersAutoDict- DE: " \245"-
#391	NEW    cov: 5778 ft: 22539 corp: 160/1757Kb lim: 65536 exec/s: 391 rss: 68Mb L: 5869/65536 MS: 2 CMP-PersAutoDict- DE: "exampl.ex"-"\377\377"-
#392	NEW    cov: 5778 ft: 22541 corp: 161/1758Kb lim: 65536 exec/s: 392 rss: 68Mb L: 1078/65536 MS: 1 ChangeBinInt-
#394	NEW    cov: 5779 ft: 22546 corp: 162/1765Kb lim: 65536 exec/s: 394 rss: 69Mb L: 7267/65536 MS: 2 InsertByte-CrossOver-
#395	NEW    cov: 5786 ft: 22852 corp: 163/1788Kb lim: 65536 exec/s: 395 rss: 69Mb L: 23653/65536 MS: 1 CrossOver-
#402	NEW    cov: 5786 ft: 22869 corp: 164/1800Kb lim: 65536 exec/s: 402 rss: 69Mb L: 11590/65536 MS: 2 CopyPart-CrossOver-
#405	NEW    cov: 5786 ft: 22870 corp: 165/1803Kb lim: 65536 exec/s: 405 rss: 69Mb L: 3083/65536 MS: 3 ChangeASCIIInt-ShuffleBytes-InsertRepeatedBytes-
#411	NEW    cov: 5786 ft: 22874 corp: 166/1809Kb lim: 65536 exec/s: 411 rss: 69Mb L: 6561/65536 MS: 1 EraseBytes-
#414	NEW    cov: 5786 ft: 22892 corp: 167/1824Kb lim: 65536 exec/s: 414 rss: 70Mb L: 15296/65536 MS: 3 InsertRepeatedBytes-ChangeByte-CrossOver-
#418	NEW    cov: 5840 ft: 23058 corp: 168/1833Kb lim: 65536 exec/s: 418 rss: 70Mb L: 9039/65536 MS: 4 ChangeBit-ChangeASCIIInt-ChangeASCIIInt-InsertByte-
#419	NEW    cov: 5840 ft: 23064 corp: 169/1897Kb lim: 65536 exec/s: 419 rss: 70Mb L: 65536/65536 MS: 1 CopyPart-
#421	NEW    cov: 5840 ft: 23065 corp: 170/1900Kb lim: 65536 exec/s: 421 rss: 71Mb L: 3600/65536 MS: 2 InsertByte-ChangeBinInt-
#423	NEW    cov: 5840 ft: 23066 corp: 171/1911Kb lim: 65536 exec/s: 423 rss: 71Mb L: 11162/65536 MS: 2 ChangeASCIIInt-InsertRepeatedBytes-
#426	NEW    cov: 5840 ft: 23070 corp: 172/1917Kb lim: 65536 exec/s: 426 rss: 71Mb L: 6147/65536 MS: 3 ChangeByte-PersAutoDict-EraseBytes- DE: " \245"-
#427	REDUCE cov: 5840 ft: 23070 corp: 172/1917Kb lim: 65536 exec/s: 427 rss: 71Mb L: 330/65536 MS: 1 EraseBytes-
#430	NEW    cov: 5840 ft: 23134 corp: 173/1920Kb lim: 65536 exec/s: 430 rss: 71Mb L: 2902/65536 MS: 3 CMP-InsertByte-ChangeBinInt- DE: "\001\000a0\000\001\222\035"-
#434	NEW    cov: 5840 ft: 23137 corp: 174/1932Kb lim: 65536 exec/s: 434 rss: 72Mb L: 12353/65536 MS: 4 PersAutoDict-ChangeBit-ChangeBit-CrossOver- DE: "\024\000\000\000"-
#435	NEW    cov: 5850 ft: 23655 corp: 175/1968Kb lim: 65536 exec/s: 435 rss: 72Mb L: 36476/65536 MS: 1 CrossOver-
#444	NEW    cov: 5850 ft: 23676 corp: 176/1976Kb lim: 65536 exec/s: 444 rss: 72Mb L: 7978/65536 MS: 4 ChangeBinInt-ChangeBinInt-CMP-CopyPart- DE: "\014\000\000\000"-
#449	NEW    cov: 5854 ft: 23680 corp: 177/1979Kb lim: 65536 exec/s: 449 rss: 72Mb L: 3269/65536 MS: 5 EraseBytes-InsertByte-ChangeByte-PersAutoDict-CMP- DE: " \245"-"\000\000a\360\000\005?\015"-
#450	NEW    cov: 5854 ft: 23681 corp: 178/1982Kb lim: 65536 exec/s: 450 rss: 72Mb L: 2831/65536 MS: 1 CopyPart-
#452	REDUCE cov: 5854 ft: 23681 corp: 178/1980Kb lim: 65536 exec/s: 452 rss: 72Mb L: 1854/65536 MS: 2 ShuffleBytes-EraseBytes-
#459	NEW    cov: 5867 ft: 24108 corp: 179/1987Kb lim: 65536 exec/s: 459 rss: 74Mb L: 7426/65536 MS: 2 ShuffleBytes-InsertByte-
#460	NEW    cov: 5867 ft: 24119 corp: 180/1997Kb lim: 65536 exec/s: 460 rss: 74Mb L: 10536/65536 MS: 1 EraseBytes-
#461	NEW    cov: 5867 ft: 24156 corp: 181/2000Kb lim: 65536 exec/s: 461 rss: 74Mb L: 3058/65536 MS: 1 CopyPart-
#468	NEW    cov: 5868 ft: 24189 corp: 182/2008Kb lim: 65536 exec/s: 468 rss: 74Mb L: 8111/65536 MS: 2 InsertByte-ChangeBinInt-
#480	REDUCE cov: 5868 ft: 24189 corp: 182/2008Kb lim: 65536 exec/s: 480 rss: 74Mb L: 1399/65536 MS: 2 ChangeBinInt-EraseBytes-
#481	NEW    cov: 5934 ft: 24656 corp: 183/2046Kb lim: 65536 exec/s: 481 rss: 75Mb L: 38679/65536 MS: 1 CrossOver-
#488	NEW    cov: 5934 ft: 24984 corp: 184/2048Kb lim: 65536 exec/s: 488 rss: 75Mb L: 2947/65536 MS: 2 CMP-ChangeByte- DE: "\377\377\377\377\377\377\377\377"-
#490	NEW    cov: 5934 ft: 25027 corp: 185/2072Kb lim: 65536 exec/s: 490 rss: 75Mb L: 23653/65536 MS: 2 ShuffleBytes-ChangeByte-
#496	NEW    cov: 5934 ft: 25038 corp: 186/2079Kb lim: 65536 exec/s: 496 rss: 76Mb L: 8110/65536 MS: 1 ChangeBinInt-
#497	NEW    cov: 5934 ft: 25065 corp: 187/2080Kb lim: 65536 exec/s: 497 rss: 76Mb L: 481/65536 MS: 1 CrossOver-
#504	NEW    cov: 5934 ft: 25071 corp: 188/2081Kb lim: 65536 exec/s: 504 rss: 76Mb L: 615/65536 MS: 2 CopyPart-EraseBytes-
#505	NEW    cov: 5934 ft: 25504 corp: 189/2145Kb lim: 65536 exec/s: 505 rss: 76Mb L: 65536/65536 MS: 1 CrossOver-
#506	NEW    cov: 5934 ft: 25522 corp: 190/2145Kb lim: 65536 exec/s: 506 rss: 76Mb L: 564/65536 MS: 1 EraseBytes-
#507	NEW    cov: 5935 ft: 25525 corp: 191/2149Kb lim: 65536 exec/s: 507 rss: 77Mb L: 3518/65536 MS: 1 CrossOver-
#520	NEW    cov: 5935 ft: 25536 corp: 192/2158Kb lim: 65536 exec/s: 520 rss: 77Mb L: 9695/65536 MS: 3 PersAutoDict-ChangeBinInt-InsertRepeatedBytes- DE: "\320D\000\000 a\000\000"-
#528	NEW    cov: 5935 ft: 25546 corp: 193/2158Kb lim: 65536 exec/s: 528 rss: 77Mb L: 424/65536 MS: 3 CMP-InsertByte-EraseBytes- DE: "http"-
#529	NEW    cov: 5935 ft: 25553 corp: 194/2172Kb lim: 65536 exec/s: 529 rss: 77Mb L: 14236/65536 MS: 1 InsertRepeatedBytes-
#531	NEW    cov: 5935 ft: 25579 corp: 195/2180Kb lim: 65536 exec/s: 531 rss: 77Mb L: 8347/65536 MS: 2 PersAutoDict-ChangeByte- DE: "http"-
#532	NEW    cov: 5935 ft: 25581 corp: 196/2189Kb lim: 65536 exec/s: 532 rss: 78Mb L: 8736/65536 MS: 1 CopyPart-
#542	NEW    cov: 5935 ft: 25584 corp: 197/2204Kb lim: 65536 exec/s: 542 rss: 78Mb L: 15140/65536 MS: 5 ShuffleBytes-ChangeBit-ChangeASCIIInt-PersAutoDict-ChangeBit- DE: "http"-
#544	NEW    cov: 5935 ft: 25585 corp: 198/2214Kb lim: 65536 exec/s: 544 rss: 78Mb L: 10536/65536 MS: 2 ChangeByte-ChangeByte-
#547	NEW    cov: 5937 ft: 25760 corp: 199/2236Kb lim: 65536 exec/s: 547 rss: 78Mb L: 22333/65536 MS: 3 ChangeASCIIInt-InsertRepeatedBytes-CrossOver-
#548	NEW    cov: 5937 ft: 25789 corp: 200/2253Kb lim: 65536 exec/s: 548 rss: 79Mb L: 17345/65536 MS: 1 CopyPart-
#549	NEW    cov: 5937 ft: 25822 corp: 201/2254Kb lim: 65536 exec/s: 549 rss: 79Mb L: 1465/65536 MS: 1 CopyPart-
#552	REDUCE cov: 5937 ft: 25822 corp: 201/2254Kb lim: 65536 exec/s: 552 rss: 79Mb L: 1553/65536 MS: 3 InsertRepeatedBytes-ChangeASCIIInt-EraseBytes-
#554	NEW    cov: 5937 ft: 26059 corp: 202/2276Kb lim: 65536 exec/s: 554 rss: 79Mb L: 22666/65536 MS: 2 ChangeBinInt-CrossOver-
#560	NEW    cov: 5937 ft: 26360 corp: 203/2340Kb lim: 65536 exec/s: 560 rss: 80Mb L: 65536/65536 MS: 1 CopyPart-
	NEW_FUNC[1/4]: 0x5a7e984c6320 in md_is_entity_str /home/ilia/sec/md4c/src/md4c.c:1413
	NEW_FUNC[2/4]: 0x5a7e9852bd00 in render_utf8_codepoint /home/ilia/sec/md4c/src/md4c-html.c:172
#562	NEW    cov: 6064 ft: 26503 corp: 204/2353Kb lim: 65536 exec/s: 562 rss: 80Mb L: 13250/65536 MS: 2 ChangeByte-EraseBytes-
#564	NEW    cov: 6064 ft: 26513 corp: 205/2364Kb lim: 65536 exec/s: 564 rss: 80Mb L: 10994/65536 MS: 2 InsertRepeatedBytes-CrossOver-
#566	NEW    cov: 6064 ft: 26531 corp: 206/2373Kb lim: 65536 exec/s: 566 rss: 80Mb L: 9204/65536 MS: 2 PersAutoDict-CrossOver- DE: "http"-
#572	NEW    cov: 6064 ft: 26542 corp: 207/2373Kb lim: 65536 exec/s: 572 rss: 80Mb L: 260/65536 MS: 1 PersAutoDict- DE: "\377\377a\000\000\002n\247"-
#574	NEW    cov: 6064 ft: 26543 corp: 208/2437Kb lim: 65536 exec/s: 574 rss: 81Mb L: 65536/65536 MS: 2 ChangeBit-CrossOver-
#581	NEW    cov: 6064 ft: 26544 corp: 209/2448Kb lim: 65536 exec/s: 581 rss: 81Mb L: 11732/65536 MS: 2 CrossOver-PersAutoDict- DE: "\036\000\000\000"-
#583	REDUCE cov: 6064 ft: 26545 corp: 210/2449Kb lim: 65536 exec/s: 583 rss: 81Mb L: 330/65536 MS: 2 ChangeBit-CopyPart-
#584	NEW    cov: 6064 ft: 26559 corp: 211/2461Kb lim: 65536 exec/s: 584 rss: 82Mb L: 12694/65536 MS: 1 EraseBytes-
#589	NEW    cov: 6064 ft: 26560 corp: 212/2465Kb lim: 65536 exec/s: 589 rss: 82Mb L: 3711/65536 MS: 5 InsertRepeatedBytes-ChangeASCIIInt-ShuffleBytes-CopyPart-InsertRepeatedBytes-
#594	NEW    cov: 6065 ft: 26562 corp: 213/2468Kb lim: 65536 exec/s: 594 rss: 82Mb L: 2840/65536 MS: 5 ChangeASCIIInt-ChangeBit-PersAutoDict-InsertRepeatedBytes-ChangeBit- DE: "!\033"-
#596	NEW    cov: 6065 ft: 26757 corp: 214/2481Kb lim: 65536 exec/s: 596 rss: 82Mb L: 13683/65536 MS: 2 PersAutoDict-CopyPart- DE: "Z\314\013\000 b\000\000"-
#604	NEW    cov: 6065 ft: 26763 corp: 215/2544Kb lim: 65536 exec/s: 604 rss: 83Mb L: 64954/65536 MS: 3 CMP-ChangeByte-EraseBytes- DE: "lowed"-
#606	NEW    cov: 6065 ft: 26764 corp: 216/2545Kb lim: 65536 exec/s: 606 rss: 83Mb L: 788/65536 MS: 2 ChangeBinInt-CopyPart-
#620	NEW    cov: 6065 ft: 26767 corp: 217/2609Kb lim: 65536 exec/s: 310 rss: 85Mb L: 65536/65536 MS: 4 PersAutoDict-ShuffleBytes-ChangeByte-CopyPart- DE: "\036\000\000\000"-
#621	NEW    cov: 6067 ft: 26769 corp: 218/2621Kb lim: 65536 exec/s: 310 rss: 89Mb L: 12353/65536 MS: 1 CMP- DE: "\001\000\000\013"-
#628	NEW    cov: 6067 ft: 26770 corp: 219/2629Kb lim: 65536 exec/s: 314 rss: 89Mb L: 8173/65536 MS: 2 ChangeBinInt-InsertRepeatedBytes-
#629	NEW    cov: 6068 ft: 26771 corp: 220/2641Kb lim: 65536 exec/s: 314 rss: 89Mb L: 12244/65536 MS: 1 PersAutoDict- DE: "\000\000a\360\000\005?\015"-
#632	NEW    cov: 6068 ft: 26778 corp: 221/2641Kb lim: 65536 exec/s: 316 rss: 89Mb L: 129/65536 MS: 3 PersAutoDict-InsertByte-EraseBytes- DE: "\014\000\000\000"-
#633	NEW    cov: 6068 ft: 26780 corp: 222/2641Kb lim: 65536 exec/s: 316 rss: 90Mb L: 165/65536 MS: 1 EraseBytes-
#635	NEW    cov: 6068 ft: 26789 corp: 223/2665Kb lim: 65536 exec/s: 317 rss: 90Mb L: 23657/65536 MS: 2 ChangeASCIIInt-PersAutoDict- DE: "\036\000\000\000"-
#638	NEW    cov: 6068 ft: 26818 corp: 224/2713Kb lim: 65536 exec/s: 319 rss: 91Mb L: 50105/65536 MS: 3 InsertRepeatedBytes-ChangeBinInt-CopyPart-
#644	NEW    cov: 6068 ft: 26820 corp: 225/2714Kb lim: 65536 exec/s: 322 rss: 91Mb L: 165/65536 MS: 1 CrossOver-
#649	NEW    cov: 6068 ft: 26851 corp: 226/2724Kb lim: 65536 exec/s: 324 rss: 91Mb L: 10142/65536 MS: 5 ChangeBit-InsertByte-PersAutoDict-CopyPart-PersAutoDict- DE: "\001\000a0\000\001\222\035"-"\024\000\000\000"-
#650	NEW    cov: 6068 ft: 26859 corp: 227/2725Kb lim: 65536 exec/s: 325 rss: 91Mb L: 1396/65536 MS: 1 InsertRepeatedBytes-
#659	NEW    cov: 6230 ft: 27066 corp: 228/2740Kb lim: 65536 exec/s: 329 rss: 92Mb L: 15158/65536 MS: 4 PersAutoDict-CrossOver-ChangeBinInt-CrossOver- DE: "\010\000"-
#674	NEW    cov: 6230 ft: 27074 corp: 229/2748Kb lim: 65536 exec/s: 337 rss: 92Mb L: 8405/65536 MS: 5 InsertRepeatedBytes-CrossOver-EraseBytes-ShuffleBytes-CrossOver-
#682	NEW    cov: 6230 ft: 27080 corp: 230/2755Kb lim: 65536 exec/s: 341 rss: 92Mb L: 7299/65536 MS: 3 InsertByte-EraseBytes-CrossOver-
#688	NEW    cov: 6231 ft: 27081 corp: 231/2763Kb lim: 65536 exec/s: 344 rss: 92Mb L: 8147/65536 MS: 1 ShuffleBytes-
#700	REDUCE cov: 6233 ft: 27083 corp: 232/2764Kb lim: 65536 exec/s: 350 rss: 93Mb L: 747/65536 MS: 2 ChangeByte-InsertRepeatedBytes-
#703	NEW    cov: 6233 ft: 27109 corp: 233/2773Kb lim: 65536 exec/s: 351 rss: 93Mb L: 9596/65536 MS: 3 CopyPart-CopyPart-CrossOver-
#705	NEW    cov: 6234 ft: 27110 corp: 234/2837Kb lim: 65536 exec/s: 352 rss: 94Mb L: 65536/65536 MS: 2 ChangeASCIIInt-CMP- DE: "ftp"-
#706	REDUCE cov: 6234 ft: 27110 corp: 234/2837Kb lim: 65536 exec/s: 353 rss: 94Mb L: 947/65536 MS: 1 EraseBytes-
	NEW_FUNC[1/1]: 0x5a7e984fbbc0 in md_scan_for_html_closer /home/ilia/sec/md4c/src/md4c.c:1233
#717	NEW    cov: 6368 ft: 27639 corp: 235/2894Kb lim: 65536 exec/s: 358 rss: 95Mb L: 58162/65536 MS: 1 CrossOver-
#718	NEW    cov: 6368 ft: 27909 corp: 236/2907Kb lim: 65536 exec/s: 359 rss: 95Mb L: 14166/65536 MS: 1 CopyPart-
#722	NEW    cov: 6368 ft: 28008 corp: 237/2946Kb lim: 65536 exec/s: 361 rss: 96Mb L: 38989/65536 MS: 4 ChangeBinInt-ShuffleBytes-CrossOver-EraseBytes-
#728	NEW    cov: 6368 ft: 28014 corp: 238/2952Kb lim: 65536 exec/s: 364 rss: 96Mb L: 6475/65536 MS: 1 InsertRepeatedBytes-
#730	NEW    cov: 6368 ft: 28015 corp: 239/2955Kb lim: 65536 exec/s: 365 rss: 96Mb L: 3669/65536 MS: 2 ChangeBit-PersAutoDict- DE: "\004\000"-
#732	NEW    cov: 6368 ft: 28064 corp: 240/2969Kb lim: 65536 exec/s: 366 rss: 96Mb L: 14288/65536 MS: 2 ChangeBinInt-CopyPart-
	NEW_FUNC[1/7]: 0x5a7e984adac0 in md_add_label_def /home/ilia/sec/md4c/src/md4c.c:1948
	NEW_FUNC[2/7]: 0x5a7e984ae930 in md_label_hash /home/ilia/sec/md4c/src/md4c.c:1622
#733	NEW    cov: 6648 ft: 28436 corp: 241/3021Kb lim: 65536 exec/s: 366 rss: 97Mb L: 52915/65536 MS: 1 CrossOver-
#734	NEW    cov: 6648 ft: 28437 corp: 242/3043Kb lim: 65536 exec/s: 367 rss: 97Mb L: 22668/65536 MS: 1 CMP- DE: "\007\000"-
#735	REDUCE cov: 6648 ft: 28437 corp: 242/3043Kb lim: 65536 exec/s: 367 rss: 97Mb L: 198/65536 MS: 1 EraseBytes-
#743	NEW    cov: 6648 ft: 28444 corp: 243/3051Kb lim: 65536 exec/s: 371 rss: 97Mb L: 8362/65536 MS: 3 ChangeASCIIInt-ChangeByte-CopyPart-
#753	NEW    cov: 6648 ft: 28445 corp: 244/3062Kb lim: 65536 exec/s: 376 rss: 97Mb L: 11144/65536 MS: 5 ChangeASCIIInt-ChangeBinInt-CMP-CMP-CopyPart- DE: "\203<\024\000`b\000\000"-" \000"-
#757	NEW    cov: 6649 ft: 28459 corp: 245/3065Kb lim: 65536 exec/s: 378 rss: 98Mb L: 2534/65536 MS: 4 CrossOver-ChangeByte-InsertByte-ShuffleBytes-
#760	NEW    cov: 6649 ft: 28460 corp: 246/3071Kb lim: 65536 exec/s: 380 rss: 98Mb L: 6815/65536 MS: 3 CopyPart-CrossOver-EraseBytes-
#761	NEW    cov: 6649 ft: 28464 corp: 247/3075Kb lim: 65536 exec/s: 380 rss: 98Mb L: 3519/65536 MS: 1 InsertByte-
#766	NEW    cov: 6649 ft: 28465 corp: 248/3097Kb lim: 65536 exec/s: 383 rss: 98Mb L: 22851/65536 MS: 5 InsertRepeatedBytes-ChangeBit-CMP-InsertRepeatedBytes-PersAutoDict- DE: ".\000"-"\007\000"-
#776	NEW    cov: 6651 ft: 28479 corp: 249/3119Kb lim: 65536 exec/s: 388 rss: 99Mb L: 22922/65536 MS: 5 ChangeBit-InsertRepeatedBytes-ChangeByte-InsertByte-ChangeByte-
#782	NEW    cov: 6651 ft: 28521 corp: 250/3129Kb lim: 65536 exec/s: 391 rss: 99Mb L: 9683/65536 MS: 1 CMP- DE: "\001\000a\220\000\032\015\220"-
#789	NEW    cov: 6652 ft: 28522 corp: 251/3138Kb lim: 65536 exec/s: 394 rss: 99Mb L: 9046/65536 MS: 2 ShuffleBytes-CMP- DE: ";\012\000\000"-
#813	NEW    cov: 6652 ft: 28523 corp: 252/3183Kb lim: 65536 exec/s: 406 rss: 101Mb L: 46255/65536 MS: 4 ChangeASCIIInt-ShuffleBytes-CMP-EraseBytes- DE: "\036\000\000\000"-
#834	REDUCE cov: 6652 ft: 28523 corp: 252/3183Kb lim: 65536 exec/s: 417 rss: 101Mb L: 751/65536 MS: 1 EraseBytes-
#840	NEW    cov: 6652 ft: 28540 corp: 253/3183Kb lim: 65536 exec/s: 420 rss: 102Mb L: 715/65536 MS: 1 InsertByte-
#867	NEW    cov: 6652 ft: 28568 corp: 254/3220Kb lim: 65536 exec/s: 289 rss: 102Mb L: 37341/65536 MS: 2 ChangeASCIIInt-EraseBytes-
#868	NEW    cov: 6652 ft: 28581 corp: 255/3242Kb lim: 65536 exec/s: 289 rss: 103Mb L: 22668/65536 MS: 1 ChangeBinInt-
#869	NEW    cov: 6652 ft: 28589 corp: 256/3248Kb lim: 65536 exec/s: 289 rss: 103Mb L: 5806/65536 MS: 1 EraseBytes-
#882	NEW    cov: 6652 ft: 28595 corp: 257/3255Kb lim: 65536 exec/s: 294 rss: 103Mb L: 7005/65536 MS: 3 PersAutoDict-ShuffleBytes-CrossOver- DE: "\014\000\000\000"-
#883	NEW    cov: 6652 ft: 28701 corp: 258/3264Kb lim: 65536 exec/s: 294 rss: 103Mb L: 9204/65536 MS: 1 ChangeByte-
#884	NEW    cov: 6652 ft: 28728 corp: 259/3275Kb lim: 65536 exec/s: 294 rss: 103Mb L: 11621/65536 MS: 1 EraseBytes-
#890	NEW    cov: 6652 ft: 28791 corp: 260/3275Kb lim: 65536 exec/s: 296 rss: 106Mb L: 264/65536 MS: 1 PersAutoDict- DE: "\001\000\000\000\000\000\000\000"-
#899	NEW    cov: 6653 ft: 28821 corp: 261/3287Kb lim: 65536 exec/s: 299 rss: 106Mb L: 12025/65536 MS: 4 CrossOver-ChangeBinInt-InsertRepeatedBytes-CrossOver-
#904	NEW    cov: 6653 ft: 28822 corp: 262/3310Kb lim: 65536 exec/s: 301 rss: 107Mb L: 23718/65536 MS: 5 ChangeBinInt-ChangeBit-InsertRepeatedBytes-InsertByte-PersAutoDict- DE: "\007\000"-
#908	NEW    cov: 6653 ft: 28827 corp: 263/3327Kb lim: 65536 exec/s: 302 rss: 107Mb L: 17097/65536 MS: 4 InsertRepeatedBytes-EraseBytes-CopyPart-CopyPart-
#916	NEW    cov: 6653 ft: 28843 corp: 264/3335Kb lim: 65536 exec/s: 305 rss: 108Mb L: 8496/65536 MS: 3 ChangeBit-ChangeBinInt-CrossOver-
#918	NEW    cov: 6653 ft: 28851 corp: 265/3349Kb lim: 65536 exec/s: 306 rss: 108Mb L: 14236/65536 MS: 2 CopyPart-ChangeByte-
#925	NEW    cov: 6653 ft: 28852 corp: 266/3352Kb lim: 65536 exec/s: 308 rss: 108Mb L: 3033/65536 MS: 2 ChangeByte-CopyPart-
#934	NEW    cov: 6653 ft: 28875 corp: 267/3371Kb lim: 65536 exec/s: 311 rss: 108Mb L: 19244/65536 MS: 4 InsertByte-CMP-ChangeBinInt-CrossOver- DE: "www"-
#937	NEW    cov: 6659 ft: 29026 corp: 268/3377Kb lim: 65536 exec/s: 312 rss: 109Mb L: 6806/65536 MS: 3 InsertRepeatedBytes-CrossOver-CopyPart-
#944	NEW    cov: 6659 ft: 29047 corp: 269/3381Kb lim: 65536 exec/s: 314 rss: 109Mb L: 3950/65536 MS: 2 InsertRepeatedBytes-EraseBytes-
#955	NEW    cov: 6659 ft: 29048 corp: 270/3384Kb lim: 65536 exec/s: 318 rss: 109Mb L: 3058/65536 MS: 1 CMP- DE: "=\000"-
#956	NEW    cov: 6660 ft: 29049 corp: 271/3385Kb lim: 65536 exec/s: 318 rss: 109Mb L: 1223/65536 MS: 1 ChangeBinInt-
#958	REDUCE cov: 6660 ft: 29049 corp: 271/3385Kb lim: 65536 exec/s: 319 rss: 109Mb L: 2702/65536 MS: 2 ChangeASCIIInt-EraseBytes-
#960	NEW    cov: 6660 ft: 29083 corp: 272/3407Kb lim: 65536 exec/s: 320 rss: 109Mb L: 22280/65536 MS: 2 CMP-CrossOver- DE: "\377\000"-
#962	NEW    cov: 6660 ft: 29096 corp: 273/3424Kb lim: 65536 exec/s: 320 rss: 110Mb L: 17311/65536 MS: 2 PersAutoDict-CopyPart- DE: "Z\314\013\000 b\000\000"-
#964	REDUCE cov: 6662 ft: 29098 corp: 274/3424Kb lim: 65536 exec/s: 321 rss: 110Mb L: 333/65536 MS: 2 ChangeByte-CMP- DE: "ftp"-
#975	REDUCE cov: 6662 ft: 29098 corp: 274/3422Kb lim: 65536 exec/s: 325 rss: 110Mb L: 4737/65536 MS: 1 EraseBytes-
#998	NEW    cov: 6662 ft: 29115 corp: 275/3478Kb lim: 65536 exec/s: 332 rss: 111Mb L: 57842/65536 MS: 3 InsertRepeatedBytes-ChangeBinInt-CrossOver-
	NEW_FUNC[1/1]: 0x5a7e9849dfe0 in md_ascii_case_eq /home/ilia/sec/md4c/src/md4c.c:387
#1002	NEW    cov: 6748 ft: 29219 corp: 276/3527Kb lim: 65536 exec/s: 334 rss: 112Mb L: 50106/65536 MS: 4 ChangeByte-ChangeByte-InsertByte-CrossOver-
	NEW_FUNC[1/1]: 0x5a7e984c5370 in md_build_attr_append_substr /home/ilia/sec/md4c/src/md4c.c:1463
#1003	NEW    cov: 6834 ft: 29379 corp: 277/3569Kb lim: 65536 exec/s: 334 rss: 112Mb L: 43175/65536 MS: 1 CrossOver-
#1005	NEW    cov: 6835 ft: 29563 corp: 278/3592Kb lim: 65536 exec/s: 335 rss: 112Mb L: 23762/65536 MS: 2 ChangeBinInt-InsertRepeatedBytes-
#1010	NEW    cov: 6835 ft: 29567 corp: 279/3594Kb lim: 65536 exec/s: 336 rss: 113Mb L: 1466/65536 MS: 5 CMP-PersAutoDict-ShuffleBytes-ChangeByte-CopyPart- DE: "\310\336(\000\240b\000\000"-"\000\000a\360\000\005?\015"-
#1011	REDUCE cov: 6835 ft: 29573 corp: 280/3598Kb lim: 65536 exec/s: 337 rss: 113Mb L: 4738/65536 MS: 1 InsertByte-
#1018	NEW    cov: 6886 ft: 29786 corp: 281/3632Kb lim: 65536 exec/s: 339 rss: 113Mb L: 34464/65536 MS: 2 CMP-CrossOver- DE: "\377\377\377\377\377\377\377\377"-
#1023	NEW    cov: 6886 ft: 29839 corp: 282/3636Kb lim: 65536 exec/s: 341 rss: 113Mb L: 3570/65536 MS: 5 ShuffleBytes-ShuffleBytes-CopyPart-InsertByte-CopyPart-
#1024	pulse  cov: 6886 ft: 29839 corp: 282/3636Kb lim: 65536 exec/s: 341 rss: 113Mb
#1035	NEW    cov: 6886 ft: 29852 corp: 283/3700Kb lim: 65536 exec/s: 345 rss: 114Mb L: 65536/65536 MS: 2 ShuffleBytes-CopyPart-
#1039	NEW    cov: 6889 ft: 29860 corp: 284/3723Kb lim: 65536 exec/s: 346 rss: 114Mb L: 23774/65536 MS: 4 InsertRepeatedBytes-InsertByte-ChangeBit-ChangeByte-
#1071	NEW    cov: 6889 ft: 29864 corp: 285/3729Kb lim: 65536 exec/s: 357 rss: 117Mb L: 6130/65536 MS: 2 ShuffleBytes-CrossOver-
#1072	NEW    cov: 6889 ft: 29866 corp: 286/3738Kb lim: 65536 exec/s: 357 rss: 117Mb L: 9740/65536 MS: 1 InsertRepeatedBytes-
#1073	NEW    cov: 6889 ft: 29894 corp: 287/3761Kb lim: 65536 exec/s: 357 rss: 117Mb L: 22851/65536 MS: 1 CopyPart-
#1084	REDUCE cov: 6889 ft: 29894 corp: 287/3760Kb lim: 65536 exec/s: 361 rss: 118Mb L: 212/65536 MS: 1 EraseBytes-
#1089	NEW    cov: 6889 ft: 29895 corp: 288/3761Kb lim: 65536 exec/s: 363 rss: 118Mb L: 400/65536 MS: 5 PersAutoDict-InsertRepeatedBytes-ChangeBit-PersAutoDict-PersAutoDict- DE: "\036\000\000\000"-"\377\377\377\377\377\377\377\377"-"\004\000"-
#1096	NEW    cov: 6889 ft: 29932 corp: 289/3775Kb lim: 65536 exec/s: 365 rss: 118Mb L: 14771/65536 MS: 2 ShuffleBytes-CopyPart-
#1102	NEW    cov: 6889 ft: 29966 corp: 290/3775Kb lim: 65536 exec/s: 367 rss: 118Mb L: 256/65536 MS: 1 CopyPart-
#1111	NEW    cov: 6889 ft: 30044 corp: 291/3804Kb lim: 65536 exec/s: 370 rss: 120Mb L: 29536/65536 MS: 4 InsertByte-ShuffleBytes-ChangeByte-CrossOver-
#1113	NEW    cov: 6889 ft: 30045 corp: 292/3808Kb lim: 65536 exec/s: 371 rss: 120Mb L: 3347/65536 MS: 2 InsertByte-CrossOver-
#1119	NEW    cov: 6890 ft: 30046 corp: 293/3845Kb lim: 65536 exec/s: 373 rss: 120Mb L: 38679/65536 MS: 1 ChangeByte-
	NEW_FUNC[1/1]: 0x5a7e984904e0 in md_process_footnote_defs /home/ilia/sec/md4c/src/md4c.c:7095
#1127	NEW    cov: 6947 ft: 30138 corp: 294/3846Kb lim: 65536 exec/s: 375 rss: 121Mb L: 163/65536 MS: 3 PersAutoDict-PersAutoDict-CopyPart- DE: "\000\000\000\000\000\000\000\000"-"lowed"-
#1130	NEW    cov: 6947 ft: 30143 corp: 295/3859Kb lim: 65536 exec/s: 376 rss: 122Mb L: 13351/65536 MS: 3 PersAutoDict-ChangeASCIIInt-CopyPart- DE: "\004\000"-
#1132	REDUCE cov: 6947 ft: 30143 corp: 295/3857Kb lim: 65536 exec/s: 377 rss: 122Mb L: 7608/65536 MS: 2 PersAutoDict-EraseBytes- DE: "\001\000a\220\000\032\015\220"-
#1133	NEW    cov: 6947 ft: 30144 corp: 296/3880Kb lim: 65536 exec/s: 377 rss: 122Mb L: 23762/65536 MS: 1 PersAutoDict- DE: "\001\000\000\000\000\000\000\000"-
#1136	NEW    cov: 6947 ft: 30145 corp: 297/3891Kb lim: 65536 exec/s: 378 rss: 122Mb L: 11054/65536 MS: 3 ShuffleBytes-ShuffleBytes-CrossOver-
#1139	NEW    cov: 6947 ft: 30320 corp: 298/3896Kb lim: 65536 exec/s: 379 rss: 122Mb L: 4426/65536 MS: 3 CopyPart-ChangeByte-CopyPart-
#1144	REDUCE cov: 6947 ft: 30320 corp: 298/3895Kb lim: 65536 exec/s: 381 rss: 123Mb L: 8416/65536 MS: 5 InsertByte-ChangeBit-ChangeByte-ChangeBit-EraseBytes-
#1146	REDUCE cov: 6947 ft: 30320 corp: 298/3895Kb lim: 65536 exec/s: 382 rss: 123Mb L: 1565/65536 MS: 2 CrossOver-EraseBytes-
#1149	NEW    cov: 6947 ft: 30321 corp: 299/3911Kb lim: 65536 exec/s: 383 rss: 123Mb L: 16788/65536 MS: 3 ChangeByte-ChangeBit-ShuffleBytes-
#1158	NEW    cov: 6947 ft: 30545 corp: 300/3919Kb lim: 65536 exec/s: 386 rss: 123Mb L: 8619/65536 MS: 4 ChangeBinInt-CrossOver-ShuffleBytes-CrossOver-
#1159	NEW    cov: 6947 ft: 30548 corp: 301/3979Kb lim: 65536 exec/s: 386 rss: 124Mb L: 60578/65536 MS: 1 CrossOver-
#1173	NEW    cov: 6947 ft: 30572 corp: 302/4002Kb lim: 65536 exec/s: 391 rss: 124Mb L: 24380/65536 MS: 4 CrossOver-CrossOver-ChangeBit-CrossOver-
#1180	NEW    cov: 6948 ft: 30573 corp: 303/4015Kb lim: 65536 exec/s: 295 rss: 125Mb L: 13291/65536 MS: 2 CMP-ChangeByte- DE: "language-"-
#1198	NEW    cov: 6948 ft: 30577 corp: 304/4018Kb lim: 65536 exec/s: 299 rss: 125Mb L: 2230/65536 MS: 3 ChangeBit-InsertByte-CopyPart-
#1203	NEW    cov: 6950 ft: 30580 corp: 305/4018Kb lim: 65536 exec/s: 300 rss: 125Mb L: 427/65536 MS: 5 ChangeByte-InsertRepeatedBytes-ChangeBit-EraseBytes-PersAutoDict- DE: "\377\377\377\377\377\377\377\377"-
#1207	NEW    cov: 6950 ft: 30586 corp: 306/4025Kb lim: 65536 exec/s: 301 rss: 125Mb L: 7063/65536 MS: 4 PersAutoDict-ChangeBit-PersAutoDict-EraseBytes- DE: "\377\377"-"\001^"-
#1210	NEW    cov: 6950 ft: 30588 corp: 307/4039Kb lim: 65536 exec/s: 302 rss: 126Mb L: 14361/65536 MS: 3 EraseBytes-ChangeBit-CrossOver-
#1211	NEW    cov: 6952 ft: 30591 corp: 308/4041Kb lim: 65536 exec/s: 302 rss: 126Mb L: 1880/65536 MS: 1 InsertRepeatedBytes-
#1212	NEW    cov: 6952 ft: 31147 corp: 309/4068Kb lim: 65536 exec/s: 303 rss: 126Mb L: 27403/65536 MS: 1 CrossOver-
#1213	NEW    cov: 6952 ft: 31159 corp: 310/4132Kb lim: 65536 exec/s: 303 rss: 126Mb L: 65536/65536 MS: 1 ShuffleBytes-
#1214	NEW    cov: 6952 ft: 31166 corp: 311/4180Kb lim: 65536 exec/s: 303 rss: 127Mb L: 49687/65536 MS: 1 EraseBytes-
#1215	NEW    cov: 6995 ft: 31225 corp: 312/4198Kb lim: 65536 exec/s: 303 rss: 127Mb L: 18837/65536 MS: 1 PersAutoDict- DE: "\203<\024\000`b\000\000"-
	NEW_FUNC[1/1]: 0x5a7e984b0de0 in md_unicode_bsearch__ /home/ilia/sec/md4c/src/md4c.c:581
#1218	NEW    cov: 7052 ft: 31282 corp: 313/4217Kb lim: 65536 exec/s: 304 rss: 131Mb L: 19245/65536 MS: 3 ChangeBit-InsertByte-ChangeBinInt-
#1223	NEW    cov: 7052 ft: 31284 corp: 314/4231Kb lim: 65536 exec/s: 305 rss: 131Mb L: 14040/65536 MS: 5 CopyPart-PersAutoDict-ChangeASCIIInt-InsertRepeatedBytes-EraseBytes- DE: "language-"-
#1225	NEW    cov: 7067 ft: 31366 corp: 315/4231Kb lim: 65536 exec/s: 306 rss: 131Mb L: 372/65536 MS: 2 ChangeBinInt-InsertRepeatedBytes-
#1226	NEW    cov: 7067 ft: 31395 corp: 316/4257Kb lim: 65536 exec/s: 306 rss: 132Mb L: 26762/65536 MS: 1 EraseBytes-
#1250	NEW    cov: 7067 ft: 31396 corp: 317/4268Kb lim: 65536 exec/s: 312 rss: 132Mb L: 10765/65536 MS: 4 CMP-CopyPart-ShuffleBytes-CrossOver- DE: "\221\232\215\214"-
#1256	NEW    cov: 7067 ft: 31397 corp: 318/4318Kb lim: 65536 exec/s: 314 rss: 133Mb L: 51170/65536 MS: 1 CopyPart-
#1264	NEW    cov: 7067 ft: 31401 corp: 319/4338Kb lim: 65536 exec/s: 316 rss: 133Mb L: 20328/65536 MS: 3 ChangeBinInt-InsertRepeatedBytes-CopyPart-
#1282	NEW    cov: 7067 ft: 31421 corp: 320/4381Kb lim: 65536 exec/s: 320 rss: 134Mb L: 43866/65536 MS: 3 ShuffleBytes-ChangeByte-CopyPart-
#1284	REDUCE cov: 7067 ft: 31431 corp: 321/4383Kb lim: 65536 exec/s: 321 rss: 134Mb L: 2703/65536 MS: 2 ChangeBit-InsertByte-
#1286	NEW    cov: 7067 ft: 31473 corp: 322/4447Kb lim: 65536 exec/s: 321 rss: 135Mb L: 65536/65536 MS: 2 PersAutoDict-CopyPart- DE: "\007\000"-
#1304	NEW    cov: 7067 ft: 31592 corp: 323/4480Kb lim: 65536 exec/s: 326 rss: 136Mb L: 33482/65536 MS: 3 ChangeBinInt-ChangeBit-CopyPart-
#1307	NEW    cov: 7067 ft: 31612 corp: 324/4480Kb lim: 65536 exec/s: 326 rss: 136Mb L: 165/65536 MS: 3 ChangeByte-CrossOver-CrossOver-
#1309	NEW    cov: 7067 ft: 31689 corp: 325/4481Kb lim: 65536 exec/s: 327 rss: 136Mb L: 751/65536 MS: 2 ShuffleBytes-PersAutoDict- DE: "Z\314\013\000 b\000\000"-
#1310	NEW    cov: 7068 ft: 31690 corp: 326/4486Kb lim: 65536 exec/s: 327 rss: 136Mb L: 5098/65536 MS: 1 EraseBytes-
#1315	NEW    cov: 7068 ft: 31699 corp: 327/4494Kb lim: 65536 exec/s: 328 rss: 136Mb L: 8208/65536 MS: 5 ChangeBinInt-InsertRepeatedBytes-InsertRepeatedBytes-ShuffleBytes-EraseBytes-
#1316	NEW    cov: 7068 ft: 31823 corp: 328/4494Kb lim: 65536 exec/s: 329 rss: 136Mb L: 133/65536 MS: 1 EraseBytes-
#1326	NEW    cov: 7118 ft: 31888 corp: 329/4550Kb lim: 65536 exec/s: 331 rss: 138Mb L: 57857/65536 MS: 5 PersAutoDict-CMP-ShuffleBytes-ChangeBit-PersAutoDict- DE: ".\000"-"<nd doubl"-"lock"-
#1331	REDUCE cov: 7118 ft: 31888 corp: 329/4550Kb lim: 65536 exec/s: 332 rss: 138Mb L: 2335/65536 MS: 5 PersAutoDict-PersAutoDict-ChangeByte-PersAutoDict-EraseBytes- DE: "\000\000\000\000\000\000\000\000"-"exampl.ex"-"\000\000\000\000\000\000\000\000"-
#1351	NEW    cov: 7122 ft: 31893 corp: 330/4555Kb lim: 65536 exec/s: 337 rss: 138Mb L: 5062/65536 MS: 5 ChangeASCIIInt-ChangeByte-ChangeByte-CopyPart-CopyPart-
#1357	NEW    cov: 7129 ft: 31905 corp: 331/4583Kb lim: 65536 exec/s: 339 rss: 140Mb L: 28454/65536 MS: 1 CrossOver-
#1359	NEW    cov: 7129 ft: 31927 corp: 332/4621Kb lim: 65536 exec/s: 339 rss: 140Mb L: 38990/65536 MS: 2 ShuffleBytes-InsertByte-
#1363	NEW    cov: 7129 ft: 31928 corp: 333/4628Kb lim: 65536 exec/s: 340 rss: 140Mb L: 7341/65536 MS: 4 InsertByte-CrossOver-InsertRepeatedBytes-CopyPart-
#1373	NEW    cov: 7130 ft: 31929 corp: 334/4629Kb lim: 65536 exec/s: 343 rss: 141Mb L: 352/65536 MS: 5 PersAutoDict-InsertRepeatedBytes-ChangeBinInt-ShuffleBytes-CopyPart- DE: "language-"-
#1379	NEW    cov: 7130 ft: 31932 corp: 335/4651Kb lim: 65536 exec/s: 344 rss: 141Mb L: 22668/65536 MS: 1 PersAutoDict- DE: "\036\000\000\000"-
#1387	NEW    cov: 7130 ft: 31934 corp: 336/4677Kb lim: 65536 exec/s: 346 rss: 141Mb L: 27379/65536 MS: 3 CrossOver-ChangeASCIIInt-CMP- DE: "\001\000\000\000\000\000\000\000"-
#1395	NEW    cov: 7130 ft: 31967 corp: 337/4678Kb lim: 65536 exec/s: 348 rss: 142Mb L: 632/65536 MS: 3 CopyPart-PersAutoDict-CopyPart- DE: "ftp"-
#1397	NEW    cov: 7130 ft: 31975 corp: 338/4688Kb lim: 65536 exec/s: 349 rss: 142Mb L: 10046/65536 MS: 2 ChangeBit-EraseBytes-
#1398	NEW    cov: 7131 ft: 31978 corp: 339/4705Kb lim: 65536 exec/s: 349 rss: 142Mb L: 17522/65536 MS: 1 CrossOver-
#1422	NEW    cov: 7131 ft: 32030 corp: 340/4744Kb lim: 65536 exec/s: 355 rss: 143Mb L: 39756/65536 MS: 4 ChangeBit-CMP-ChangeASCIIInt-EraseBytes- DE: "<https://"-
#1426	NEW    cov: 7131 ft: 32031 corp: 341/4745Kb lim: 65536 exec/s: 356 rss: 144Mb L: 978/65536 MS: 4 ShuffleBytes-ChangeByte-ShuffleBytes-CrossOver-
#1437	NEW    cov: 7134 ft: 32117 corp: 342/4750Kb lim: 65536 exec/s: 359 rss: 144Mb L: 5510/65536 MS: 1 CrossOver-
#1445	NEW    cov: 7134 ft: 32118 corp: 343/4780Kb lim: 65536 exec/s: 361 rss: 145Mb L: 30681/65536 MS: 3 ShuffleBytes-CMP-CopyPart- DE: "7\031=\000\240b\000\000"-
#1449	NEW    cov: 7134 ft: 32153 corp: 344/4791Kb lim: 65536 exec/s: 362 rss: 145Mb L: 10951/65536 MS: 4 InsertRepeatedBytes-PersAutoDict-ChangeBit-CopyPart- DE: "Z\314\013\000 b\000\000"-
#1455	NEW    cov: 7134 ft: 32176 corp: 345/4831Kb lim: 65536 exec/s: 291 rss: 145Mb L: 40953/65536 MS: 1 EraseBytes-
#1458	NEW    cov: 7134 ft: 32178 corp: 346/4839Kb lim: 65536 exec/s: 291 rss: 146Mb L: 8118/65536 MS: 3 ChangeBinInt-ChangeByte-CrossOver-
#1461	NEW    cov: 7134 ft: 32219 corp: 347/4856Kb lim: 65536 exec/s: 292 rss: 146Mb L: 17299/65536 MS: 3 InsertByte-CMP-EraseBytes- DE: "/\000\000\000"-
#1478	NEW    cov: 7134 ft: 32220 corp: 348/4868Kb lim: 65536 exec/s: 295 rss: 147Mb L: 12354/65536 MS: 2 ChangeBinInt-InsertByte-
#1479	NEW    cov: 7171 ft: 32259 corp: 349/4890Kb lim: 65536 exec/s: 295 rss: 147Mb L: 22999/65536 MS: 1 CrossOver-
#1491	NEW    cov: 7171 ft: 32260 corp: 350/4897Kb lim: 65536 exec/s: 298 rss: 151Mb L: 7267/65536 MS: 2 InsertByte-PersAutoDict- DE: "\001\000\000\013"-
#1502	REDUCE cov: 7171 ft: 32277 corp: 351/4909Kb lim: 65536 exec/s: 300 rss: 151Mb L: 12105/65536 MS: 1 CrossOver-
#1504	NEW    cov: 7171 ft: 32293 corp: 352/4972Kb lim: 65536 exec/s: 300 rss: 151Mb L: 64139/65536 MS: 2 PersAutoDict-CrossOver- DE: "lock"-
#1511	NEW    cov: 7171 ft: 32294 corp: 353/4974Kb lim: 65536 exec/s: 302 rss: 152Mb L: 2451/65536 MS: 2 ShuffleBytes-EraseBytes-
#1519	NEW    cov: 7171 ft: 32298 corp: 354/4978Kb lim: 65536 exec/s: 303 rss: 152Mb L: 3518/65536 MS: 3 ShuffleBytes-ChangeByte-ChangeBit-
#1524	NEW    cov: 7171 ft: 32319 corp: 355/4984Kb lim: 65536 exec/s: 304 rss: 152Mb L: 6380/65536 MS: 5 CopyPart-ChangeBinInt-ChangeASCIIInt-ChangeASCIIInt-ChangeBinInt-
#1525	NEW    cov: 7171 ft: 32347 corp: 356/5048Kb lim: 65536 exec/s: 305 rss: 153Mb L: 65536/65536 MS: 1 CopyPart-
#1526	NEW    cov: 7171 ft: 32364 corp: 357/5111Kb lim: 65536 exec/s: 305 rss: 153Mb L: 64478/65536 MS: 1 CopyPart-
#1528	REDUCE cov: 7171 ft: 32364 corp: 357/5110Kb lim: 65536 exec/s: 305 rss: 154Mb L: 7731/65536 MS: 2 ChangeBinInt-EraseBytes-
#1552	NEW    cov: 7171 ft: 32425 corp: 358/5121Kb lim: 65536 exec/s: 310 rss: 155Mb L: 11143/65536 MS: 4 CrossOver-InsertByte-ChangeBit-ChangeByte-
#1553	NEW    cov: 7171 ft: 32447 corp: 359/5176Kb lim: 65536 exec/s: 310 rss: 155Mb L: 56409/65536 MS: 1 CrossOver-
#1554	NEW    cov: 7171 ft: 32457 corp: 360/5240Kb lim: 65536 exec/s: 310 rss: 156Mb L: 65536/65536 MS: 1 PersAutoDict- DE: "/\000\000\000"-
#1557	NEW    cov: 7171 ft: 32465 corp: 361/5251Kb lim: 65536 exec/s: 311 rss: 156Mb L: 11259/65536 MS: 3 EraseBytes-ChangeBit-InsertByte-
#1558	REDUCE cov: 7171 ft: 32465 corp: 361/5251Kb lim: 65536 exec/s: 311 rss: 156Mb L: 272/65536 MS: 1 EraseBytes-
#1559	NEW    cov: 7171 ft: 32468 corp: 362/5265Kb lim: 65536 exec/s: 311 rss: 156Mb L: 14289/65536 MS: 1 InsertByte-
#1560	NEW    cov: 7171 ft: 32478 corp: 363/5276Kb lim: 65536 exec/s: 312 rss: 156Mb L: 11216/65536 MS: 1 CMP- DE: "nes"-
#1561	NEW    cov: 7173 ft: 32493 corp: 364/5321Kb lim: 65536 exec/s: 312 rss: 157Mb L: 46255/65536 MS: 1 CrossOver-
#1562	NEW    cov: 7173 ft: 32534 corp: 365/5342Kb lim: 65536 exec/s: 312 rss: 157Mb L: 20636/65536 MS: 1 EraseBytes-
#1564	NEW    cov: 7173 ft: 32548 corp: 366/5355Kb lim: 65536 exec/s: 312 rss: 157Mb L: 14289/65536 MS: 2 ChangeBinInt-CopyPart-
#1565	NEW    cov: 7173 ft: 32555 corp: 367/5356Kb lim: 65536 exec/s: 313 rss: 157Mb L: 793/65536 MS: 1 EraseBytes-
#1567	NEW    cov: 7173 ft: 32564 corp: 368/5373Kb lim: 65536 exec/s: 313 rss: 157Mb L: 16790/65536 MS: 2 CMP-CrossOver- DE: "\015\000"-
#1570	NEW    cov: 7173 ft: 32565 corp: 369/5376Kb lim: 65536 exec/s: 314 rss: 158Mb L: 3368/65536 MS: 3 CMP-InsertRepeatedBytes-PersAutoDict- DE: "\000\000\177\376\266g\275\330"-"\001\000a\220\000\032\015\220"-
#1578	NEW    cov: 7173 ft: 32575 corp: 370/5399Kb lim: 65536 exec/s: 315 rss: 158Mb L: 23327/65536 MS: 3 ChangeByte-ChangeByte-CrossOver-
#1587	NEW    cov: 7250 ft: 32666 corp: 371/5414Kb lim: 65536 exec/s: 317 rss: 158Mb L: 15642/65536 MS: 4 InsertByte-EraseBytes-ChangeASCIIInt-ChangeBit-
#1598	NEW    cov: 7250 ft: 32667 corp: 372/5418Kb lim: 65536 exec/s: 319 rss: 159Mb L: 4051/65536 MS: 1 CrossOver-
#1602	NEW    cov: 7250 ft: 32682 corp: 373/5422Kb lim: 65536 exec/s: 320 rss: 159Mb L: 4406/65536 MS: 4 ChangeBinInt-CopyPart-InsertByte-CrossOver-
#1605	REDUCE cov: 7250 ft: 32682 corp: 373/5422Kb lim: 65536 exec/s: 321 rss: 159Mb L: 161/65536 MS: 3 ChangeByte-PersAutoDict-EraseBytes- DE: "\310\336(\000\240b\000\000"-
#1606	NEW    cov: 7250 ft: 32696 corp: 374/5484Kb lim: 65536 exec/s: 321 rss: 159Mb L: 63019/65536 MS: 1 EraseBytes-
#1609	NEW    cov: 7250 ft: 32698 corp: 375/5490Kb lim: 65536 exec/s: 321 rss: 160Mb L: 6486/65536 MS: 3 InsertRepeatedBytes-ChangeBit-InsertByte-
#1618	NEW    cov: 7251 ft: 32699 corp: 376/5491Kb lim: 65536 exec/s: 323 rss: 160Mb L: 1055/65536 MS: 4 CopyPart-CMP-ChangeBinInt-CMP- DE: "\001\000\000\000\000\000\000\000"-"\015\000\000\000"-
#1621	NEW    cov: 7251 ft: 32711 corp: 377/5504Kb lim: 65536 exec/s: 324 rss: 160Mb L: 13034/65536 MS: 3 CrossOver-InsertByte-ShuffleBytes-
#1633	NEW    cov: 7251 ft: 32724 corp: 378/5548Kb lim: 65536 exec/s: 326 rss: 161Mb L: 45047/65536 MS: 2 ChangeByte-CrossOver-
#1638	NEW    cov: 7251 ft: 32727 corp: 379/5559Kb lim: 65536 exec/s: 327 rss: 161Mb L: 11887/65536 MS: 5 ShuffleBytes-CMP-CrossOver-ChangeASCIIInt-CrossOver- DE: "gle"-
#1640	NEW    cov: 7251 ft: 32728 corp: 380/5564Kb lim: 65536 exec/s: 328 rss: 161Mb L: 5063/65536 MS: 2 ChangeBit-InsertByte-
#1653	NEW    cov: 7251 ft: 32732 corp: 381/5586Kb lim: 65536 exec/s: 330 rss: 162Mb L: 22028/65536 MS: 3 ShuffleBytes-EraseBytes-CrossOver-
#1654	NEW    cov: 7256 ft: 32737 corp: 382/5586Kb lim: 65536 exec/s: 330 rss: 162Mb L: 372/65536 MS: 1 CopyPart-
#1657	NEW    cov: 7256 ft: 32738 corp: 383/5606Kb lim: 65536 exec/s: 331 rss: 162Mb L: 20587/65536 MS: 3 ChangeBit-CrossOver-PersAutoDict- DE: "\001\000a\220\000\032\015\220"-
#1659	NEW    cov: 7256 ft: 32744 corp: 384/5630Kb lim: 65536 exec/s: 331 rss: 163Mb L: 23795/65536 MS: 2 InsertRepeatedBytes-CrossOver-
#1660	NEW    cov: 7256 ft: 32748 corp: 385/5651Kb lim: 65536 exec/s: 332 rss: 163Mb L: 22280/65536 MS: 1 CrossOver-
#1669	NEW    cov: 7273 ft: 32878 corp: 386/5715Kb lim: 65536 exec/s: 333 rss: 164Mb L: 65536/65536 MS: 4 ShuffleBytes-ChangeByte-ChangeBit-ChangeBinInt-
#1670	NEW    cov: 7273 ft: 32893 corp: 387/5737Kb lim: 65536 exec/s: 334 rss: 164Mb L: 22470/65536 MS: 1 CrossOver-
#1683	REDUCE cov: 7273 ft: 32893 corp: 387/5736Kb lim: 65536 exec/s: 336 rss: 165Mb L: 18069/65536 MS: 3 ShuffleBytes-InsertRepeatedBytes-EraseBytes-
#1686	NEW    cov: 7273 ft: 32907 corp: 388/5785Kb lim: 65536 exec/s: 281 rss: 166Mb L: 50064/65536 MS: 3 ShuffleBytes-ChangeBit-CopyPart-
#1693	NEW    cov: 7274 ft: 32935 corp: 389/5785Kb lim: 65536 exec/s: 282 rss: 166Mb L: 257/65536 MS: 2 InsertByte-CrossOver-
#1695	NEW    cov: 7274 ft: 32936 corp: 390/5808Kb lim: 65536 exec/s: 282 rss: 166Mb L: 23501/65536 MS: 2 ChangeBit-CrossOver-
#1696	NEW    cov: 7285 ft: 32952 corp: 391/5816Kb lim: 65536 exec/s: 282 rss: 166Mb L: 8217/65536 MS: 1 InsertRepeatedBytes-
#1698	NEW    cov: 7285 ft: 32974 corp: 392/5817Kb lim: 65536 exec/s: 283 rss: 166Mb L: 836/65536 MS: 2 ChangeASCIIInt-InsertRepeatedBytes-
#1710	NEW    cov: 7290 ft: 33065 corp: 393/5819Kb lim: 65536 exec/s: 285 rss: 167Mb L: 1742/65536 MS: 2 ChangeByte-CrossOver-
#1727	NEW    cov: 7290 ft: 33083 corp: 394/5858Kb lim: 65536 exec/s: 287 rss: 171Mb L: 39809/65536 MS: 2 InsertRepeatedBytes-CrossOver-
#1729	REDUCE cov: 7293 ft: 33090 corp: 395/5858Kb lim: 65536 exec/s: 288 rss: 171Mb L: 163/65536 MS: 2 InsertByte-InsertByte-
#1738	NEW    cov: 7294 ft: 33097 corp: 396/5875Kb lim: 65536 exec/s: 289 rss: 172Mb L: 17587/65536 MS: 4 CopyPart-InsertRepeatedBytes-ChangeBinInt-CopyPart-
#1741	NEW    cov: 7294 ft: 33098 corp: 397/5876Kb lim: 65536 exec/s: 290 rss: 172Mb L: 1024/65536 MS: 3 ChangeBinInt-EraseBytes-CMP- DE: "\000\000a\220\0002\201N"-
#1745	NEW    cov: 7294 ft: 33119 corp: 398/5879Kb lim: 65536 exec/s: 290 rss: 172Mb L: 3381/65536 MS: 4 InsertByte-PersAutoDict-ChangeASCIIInt-CopyPart- DE: "\377\377"-
#1761	NEW    cov: 7298 ft: 33183 corp: 399/5884Kb lim: 65536 exec/s: 293 rss: 173Mb L: 4426/65536 MS: 1 ChangeBit-
#1763	NEW    cov: 7298 ft: 33200 corp: 400/5885Kb lim: 65536 exec/s: 293 rss: 173Mb L: 1400/65536 MS: 2 EraseBytes-PersAutoDict- DE: " \000"-
#1771	NEW    cov: 7298 ft: 33212 corp: 401/5897Kb lim: 65536 exec/s: 295 rss: 173Mb L: 11968/65536 MS: 3 CrossOver-InsertByte-CopyPart-
#1778	NEW    cov: 7298 ft: 33283 corp: 402/5925Kb lim: 65536 exec/s: 296 rss: 173Mb L: 28798/65536 MS: 2 ShuffleBytes-CopyPart-
#1780	NEW    cov: 7298 ft: 33295 corp: 403/5946Kb lim: 65536 exec/s: 296 rss: 174Mb L: 21604/65536 MS: 2 ChangeBinInt-CrossOver-
#1786	REDUCE cov: 7298 ft: 33295 corp: 403/5942Kb lim: 65536 exec/s: 297 rss: 174Mb L: 14188/65536 MS: 1 EraseBytes-
#1802	NEW    cov: 7298 ft: 33519 corp: 404/6006Kb lim: 65536 exec/s: 300 rss: 175Mb L: 65536/65536 MS: 1 CopyPart-
#1804	NEW    cov: 7298 ft: 33520 corp: 405/6057Kb lim: 65536 exec/s: 300 rss: 176Mb L: 51873/65536 MS: 2 PersAutoDict-EraseBytes- DE: "lock"-
#1806	NEW    cov: 7298 ft: 33580 corp: 406/6120Kb lim: 65536 exec/s: 301 rss: 176Mb L: 64478/65536 MS: 2 ChangeASCIIInt-CopyPart-
#1809	NEW    cov: 7299 ft: 33581 corp: 407/6122Kb lim: 65536 exec/s: 301 rss: 176Mb L: 2055/65536 MS: 3 CMP-ChangeByte-ChangeBinInt- DE: "www"-
#1819	NEW    cov: 7299 ft: 33629 corp: 408/6125Kb lim: 65536 exec/s: 303 rss: 177Mb L: 2979/65536 MS: 5 EraseBytes-PersAutoDict-PersAutoDict-ChangeASCIIInt-CopyPart- DE: "7\031=\000\240b\000\000"-"\010\000"-
#1826	NEW    cov: 7299 ft: 33633 corp: 409/6131Kb lim: 65536 exec/s: 304 rss: 177Mb L: 6894/65536 MS: 2 InsertRepeatedBytes-InsertByte-
#1836	NEW    cov: 7299 ft: 33634 corp: 410/6136Kb lim: 65536 exec/s: 306 rss: 177Mb L: 4657/65536 MS: 5 ChangeASCIIInt-CopyPart-ChangeByte-ChangeASCIIInt-EraseBytes-
#1847	NEW    cov: 7299 ft: 33699 corp: 411/6142Kb lim: 65536 exec/s: 307 rss: 178Mb L: 6775/65536 MS: 1 EraseBytes-
#1851	NEW    cov: 7301 ft: 33715 corp: 412/6206Kb lim: 65536 exec/s: 308 rss: 179Mb L: 65536/65536 MS: 4 ShuffleBytes-ChangeBit-ShuffleBytes-CopyPart-
#1856	NEW    cov: 7301 ft: 33718 corp: 413/6226Kb lim: 65536 exec/s: 309 rss: 179Mb L: 19769/65536 MS: 5 ChangeBit-ShuffleBytes-ChangeByte-CopyPart-PersAutoDict- DE: "\000\000\177\376\266g\275\330"-
#1861	NEW    cov: 7308 ft: 33756 corp: 414/6232Kb lim: 65536 exec/s: 310 rss: 179Mb L: 6373/65536 MS: 5 ChangeASCIIInt-PersAutoDict-ChangeBit-ChangeByte-InsertByte- DE: "\221\232\215\214"-
#1878	NEW    cov: 7309 ft: 33757 corp: 415/6254Kb lim: 65536 exec/s: 313 rss: 180Mb L: 22851/65536 MS: 2 ChangeByte-ChangeBit-
#1885	REDUCE cov: 7309 ft: 33758 corp: 416/6257Kb lim: 65536 exec/s: 314 rss: 180Mb L: 3020/65536 MS: 2 CrossOver-CopyPart-
#1888	NEW    cov: 7309 ft: 33771 corp: 417/6276Kb lim: 65536 exec/s: 314 rss: 180Mb L: 18907/65536 MS: 3 InsertRepeatedBytes-ChangeASCIIInt-PersAutoDict- DE: "\000\000\000\000\000\000\000\000"-
#1906	NEW    cov: 7309 ft: 33800 corp: 418/6276Kb lim: 65536 exec/s: 317 rss: 181Mb L: 479/65536 MS: 3 ChangeByte-CopyPart-CrossOver-
#1907	NEW    cov: 7309 ft: 33854 corp: 419/6286Kb lim: 65536 exec/s: 317 rss: 181Mb L: 9846/65536 MS: 1 CrossOver-
#1928	REDUCE cov: 7309 ft: 33859 corp: 420/6286Kb lim: 65536 exec/s: 321 rss: 181Mb L: 492/65536 MS: 1 EraseBytes-
#1934	NEW    cov: 7309 ft: 33863 corp: 421/6303Kb lim: 65536 exec/s: 322 rss: 182Mb L: 17352/65536 MS: 1 CrossOver-
#1937	NEW    cov: 7309 ft: 33950 corp: 422/6342Kb lim: 65536 exec/s: 322 rss: 182Mb L: 39810/65536 MS: 3 ChangeByte-ChangeByte-CrossOver-
#1956	NEW    cov: 7309 ft: 33975 corp: 423/6348Kb lim: 65536 exec/s: 326 rss: 182Mb L: 5753/65536 MS: 4 ChangeByte-CMP-CrossOver-CrossOver- DE: "\001\000\177\376\266g\275\330"-
#1966	NEW    cov: 7314 ft: 33985 corp: 424/6348Kb lim: 65536 exec/s: 327 rss: 183Mb L: 756/65536 MS: 5 InsertByte-ChangeBinInt-ShuffleBytes-PersAutoDict-CMP- DE: "\015\000\000\000"-"\000\000\000\024"-
#1967	NEW    cov: 7314 ft: 34004 corp: 425/6369Kb lim: 65536 exec/s: 327 rss: 183Mb L: 20611/65536 MS: 1 CMP- DE: "&ouml;"-
#1970	NEW    cov: 7316 ft: 34010 corp: 426/6412Kb lim: 65536 exec/s: 281 rss: 184Mb L: 44437/65536 MS: 3 EraseBytes-ShuffleBytes-EraseBytes-
#1980	NEW    cov: 7316 ft: 34015 corp: 427/6445Kb lim: 65536 exec/s: 282 rss: 184Mb L: 33484/65536 MS: 5 InsertByte-ChangeASCIIInt-CopyPart-PersAutoDict-InsertByte- DE: "\000\000\000\024"-
#1993	NEW    cov: 7316 ft: 34025 corp: 428/6449Kb lim: 65536 exec/s: 284 rss: 185Mb L: 4857/65536 MS: 3 CopyPart-ChangeASCIIInt-CrossOver-
#2000	NEW    cov: 7316 ft: 34089 corp: 429/6477Kb lim: 65536 exec/s: 285 rss: 185Mb L: 27801/65536 MS: 2 InsertByte-CrossOver-
#2004	NEW    cov: 7316 ft: 34090 corp: 430/6481Kb lim: 65536 exec/s: 286 rss: 185Mb L: 4164/65536 MS: 4 ShuffleBytes-InsertRepeatedBytes-PersAutoDict-CopyPart- DE: "\001\000\000\013"-
#2005	REDUCE cov: 7316 ft: 34100 corp: 431/6481Kb lim: 65536 exec/s: 286 rss: 185Mb L: 741/65536 MS: 1 ChangeBit-
#2011	NEW    cov: 7316 ft: 34101 corp: 432/6484Kb lim: 65536 exec/s: 287 rss: 186Mb L: 2840/65536 MS: 1 CopyPart-
#2016	REDUCE cov: 7316 ft: 34101 corp: 432/6484Kb lim: 65536 exec/s: 288 rss: 186Mb L: 4277/65536 MS: 5 ChangeByte-ShuffleBytes-ShuffleBytes-InsertRepeatedBytes-EraseBytes-
#2022	NEW    cov: 7316 ft: 34109 corp: 433/6507Kb lim: 65536 exec/s: 288 rss: 189Mb L: 23718/65536 MS: 1 CrossOver-
#2028	NEW    cov: 7316 ft: 34110 corp: 434/6570Kb lim: 65536 exec/s: 289 rss: 189Mb L: 64478/65536 MS: 1 CrossOver-
	NEW_FUNC[1/1]: 0x5a7e984fd330 in md_split_emph_mark /home/ilia/sec/md4c/src/md4c.c:4147
#2038	NEW    cov: 7356 ft: 34152 corp: 435/6634Kb lim: 65536 exec/s: 291 rss: 191Mb L: 65536/65536 MS: 5 ChangeBit-ChangeBinInt-ChangeASCIIInt-ShuffleBytes-CrossOver-
#2048	pulse  cov: 7356 ft: 34160 corp: 435/6634Kb lim: 65536 exec/s: 292 rss: 191Mb
#2048	NEW    cov: 7356 ft: 34160 corp: 436/6639Kb lim: 65536 exec/s: 292 rss: 191Mb L: 4956/65536 MS: 5 CrossOver-ChangeBit-CrossOver-ChangeBinInt-EraseBytes-
#2052	REDUCE cov: 7356 ft: 34160 corp: 436/6639Kb lim: 65536 exec/s: 293 rss: 191Mb L: 1706/65536 MS: 4 InsertRepeatedBytes-ChangeASCIIInt-InsertRepeatedBytes-EraseBytes-
#2055	NEW    cov: 7356 ft: 34162 corp: 437/6663Kb lim: 65536 exec/s: 293 rss: 192Mb L: 24170/65536 MS: 3 ChangeBit-CrossOver-CMP- DE: "\001\000\000\000\000\000\000\000"-
#2059	NEW    cov: 7356 ft: 34213 corp: 438/6680Kb lim: 65536 exec/s: 294 rss: 192Mb L: 17866/65536 MS: 4 CopyPart-ChangeByte-ChangeBit-EraseBytes-
#2065	NEW    cov: 7356 ft: 34214 corp: 439/6680Kb lim: 65536 exec/s: 295 rss: 193Mb L: 368/65536 MS: 1 EraseBytes-
#2080	NEW    cov: 7356 ft: 34219 corp: 440/6683Kb lim: 65536 exec/s: 297 rss: 193Mb L: 2839/65536 MS: 5 ChangeASCIIInt-ChangeASCIIInt-CMP-ChangeBit-ChangeBinInt- DE: "\000\000a\340\000M\363_"-
#2093	NEW    cov: 7356 ft: 34236 corp: 441/6683Kb lim: 65536 exec/s: 299 rss: 193Mb L: 328/65536 MS: 3 InsertRepeatedBytes-ChangeBinInt-CrossOver-
#2094	REDUCE cov: 7356 ft: 34236 corp: 441/6683Kb lim: 65536 exec/s: 299 rss: 193Mb L: 192/65536 MS: 1 EraseBytes-
#2112	REDUCE cov: 7356 ft: 34236 corp: 441/6683Kb lim: 65536 exec/s: 301 rss: 194Mb L: 4239/65536 MS: 3 CopyPart-ShuffleBytes-EraseBytes-
#2125	NEW    cov: 7356 ft: 34255 corp: 442/6692Kb lim: 65536 exec/s: 303 rss: 194Mb L: 9846/65536 MS: 3 ShuffleBytes-ChangeByte-CMP- DE: "ngs]"-
#2132	NEW    cov: 7356 ft: 34270 corp: 443/6751Kb lim: 65536 exec/s: 304 rss: 195Mb L: 60578/65536 MS: 2 ChangeByte-CopyPart-
#2142	REDUCE cov: 7356 ft: 34270 corp: 443/6742Kb lim: 65536 exec/s: 306 rss: 196Mb L: 13872/65536 MS: 5 PersAutoDict-InsertRepeatedBytes-ChangeByte-InsertByte-EraseBytes- DE: "\001^"-
#2157	NEW    cov: 7356 ft: 34283 corp: 444/6743Kb lim: 65536 exec/s: 308 rss: 196Mb L: 1371/65536 MS: 5 PersAutoDict-EraseBytes-ChangeBit-CopyPart-InsertByte- DE: "\000\000ap\000\001\306\267"-
#2171	REDUCE cov: 7356 ft: 34283 corp: 444/6742Kb lim: 65536 exec/s: 310 rss: 197Mb L: 1991/65536 MS: 4 PersAutoDict-ChangeBinInt-ShuffleBytes-EraseBytes- DE: "\310\336(\000\240b\000\000"-
#2179	NEW    cov: 7356 ft: 34308 corp: 445/6802Kb lim: 65536 exec/s: 311 rss: 198Mb L: 61129/65536 MS: 3 InsertRepeatedBytes-CopyPart-CopyPart-
#2186	NEW    cov: 7378 ft: 34347 corp: 446/6805Kb lim: 65536 exec/s: 312 rss: 198Mb L: 3124/65536 MS: 2 InsertRepeatedBytes-CMP- DE: "<![CDATA["-
#2201	NEW    cov: 7378 ft: 34386 corp: 447/6828Kb lim: 65536 exec/s: 314 rss: 200Mb L: 23001/65536 MS: 5 ChangeBit-InsertByte-ChangeBit-InsertByte-CopyPart-
#2211	REDUCE cov: 7380 ft: 34391 corp: 448/6858Kb lim: 65536 exec/s: 315 rss: 200Mb L: 30626/65536 MS: 5 CrossOver-CMP-InsertByte-CMP-CrossOver- DE: "\274\363\006\000\020a\000\000"-"]]>"-
#2215	NEW    cov: 7380 ft: 34395 corp: 449/6866Kb lim: 65536 exec/s: 316 rss: 200Mb L: 8449/65536 MS: 4 InsertRepeatedBytes-ChangeBit-PersAutoDict-EraseBytes- DE: "\221\232\215\214"-
#2220	REDUCE cov: 7380 ft: 34402 corp: 450/6873Kb lim: 65536 exec/s: 317 rss: 201Mb L: 7792/65536 MS: 5 CMP-InsertByte-ChangeByte-EraseBytes-CopyPart- DE: "&gt;"-
#2225	NEW    cov: 7380 ft: 34408 corp: 451/6887Kb lim: 65536 exec/s: 317 rss: 201Mb L: 13700/65536 MS: 5 CrossOver-CopyPart-ChangeByte-ChangeASCIIInt-CopyPart-
#2227	NEW    cov: 7380 ft: 34415 corp: 452/6896Kb lim: 65536 exec/s: 318 rss: 201Mb L: 9015/65536 MS: 2 EraseBytes-CrossOver-
#2241	REDUCE cov: 7380 ft: 34415 corp: 452/6895Kb lim: 65536 exec/s: 320 rss: 201Mb L: 449/65536 MS: 4 ShuffleBytes-InsertByte-ChangeBinInt-EraseBytes-
#2245	NEW    cov: 7381 ft: 34416 corp: 453/6896Kb lim: 65536 exec/s: 320 rss: 201Mb L: 263/65536 MS: 4 ChangeBit-CMP-ShuffleBytes-PersAutoDict- DE: "\377\377\377\034"-"\015\000"-
#2251	REDUCE cov: 7381 ft: 34416 corp: 453/6896Kb lim: 65536 exec/s: 281 rss: 201Mb L: 143/65536 MS: 1 EraseBytes-
#2260	NEW    cov: 7382 ft: 34426 corp: 454/6896Kb lim: 65536 exec/s: 282 rss: 202Mb L: 619/65536 MS: 4 ChangeByte-CrossOver-CrossOver-CMP- DE: "\377\377``\000\031y\271"-
#2263	NEW    cov: 7391 ft: 34447 corp: 455/6904Kb lim: 65536 exec/s: 282 rss: 202Mb L: 8449/65536 MS: 3 ShuffleBytes-ChangeBit-PersAutoDict- DE: "\000\000a\340\000M\363_"-
#2276	NEW    cov: 7391 ft: 34523 corp: 456/6943Kb lim: 65536 exec/s: 284 rss: 203Mb L: 39625/65536 MS: 3 InsertRepeatedBytes-ChangeBinInt-CopyPart-
#2280	REDUCE cov: 7391 ft: 34523 corp: 456/6943Kb lim: 65536 exec/s: 285 rss: 203Mb L: 716/65536 MS: 4 CMP-PersAutoDict-CMP-EraseBytes- DE: "\377\021"-"\000\000\000\024"-"\004\000"-
#2287	REDUCE cov: 7391 ft: 34523 corp: 456/6942Kb lim: 65536 exec/s: 285 rss: 203Mb L: 7027/65536 MS: 2 ChangeByte-EraseBytes-
#2289	NEW    cov: 7391 ft: 34532 corp: 457/6948Kb lim: 65536 exec/s: 286 rss: 203Mb L: 5535/65536 MS: 2 InsertByte-PersAutoDict- DE: "<nd doubl"-
#2295	NEW    cov: 7391 ft: 34543 corp: 458/6959Kb lim: 65536 exec/s: 286 rss: 204Mb L: 11685/65536 MS: 1 InsertRepeatedBytes-
#2304	NEW    cov: 7391 ft: 34550 corp: 459/6974Kb lim: 65536 exec/s: 288 rss: 204Mb L: 15584/65536 MS: 4 ChangeBit-ChangeByte-InsertByte-CopyPart-
#2305	NEW    cov: 7391 ft: 34566 corp: 460/6983Kb lim: 65536 exec/s: 288 rss: 207Mb L: 9158/65536 MS: 1 CMP- DE: "\330}+\000\200b\000\000"-
#2311	NEW    cov: 7391 ft: 34568 corp: 461/7003Kb lim: 65536 exec/s: 288 rss: 207Mb L: 19996/65536 MS: 1 CrossOver-
#2320	NEW    cov: 7391 ft: 34570 corp: 462/7008Kb lim: 65536 exec/s: 290 rss: 207Mb L: 5773/65536 MS: 4 InsertRepeatedBytes-CrossOver-ChangeBinInt-EraseBytes-
#2349	NEW    cov: 7391 ft: 34575 corp: 463/7018Kb lim: 65536 exec/s: 293 rss: 209Mb L: 10023/65536 MS: 4 ChangeBinInt-PersAutoDict-CrossOver-CopyPart- DE: "\377\377a\000\000\002n\247"-
#2353	NEW    cov: 7391 ft: 34579 corp: 464/7046Kb lim: 65536 exec/s: 294 rss: 210Mb L: 28871/65536 MS: 4 ChangeByte-ChangeASCIIInt-CrossOver-EraseBytes-
#2354	NEW    cov: 7391 ft: 34581 corp: 465/7049Kb lim: 65536 exec/s: 294 rss: 210Mb L: 2902/65536 MS: 1 ShuffleBytes-
#2383	NEW    cov: 7391 ft: 34627 corp: 466/7088Kb lim: 65536 exec/s: 297 rss: 211Mb L: 39496/65536 MS: 4 CMP-EraseBytes-InsertByte-CopyPart- DE: "https"-
#2387	NEW    cov: 7391 ft: 34644 corp: 467/7152Kb lim: 65536 exec/s: 298 rss: 212Mb L: 65536/65536 MS: 4 ChangeBinInt-CopyPart-ChangeBinInt-ChangeBit-
#2389	NEW    cov: 7391 ft: 34657 corp: 468/7179Kb lim: 65536 exec/s: 298 rss: 213Mb L: 28338/65536 MS: 2 CopyPart-ChangeByte-
#2396	NEW    cov: 7391 ft: 34665 corp: 469/7243Kb lim: 65536 exec/s: 299 rss: 214Mb L: 65536/65536 MS: 2 ShuffleBytes-CrossOver-
#2399	NEW    cov: 7391 ft: 34674 corp: 470/7307Kb lim: 65536 exec/s: 299 rss: 215Mb L: 65536/65536 MS: 3 ChangeBit-ChangeASCIIInt-CopyPart-
#2410	REDUCE cov: 7391 ft: 34675 corp: 471/7308Kb lim: 65536 exec/s: 301 rss: 215Mb L: 449/65536 MS: 1 CopyPart-
#2411	REDUCE cov: 7391 ft: 34675 corp: 471/7304Kb lim: 65536 exec/s: 301 rss: 215Mb L: 8197/65536 MS: 1 EraseBytes-
#2414	NEW    cov: 7391 ft: 34679 corp: 472/7304Kb lim: 65536 exec/s: 301 rss: 215Mb L: 434/65536 MS: 3 ShuffleBytes-ChangeBinInt-EraseBytes-
#2417	NEW    cov: 7391 ft: 34729 corp: 473/7368Kb lim: 65536 exec/s: 302 rss: 216Mb L: 65536/65536 MS: 3 ChangeBit-ChangeASCIIInt-CrossOver-
#2423	NEW    cov: 7391 ft: 34730 corp: 474/7373Kb lim: 65536 exec/s: 302 rss: 216Mb L: 4925/65536 MS: 1 EraseBytes-
#2432	NEW    cov: 7391 ft: 34731 corp: 475/7377Kb lim: 65536 exec/s: 304 rss: 217Mb L: 4051/65536 MS: 4 PersAutoDict-ChangeASCIIInt-CrossOver-ChangeByte- DE: " \000"-
#2434	NEW    cov: 7391 ft: 34738 corp: 476/7426Kb lim: 65536 exec/s: 304 rss: 218Mb L: 50186/65536 MS: 2 InsertByte-InsertRepeatedBytes-
#2446	NEW    cov: 7391 ft: 34750 corp: 477/7456Kb lim: 65536 exec/s: 305 rss: 219Mb L: 30647/65536 MS: 2 CrossOver-CMP- DE: "w\235"-
#2452	NEW    cov: 7391 ft: 34766 corp: 478/7457Kb lim: 65536 exec/s: 306 rss: 219Mb L: 715/65536 MS: 1 ChangeByte-
#2466	NEW    cov: 7391 ft: 34827 corp: 479/7503Kb lim: 65536 exec/s: 274 rss: 220Mb L: 47747/65536 MS: 4 InsertByte-ShuffleBytes-ChangeByte-CopyPart-
#2488	NEW    cov: 7391 ft: 34828 corp: 480/7542Kb lim: 65536 exec/s: 276 rss: 221Mb L: 39363/65536 MS: 2 ChangeByte-CrossOver-
#2491	NEW    cov: 7391 ft: 34840 corp: 481/7579Kb lim: 65536 exec/s: 276 rss: 222Mb L: 37810/65536 MS: 3 InsertRepeatedBytes-ChangeASCIIInt-CrossOver-
#2505	NEW    cov: 7414 ft: 34920 corp: 482/7608Kb lim: 65536 exec/s: 278 rss: 225Mb L: 29680/65536 MS: 4 EraseBytes-ChangeByte-ChangeASCIIInt-EraseBytes-
#2523	NEW    cov: 7414 ft: 34921 corp: 483/7625Kb lim: 65536 exec/s: 280 rss: 226Mb L: 17303/65536 MS: 3 InsertRepeatedBytes-PersAutoDict-EraseBytes- DE: "\001\000\177\376\266g\275\330"-
#2526	NEW    cov: 7414 ft: 34972 corp: 484/7646Kb lim: 65536 exec/s: 280 rss: 226Mb L: 21451/65536 MS: 3 ChangeByte-ChangeBinInt-CopyPart-
#2541	NEW    cov: 7414 ft: 34973 corp: 485/7658Kb lim: 65536 exec/s: 282 rss: 227Mb L: 13204/65536 MS: 5 EraseBytes-ChangeBinInt-ChangeBit-ChangeBit-ChangeASCIIInt-
#2548	NEW    cov: 7414 ft: 34999 corp: 486/7699Kb lim: 65536 exec/s: 283 rss: 228Mb L: 41052/65536 MS: 2 ChangeBit-EraseBytes-
#2551	NEW    cov: 7418 ft: 35014 corp: 487/7701Kb lim: 65536 exec/s: 283 rss: 228Mb L: 2835/65536 MS: 3 ChangeASCIIInt-ChangeBit-CMP- DE: "&qscr;"-
#2553	REDUCE cov: 7418 ft: 35014 corp: 487/7701Kb lim: 65536 exec/s: 283 rss: 228Mb L: 1746/65536 MS: 2 ChangeBinInt-EraseBytes-
#2558	NEW    cov: 7418 ft: 35030 corp: 488/7710Kb lim: 65536 exec/s: 284 rss: 228Mb L: 9074/65536 MS: 5 InsertByte-PersAutoDict-CrossOver-CrossOver-ChangeBit- DE: "\000\000\177\376\266g\275\330"-
#2562	NEW    cov: 7418 ft: 35031 corp: 489/7721Kb lim: 65536 exec/s: 284 rss: 228Mb L: 11278/65536 MS: 4 EraseBytes-PersAutoDict-CrossOver-CopyPart- DE: "lock"-
#2565	NEW    cov: 7419 ft: 35032 corp: 490/7776Kb lim: 65536 exec/s: 285 rss: 229Mb L: 56420/65536 MS: 3 InsertByte-InsertByte-CMP- DE: "language-"-
#2572	NEW    cov: 7419 ft: 35044 corp: 491/7790Kb lim: 65536 exec/s: 285 rss: 229Mb L: 14288/65536 MS: 2 ChangeByte-CMP- DE: "\001\000b\200\000.x\304"-
#2580	NEW    cov: 7419 ft: 35095 corp: 492/7799Kb lim: 65536 exec/s: 286 rss: 230Mb L: 8725/65536 MS: 3 ShuffleBytes-ChangeBit-CrossOver-
#2588	NEW    cov: 7419 ft: 35099 corp: 493/7815Kb lim: 65536 exec/s: 287 rss: 230Mb L: 16910/65536 MS: 3 ShuffleBytes-ChangeByte-InsertRepeatedBytes-
#2590	NEW    cov: 7419 ft: 35131 corp: 494/7821Kb lim: 65536 exec/s: 287 rss: 230Mb L: 5903/65536 MS: 2 InsertRepeatedBytes-CopyPart-
#2604	NEW    cov: 7420 ft: 35138 corp: 495/7824Kb lim: 65536 exec/s: 289 rss: 231Mb L: 3111/65536 MS: 4 ChangeByte-EraseBytes-ChangeBit-EraseBytes-
#2608	NEW    cov: 7420 ft: 35184 corp: 496/7849Kb lim: 65536 exec/s: 289 rss: 231Mb L: 25571/65536 MS: 4 ChangeBinInt-ChangeASCIIInt-InsertByte-CopyPart-
#2625	NEW    cov: 7420 ft: 35191 corp: 497/7887Kb lim: 65536 exec/s: 291 rss: 232Mb L: 38680/65536 MS: 2 InsertByte-ChangeBit-
#2630	NEW    cov: 7420 ft: 35195 corp: 498/7897Kb lim: 65536 exec/s: 292 rss: 232Mb L: 10939/65536 MS: 5 ShuffleBytes-ChangeASCIIInt-ShuffleBytes-ChangeByte-PersAutoDict- DE: "\001\000\000\000\000\000\000\000"-
#2640	NEW    cov: 7426 ft: 35202 corp: 499/7925Kb lim: 65536 exec/s: 293 rss: 233Mb L: 28264/65536 MS: 5 InsertRepeatedBytes-EraseBytes-EraseBytes-InsertRepeatedBytes-CrossOver-
#2648	REDUCE cov: 7426 ft: 35202 corp: 499/7917Kb lim: 65536 exec/s: 294 rss: 233Mb L: 15130/65536 MS: 3 ChangeBit-ChangeBinInt-EraseBytes-
#2649	NEW    cov: 7426 ft: 35203 corp: 500/7938Kb lim: 65536 exec/s: 294 rss: 233Mb L: 21681/65536 MS: 1 CopyPart-
#2657	NEW    cov: 7426 ft: 35206 corp: 501/7940Kb lim: 65536 exec/s: 295 rss: 234Mb L: 1479/65536 MS: 3 ShuffleBytes-CrossOver-ChangeBit-
#2677	NEW    cov: 7426 ft: 35269 corp: 502/7990Kb lim: 65536 exec/s: 297 rss: 235Mb L: 51349/65536 MS: 5 EraseBytes-InsertByte-InsertRepeatedBytes-ChangeByte-CrossOver-
#2685	REDUCE cov: 7426 ft: 35269 corp: 502/7988Kb lim: 65536 exec/s: 298 rss: 235Mb L: 35549/65536 MS: 3 ChangeBit-InsertRepeatedBytes-EraseBytes-
#2687	REDUCE cov: 7426 ft: 35269 corp: 502/7988Kb lim: 65536 exec/s: 298 rss: 235Mb L: 407/65536 MS: 2 ChangeByte-EraseBytes-
#2697	NEW    cov: 7426 ft: 35275 corp: 503/8051Kb lim: 65536 exec/s: 299 rss: 237Mb L: 64199/65536 MS: 5 CrossOver-PersAutoDict-CopyPart-PersAutoDict-ChangeBit- DE: "<https://"-"\000\000a\220\0002\201N"-
#2701	NEW    cov: 7426 ft: 35406 corp: 504/8115Kb lim: 65536 exec/s: 270 rss: 238Mb L: 65536/65536 MS: 4 CopyPart-ChangeASCIIInt-ChangeByte-CopyPart-
#2702	NEW    cov: 7426 ft: 35409 corp: 505/8162Kb lim: 65536 exec/s: 270 rss: 238Mb L: 47747/65536 MS: 1 PersAutoDict- DE: "\000\000ap\000\001\306\267"-
#2731	NEW    cov: 7426 ft: 35413 corp: 506/8226Kb lim: 65536 exec/s: 273 rss: 240Mb L: 65536/65536 MS: 4 ChangeBit-ShuffleBytes-ChangeBit-ChangeBinInt-
#2739	NEW    cov: 7426 ft: 35430 corp: 507/8256Kb lim: 65536 exec/s: 273 rss: 244Mb L: 31331/65536 MS: 3 ShuffleBytes-CMP-CopyPart- DE: "\274w\362\000\220b\000\000"-
#2747	NEW    cov: 7443 ft: 35473 corp: 508/8262Kb lim: 65536 exec/s: 274 rss: 244Mb L: 6374/65536 MS: 3 ShuffleBytes-InsertByte-ShuffleBytes-
#2752	NEW    cov: 7446 ft: 35477 corp: 509/8265Kb lim: 65536 exec/s: 275 rss: 244Mb L: 2451/65536 MS: 5 ChangeASCIIInt-ChangeBit-ShuffleBytes-ChangeBinInt-CMP- DE: "<![CDATA["-
#2756	NEW    cov: 7446 ft: 35480 corp: 510/8283Kb lim: 65536 exec/s: 275 rss: 245Mb L: 18821/65536 MS: 4 ChangeBit-ChangeASCIIInt-ChangeBit-CrossOver-
#2757	NEW    cov: 7446 ft: 35484 corp: 511/8301Kb lim: 65536 exec/s: 275 rss: 245Mb L: 18740/65536 MS: 1 EraseBytes-
#2758	NEW    cov: 7446 ft: 35498 corp: 512/8338Kb lim: 65536 exec/s: 275 rss: 245Mb L: 37810/65536 MS: 1 ChangeBinInt-
#2761	NEW    cov: 7446 ft: 35500 corp: 513/8387Kb lim: 65536 exec/s: 276 rss: 246Mb L: 50017/65536 MS: 3 EraseBytes-ChangeBinInt-CopyPart-
#2768	REDUCE cov: 7446 ft: 35500 corp: 513/8387Kb lim: 65536 exec/s: 276 rss: 246Mb L: 663/65536 MS: 2 ChangeBit-EraseBytes-
#2769	NEW    cov: 7447 ft: 35501 corp: 514/8390Kb lim: 65536 exec/s: 276 rss: 246Mb L: 3269/65536 MS: 1 ChangeBinInt-
#2781	NEW    cov: 7447 ft: 35897 corp: 515/8441Kb lim: 65536 exec/s: 278 rss: 247Mb L: 52096/65536 MS: 2 EraseBytes-CopyPart-
#2786	NEW    cov: 7447 ft: 35903 corp: 516/8501Kb lim: 65536 exec/s: 278 rss: 248Mb L: 60929/65536 MS: 5 CrossOver-ChangeBinInt-ShuffleBytes-ChangeBit-InsertRepeatedBytes-
#2803	REDUCE cov: 7447 ft: 35903 corp: 516/8491Kb lim: 65536 exec/s: 280 rss: 250Mb L: 13128/65536 MS: 2 ChangeByte-EraseBytes-
#2811	NEW    cov: 7449 ft: 35923 corp: 517/8520Kb lim: 65536 exec/s: 281 rss: 250Mb L: 30252/65536 MS: 3 InsertRepeatedBytes-CrossOver-CMP- DE: "\000\000\000\000\000\000\000\000"-
#2813	REDUCE cov: 7449 ft: 35923 corp: 517/8520Kb lim: 65536 exec/s: 281 rss: 250Mb L: 1231/65536 MS: 2 ChangeBinInt-EraseBytes-
#2815	REDUCE cov: 7449 ft: 35923 corp: 517/8519Kb lim: 65536 exec/s: 281 rss: 250Mb L: 8332/65536 MS: 2 ChangeBit-EraseBytes-
#2825	REDUCE cov: 7449 ft: 35923 corp: 517/8488Kb lim: 65536 exec/s: 282 rss: 252Mb L: 33232/65536 MS: 5 ChangeBinInt-CrossOver-PersAutoDict-CopyPart-EraseBytes- DE: "www"-
#2830	NEW    cov: 7449 ft: 35927 corp: 518/8504Kb lim: 65536 exec/s: 283 rss: 252Mb L: 17303/65536 MS: 5 CopyPart-ChangeByte-CMP-ChangeASCIIInt-CopyPart- DE: "ween"-
#2836	NEW    cov: 7449 ft: 35937 corp: 519/8567Kb lim: 65536 exec/s: 283 rss: 253Mb L: 64436/65536 MS: 1 CopyPart-
#2842	NEW    cov: 7449 ft: 35940 corp: 520/8624Kb lim: 65536 exec/s: 284 rss: 253Mb L: 58375/65536 MS: 1 CopyPart-
#2847	NEW    cov: 7450 ft: 35941 corp: 521/8645Kb lim: 65536 exec/s: 284 rss: 254Mb L: 20607/65536 MS: 5 PersAutoDict-ChangeBit-ShuffleBytes-ChangeBinInt-PersAutoDict- DE: "\377\377"-"=\000"-
#2864	NEW    cov: 7450 ft: 35943 corp: 522/8650Kb lim: 65536 exec/s: 286 rss: 254Mb L: 5869/65536 MS: 2 ChangeBinInt-CopyPart-
#2884	NEW    cov: 7450 ft: 35959 corp: 523/8700Kb lim: 65536 exec/s: 288 rss: 256Mb L: 51401/65536 MS: 5 PersAutoDict-InsertRepeatedBytes-ChangeASCIIInt-ChangeBit-CopyPart- DE: "\000\000ap\000\001\306\267"-
#2888	NEW    cov: 7450 ft: 35972 corp: 524/8730Kb lim: 65536 exec/s: 288 rss: 256Mb L: 29804/65536 MS: 4 ChangeBit-ChangeBit-InsertRepeatedBytes-CopyPart-
#2891	NEW    cov: 7450 ft: 35974 corp: 525/8748Kb lim: 65536 exec/s: 289 rss: 257Mb L: 18931/65536 MS: 3 ChangeByte-ShuffleBytes-CopyPart-
#2904	NEW    cov: 7450 ft: 35975 corp: 526/8807Kb lim: 65536 exec/s: 290 rss: 258Mb L: 60160/65536 MS: 3 ChangeBit-ChangeBinInt-CopyPart-
#2910	NEW    cov: 7452 ft: 36087 corp: 527/8827Kb lim: 65536 exec/s: 291 rss: 258Mb L: 20605/65536 MS: 1 CopyPart-
#2912	NEW    cov: 7455 ft: 36090 corp: 528/8835Kb lim: 65536 exec/s: 264 rss: 258Mb L: 8392/65536 MS: 2 InsertRepeatedBytes-CrossOver-
#2914	NEW    cov: 7455 ft: 36094 corp: 529/8885Kb lim: 65536 exec/s: 264 rss: 259Mb L: 51349/65536 MS: 2 ShuffleBytes-CopyPart-
#2940	NEW    cov: 7455 ft: 36104 corp: 530/8925Kb lim: 65536 exec/s: 267 rss: 260Mb L: 40218/65536 MS: 1 EraseBytes-
#2947	NEW    cov: 7460 ft: 36110 corp: 531/8950Kb lim: 65536 exec/s: 267 rss: 261Mb L: 26486/65536 MS: 2 CrossOver-ChangeBinInt-
#2960	NEW    cov: 7460 ft: 36134 corp: 532/9001Kb lim: 65536 exec/s: 269 rss: 262Mb L: 51950/65536 MS: 3 InsertRepeatedBytes-InsertByte-CopyPart-
#2985	NEW    cov: 7461 ft: 36182 corp: 533/9001Kb lim: 65536 exec/s: 271 rss: 266Mb L: 326/65536 MS: 5 InsertRepeatedBytes-InsertByte-ShuffleBytes-ChangeByte-CMP- DE: "&quot;"-
#2986	REDUCE cov: 7461 ft: 36182 corp: 533/8999Kb lim: 65536 exec/s: 271 rss: 266Mb L: 5912/65536 MS: 1 EraseBytes-
#2995	NEW    cov: 7461 ft: 36183 corp: 534/9000Kb lim: 65536 exec/s: 272 rss: 267Mb L: 352/65536 MS: 4 CMP-CMP-ChangeBinInt-ChangeByte- DE: "\247P"-"http"-
#2998	NEW    cov: 7461 ft: 36197 corp: 535/9022Kb lim: 65536 exec/s: 272 rss: 267Mb L: 22595/65536 MS: 3 InsertRepeatedBytes-ChangeASCIIInt-ChangeBit-
#2999	NEW    cov: 7461 ft: 36216 corp: 536/9044Kb lim: 65536 exec/s: 272 rss: 267Mb L: 22340/65536 MS: 1 InsertRepeatedBytes-
#3002	NEW    cov: 7461 ft: 36245 corp: 537/9074Kb lim: 65536 exec/s: 272 rss: 268Mb L: 30778/65536 MS: 3 CMP-CopyPart-CopyPart- DE: "`;`"-
#3021	NEW    cov: 7461 ft: 36246 corp: 538/9076Kb lim: 65536 exec/s: 274 rss: 269Mb L: 2153/65536 MS: 4 CMP-ChangeBinInt-InsertRepeatedBytes-ChangeBinInt- DE: "&aacu"-
#3024	REDUCE cov: 7461 ft: 36246 corp: 538/9075Kb lim: 65536 exec/s: 274 rss: 269Mb L: 1696/65536 MS: 3 ChangeASCIIInt-InsertRepeatedBytes-EraseBytes-
#3041	NEW    cov: 7461 ft: 36247 corp: 539/9105Kb lim: 65536 exec/s: 276 rss: 270Mb L: 30913/65536 MS: 2 InsertByte-CrossOver-
#3057	NEW    cov: 7461 ft: 36315 corp: 540/9157Kb lim: 65536 exec/s: 277 rss: 271Mb L: 52697/65536 MS: 1 CrossOver-
#3066	NEW    cov: 7461 ft: 36317 corp: 541/9159Kb lim: 65536 exec/s: 278 rss: 272Mb L: 2297/65536 MS: 4 InsertByte-InsertByte-EraseBytes-CrossOver-
#3067	REDUCE cov: 7461 ft: 36317 corp: 541/9159Kb lim: 65536 exec/s: 278 rss: 272Mb L: 269/65536 MS: 1 EraseBytes-
#3071	NEW    cov: 7461 ft: 36342 corp: 542/9173Kb lim: 65536 exec/s: 279 rss: 272Mb L: 14715/65536 MS: 4 ChangeBit-PersAutoDict-CrossOver-CopyPart- DE: "7\031=\000\240b\000\000"-
#3076	NEW    cov: 7461 ft: 36343 corp: 543/9182Kb lim: 65536 exec/s: 279 rss: 272Mb L: 8435/65536 MS: 5 PersAutoDict-CrossOver-CMP-PersAutoDict-ChangeBit- DE: "\001\000\000\013"-"\352\321\212\001Pb\000\000"-"&quot;"-
#3077	NEW    cov: 7461 ft: 36349 corp: 544/9186Kb lim: 65536 exec/s: 279 rss: 273Mb L: 4964/65536 MS: 1 PersAutoDict- DE: "\004(\005\000\360b\000\000"-
#3097	NEW    cov: 7461 ft: 36363 corp: 545/9204Kb lim: 65536 exec/s: 281 rss: 274Mb L: 18156/65536 MS: 5 CopyPart-ChangeBit-InsertByte-ChangeBinInt-PersAutoDict- DE: "language-"-
#3114	REDUCE cov: 7461 ft: 36363 corp: 545/9204Kb lim: 65536 exec/s: 283 rss: 274Mb L: 158/65536 MS: 2 ShuffleBytes-EraseBytes-
#3116	REDUCE cov: 7461 ft: 36363 corp: 545/9204Kb lim: 65536 exec/s: 283 rss: 275Mb L: 33385/65536 MS: 2 InsertByte-EraseBytes-
#3118	NEW    cov: 7461 ft: 36367 corp: 546/9244Kb lim: 65536 exec/s: 283 rss: 275Mb L: 40431/65536 MS: 2 InsertRepeatedBytes-EraseBytes-
#3119	NEW    cov: 7461 ft: 36374 corp: 547/9264Kb lim: 65536 exec/s: 283 rss: 276Mb L: 20592/65536 MS: 1 EraseBytes-
#3121	NEW    cov: 7461 ft: 36406 corp: 548/9295Kb lim: 65536 exec/s: 283 rss: 276Mb L: 31761/65536 MS: 2 InsertRepeatedBytes-EraseBytes-
#3122	NEW    cov: 7461 ft: 36407 corp: 549/9318Kb lim: 65536 exec/s: 283 rss: 276Mb L: 23774/65536 MS: 1 ChangeBit-
#3132	NEW    cov: 7461 ft: 36428 corp: 550/9337Kb lim: 65536 exec/s: 284 rss: 277Mb L: 19675/65536 MS: 5 CrossOver-ChangeBit-CMP-ShuffleBytes-ChangeBit- DE: "\312\316\037\001\220b\000\000"-
#3136	NEW    cov: 7461 ft: 36429 corp: 551/9388Kb lim: 65536 exec/s: 285 rss: 278Mb L: 51791/65536 MS: 4 CrossOver-PersAutoDict-ChangeByte-CrossOver- DE: "\203<\024\000`b\000\000"-
#3141	NEW    cov: 7461 ft: 36430 corp: 552/9405Kb lim: 65536 exec/s: 285 rss: 278Mb L: 17726/65536 MS: 5 InsertByte-InsertByte-CrossOver-InsertByte-EraseBytes-
#3142	REDUCE cov: 7461 ft: 36430 corp: 552/9402Kb lim: 65536 exec/s: 285 rss: 278Mb L: 10659/65536 MS: 1 EraseBytes-
#3148	NEW    cov: 7461 ft: 36474 corp: 553/9414Kb lim: 65536 exec/s: 286 rss: 278Mb L: 12097/65536 MS: 1 CrossOver-
#3161	REDUCE cov: 7461 ft: 36474 corp: 553/9414Kb lim: 65536 exec/s: 287 rss: 279Mb L: 5589/65536 MS: 3 ChangeASCIIInt-CMP-EraseBytes- DE: "\001\000\000\000\000\000\000\000"-
#3162	NEW    cov: 7474 ft: 36491 corp: 554/9421Kb lim: 65536 exec/s: 287 rss: 279Mb L: 7299/65536 MS: 1 CrossOver-
#3173	NEW    cov: 7474 ft: 36496 corp: 555/9485Kb lim: 65536 exec/s: 264 rss: 281Mb L: 65536/65536 MS: 1 CopyPart-
#3195	NEW    cov: 7474 ft: 36508 corp: 556/9506Kb lim: 65536 exec/s: 266 rss: 282Mb L: 21148/65536 MS: 2 CrossOver-CrossOver-
#3198	NEW    cov: 7474 ft: 36704 corp: 557/9517Kb lim: 65536 exec/s: 266 rss: 283Mb L: 11090/65536 MS: 3 ChangeBit-ChangeASCIIInt-CopyPart-
#3219	NEW    cov: 7474 ft: 36722 corp: 558/9549Kb lim: 65536 exec/s: 268 rss: 284Mb L: 33217/65536 MS: 1 EraseBytes-
#3232	REDUCE cov: 7474 ft: 36722 corp: 558/9546Kb lim: 65536 exec/s: 269 rss: 284Mb L: 5961/65536 MS: 3 ChangeBinInt-ChangeBinInt-EraseBytes-
#3234	NEW    cov: 7478 ft: 36764 corp: 559/9559Kb lim: 65536 exec/s: 269 rss: 284Mb L: 13686/65536 MS: 2 EraseBytes-CopyPart-
#3239	NEW    cov: 7478 ft: 36768 corp: 560/9571Kb lim: 65536 exec/s: 269 rss: 285Mb L: 12106/65536 MS: 5 ChangeBit-ChangeASCIIInt-ShuffleBytes-InsertByte-CrossOver-
#3254	NEW    cov: 7486 ft: 36902 corp: 561/9594Kb lim: 65536 exec/s: 271 rss: 285Mb L: 23997/65536 MS: 5 ChangeBit-ChangeBit-ShuffleBytes-ChangeASCIIInt-CrossOver-
#3263	NEW    cov: 7487 ft: 36907 corp: 562/9595Kb lim: 65536 exec/s: 271 rss: 289Mb L: 512/65536 MS: 4 ChangeBinInt-ChangeBinInt-CopyPart-InsertRepeatedBytes-
#3265	NEW    cov: 7489 ft: 36909 corp: 563/9639Kb lim: 65536 exec/s: 272 rss: 289Mb L: 45047/65536 MS: 2 ChangeBinInt-ChangeByte-
	NEW_FUNC[1/1]: 0x5a7e9849e2c0 in md_line_contains /home/ilia/sec/md4c/src/md4c.c:6202
#3281	REDUCE cov: 7512 ft: 36932 corp: 564/9649Kb lim: 65536 exec/s: 273 rss: 290Mb L: 10668/65536 MS: 1 PersAutoDict- DE: "<nd doubl"-
#3288	NEW    cov: 7512 ft: 36952 corp: 565/9680Kb lim: 65536 exec/s: 274 rss: 290Mb L: 31379/65536 MS: 2 ShuffleBytes-CopyPart-
#3296	NEW    cov: 7512 ft: 36959 corp: 566/9692Kb lim: 65536 exec/s: 274 rss: 291Mb L: 12898/65536 MS: 3 PersAutoDict-InsertByte-CrossOver- DE: "language-"-
#3319	NEW    cov: 7512 ft: 36987 corp: 567/9723Kb lim: 65536 exec/s: 276 rss: 293Mb L: 31761/65536 MS: 3 ChangeBit-CrossOver-CopyPart-
#3325	NEW    cov: 7512 ft: 36988 corp: 568/9728Kb lim: 65536 exec/s: 277 rss: 294Mb L: 4392/65536 MS: 1 EraseBytes-
#3331	REDUCE cov: 7526 ft: 37025 corp: 569/9728Kb lim: 65536 exec/s: 277 rss: 294Mb L: 407/65536 MS: 1 CMP- DE: "<![CDATA["-
#3344	NEW    cov: 7528 ft: 37027 corp: 570/9787Kb lim: 65536 exec/s: 278 rss: 296Mb L: 60648/65536 MS: 3 InsertRepeatedBytes-InsertRepeatedBytes-CrossOver-
#3347	NEW    cov: 7528 ft: 37039 corp: 571/9801Kb lim: 65536 exec/s: 278 rss: 296Mb L: 13757/65536 MS: 3 CMP-ShuffleBytes-CrossOver- DE: "(\000"-
#3380	NEW    cov: 7528 ft: 37049 corp: 572/9809Kb lim: 65536 exec/s: 281 rss: 297Mb L: 8937/65536 MS: 3 CrossOver-CrossOver-CrossOver-
#3392	NEW    cov: 7528 ft: 37053 corp: 573/9827Kb lim: 65536 exec/s: 282 rss: 298Mb L: 18018/65536 MS: 2 ChangeBinInt-EraseBytes-
#3397	REDUCE cov: 7528 ft: 37053 corp: 573/9825Kb lim: 65536 exec/s: 283 rss: 298Mb L: 9626/65536 MS: 5 InsertRepeatedBytes-CrossOver-CrossOver-CMP-EraseBytes- DE: "https"-
#3402	NEW    cov: 7542 ft: 37088 corp: 574/9840Kb lim: 65536 exec/s: 283 rss: 298Mb L: 15297/65536 MS: 5 ChangeBit-ShuffleBytes-ChangeBinInt-InsertByte-ChangeBinInt-
#3412	NEW    cov: 7555 ft: 37103 corp: 575/9854Kb lim: 65536 exec/s: 284 rss: 299Mb L: 14322/65536 MS: 5 ChangeBit-PersAutoDict-InsertRepeatedBytes-CMP-InsertByte- DE: "\000\000\177\376\266g\275\330"-"ftp"-
#3422	NEW    cov: 7559 ft: 37109 corp: 576/9856Kb lim: 65536 exec/s: 285 rss: 299Mb L: 2139/65536 MS: 5 ChangeBinInt-InsertByte-CopyPart-CrossOver-ChangeBinInt-
#3427	REDUCE cov: 7559 ft: 37109 corp: 576/9845Kb lim: 65536 exec/s: 285 rss: 300Mb L: 33804/65536 MS: 5 ChangeBit-ChangeASCIIInt-InsertByte-ChangeByte-EraseBytes-
#3435	NEW    cov: 7559 ft: 37122 corp: 577/9859Kb lim: 65536 exec/s: 286 rss: 300Mb L: 14831/65536 MS: 3 ChangeByte-EraseBytes-InsertByte-
#3436	NEW    cov: 7559 ft: 37123 corp: 578/9877Kb lim: 65536 exec/s: 286 rss: 301Mb L: 17827/65536 MS: 1 CrossOver-
#3446	NEW    cov: 7559 ft: 37124 corp: 579/9922Kb lim: 65536 exec/s: 265 rss: 302Mb L: 45808/65536 MS: 5 ShuffleBytes-ChangeASCIIInt-ShuffleBytes-ChangeByte-CrossOver-
#3447	NEW    cov: 7560 ft: 37159 corp: 580/9933Kb lim: 65536 exec/s: 265 rss: 302Mb L: 11432/65536 MS: 1 EraseBytes-
#3456	NEW    cov: 7560 ft: 37161 corp: 581/9936Kb lim: 65536 exec/s: 265 rss: 302Mb L: 3665/65536 MS: 4 ChangeASCIIInt-CrossOver-ShuffleBytes-ChangeBit-
#3458	NEW    cov: 7560 ft: 37162 corp: 582/9960Kb lim: 65536 exec/s: 266 rss: 302Mb L: 24523/65536 MS: 2 InsertByte-EraseBytes-
#3460	NEW    cov: 7560 ft: 37163 corp: 583/10022Kb lim: 65536 exec/s: 266 rss: 303Mb L: 63021/65536 MS: 2 ChangeByte-PersAutoDict- DE: "=\000"-
#3463	NEW    cov: 7560 ft: 37185 corp: 584/10044Kb lim: 65536 exec/s: 266 rss: 303Mb L: 22923/65536 MS: 3 ChangeBit-InsertByte-ChangeBinInt-
#3464	NEW    cov: 7562 ft: 37189 corp: 585/10093Kb lim: 65536 exec/s: 266 rss: 304Mb L: 50105/65536 MS: 1 CrossOver-
#3473	NEW    cov: 7562 ft: 37206 corp: 586/10110Kb lim: 65536 exec/s: 267 rss: 304Mb L: 17299/65536 MS: 4 ChangeByte-ChangeBinInt-ChangeByte-ChangeBinInt-
#3474	NEW    cov: 7562 ft: 37208 corp: 587/10133Kb lim: 65536 exec/s: 267 rss: 305Mb L: 23550/65536 MS: 1 CopyPart-
#3484	REDUCE cov: 7562 ft: 37208 corp: 587/10132Kb lim: 65536 exec/s: 268 rss: 306Mb L: 3659/65536 MS: 5 CMP-InsertByte-ChangeASCIIInt-ChangeBinInt-EraseBytes- DE: "ftp"-
#3489	NEW    cov: 7562 ft: 37209 corp: 588/10155Kb lim: 65536 exec/s: 268 rss: 306Mb L: 23402/65536 MS: 5 CopyPart-PersAutoDict-InsertByte-EraseBytes-CopyPart- DE: "\001\000\000\013"-
#3493	NEW    cov: 7562 ft: 37302 corp: 589/10214Kb lim: 65536 exec/s: 268 rss: 307Mb L: 61130/65536 MS: 4 InsertByte-CrossOver-CMP-CrossOver- DE: "\000\000\177\376\266g\276F"-
#3495	NEW    cov: 7562 ft: 37406 corp: 590/10217Kb lim: 65536 exec/s: 268 rss: 310Mb L: 2816/65536 MS: 2 CMP-CopyPart- DE: "\000\000\0005"-
#3496	NEW    cov: 7562 ft: 37408 corp: 591/10218Kb lim: 65536 exec/s: 268 rss: 310Mb L: 928/65536 MS: 1 EraseBytes-
#3505	NEW    cov: 7562 ft: 37413 corp: 592/10236Kb lim: 65536 exec/s: 269 rss: 311Mb L: 18541/65536 MS: 4 CrossOver-InsertByte-CopyPart-EraseBytes-
#3507	REDUCE cov: 7562 ft: 37413 corp: 592/10233Kb lim: 65536 exec/s: 269 rss: 311Mb L: 9294/65536 MS: 2 ChangeBinInt-EraseBytes-
#3508	NEW    cov: 7562 ft: 37417 corp: 593/10279Kb lim: 65536 exec/s: 269 rss: 311Mb L: 46925/65536 MS: 1 EraseBytes-
#3511	NEW    cov: 7562 ft: 37430 corp: 594/10301Kb lim: 65536 exec/s: 270 rss: 312Mb L: 22471/65536 MS: 3 ChangeByte-ChangeBinInt-InsertByte-
#3533	NEW    cov: 7562 ft: 37437 corp: 595/10314Kb lim: 65536 exec/s: 271 rss: 313Mb L: 12705/65536 MS: 2 InsertByte-CMP- DE: "&gnapprox;"-
#3541	REDUCE cov: 7562 ft: 37438 corp: 596/10361Kb lim: 65536 exec/s: 272 rss: 313Mb L: 48444/65536 MS: 3 PersAutoDict-InsertRepeatedBytes-CrossOver- DE: "\377\377"-
#3544	NEW    cov: 7562 ft: 37444 corp: 597/10385Kb lim: 65536 exec/s: 272 rss: 314Mb L: 24387/65536 MS: 3 InsertByte-PersAutoDict-InsertByte- DE: "&aacu"-
#3551	NEW    cov: 7563 ft: 37445 corp: 598/10401Kb lim: 65536 exec/s: 273 rss: 314Mb L: 16510/65536 MS: 2 CopyPart-CrossOver-
#3557	NEW    cov: 7563 ft: 37446 corp: 599/10409Kb lim: 65536 exec/s: 273 rss: 314Mb L: 8619/65536 MS: 1 ChangeByte-
#3558	REDUCE cov: 7563 ft: 37446 corp: 599/10409Kb lim: 65536 exec/s: 273 rss: 315Mb L: 13574/65536 MS: 1 EraseBytes-
#3559	NEW    cov: 7563 ft: 37456 corp: 600/10417Kb lim: 65536 exec/s: 273 rss: 315Mb L: 8110/65536 MS: 1 CopyPart-
#3564	NEW    cov: 7563 ft: 37458 corp: 601/10436Kb lim: 65536 exec/s: 274 rss: 315Mb L: 19655/65536 MS: 5 ChangeByte-CrossOver-ChangeBit-ShuffleBytes-CopyPart-
#3565	REDUCE cov: 7563 ft: 37458 corp: 601/10429Kb lim: 65536 exec/s: 274 rss: 315Mb L: 7873/65536 MS: 1 EraseBytes-
#3575	NEW    cov: 7563 ft: 37460 corp: 602/10430Kb lim: 65536 exec/s: 275 rss: 316Mb L: 694/65536 MS: 5 CopyPart-CrossOver-InsertByte-CMP-EraseBytes- DE: "&DifferentialD;"-
#3576	NEW    cov: 7563 ft: 37461 corp: 603/10438Kb lim: 65536 exec/s: 275 rss: 316Mb L: 8110/65536 MS: 1 CopyPart-
#3582	NEW    cov: 7563 ft: 37463 corp: 604/10451Kb lim: 65536 exec/s: 275 rss: 316Mb L: 13700/65536 MS: 1 CopyPart-
#3619	REDUCE cov: 7563 ft: 37463 corp: 604/10450Kb lim: 65536 exec/s: 278 rss: 318Mb L: 14304/65536 MS: 2 ChangeBinInt-EraseBytes-
#3642	NEW    cov: 7563 ft: 37496 corp: 605/10481Kb lim: 65536 exec/s: 280 rss: 320Mb L: 31107/65536 MS: 3 PersAutoDict-CMP-CrossOver- DE: "\007\000"-"&Differen"-
#3645	NEW    cov: 7563 ft: 37497 corp: 606/10496Kb lim: 65536 exec/s: 280 rss: 320Mb L: 15696/65536 MS: 3 ChangeBinInt-InsertRepeatedBytes-CMP- DE: "&Differ"-
#3650	NEW    cov: 7563 ft: 37532 corp: 607/10505Kb lim: 65536 exec/s: 280 rss: 321Mb L: 9167/65536 MS: 5 ChangeASCIIInt-ShuffleBytes-PersAutoDict-ChangeByte-CMP- DE: "<nd doubl"-"&Hilbe"-
#3665	REDUCE cov: 7563 ft: 37532 corp: 607/10496Kb lim: 65536 exec/s: 281 rss: 322Mb L: 13006/65536 MS: 5 ChangeBit-CrossOver-ChangeBinInt-ChangeBinInt-EraseBytes-
#3672	NEW    cov: 7563 ft: 37556 corp: 608/10503Kb lim: 65536 exec/s: 282 rss: 323Mb L: 7790/65536 MS: 2 ChangeBit-CrossOver-
#3688	NEW    cov: 7563 ft: 37557 corp: 609/10538Kb lim: 65536 exec/s: 283 rss: 323Mb L: 35968/65536 MS: 1 EraseBytes-
#3701	NEW    cov: 7573 ft: 37568 corp: 610/10582Kb lim: 65536 exec/s: 284 rss: 324Mb L: 44434/65536 MS: 3 InsertByte-CrossOver-ChangeBit-
#3717	NEW    cov: 7575 ft: 37580 corp: 611/10641Kb lim: 65536 exec/s: 265 rss: 325Mb L: 60578/65536 MS: 1 PersAutoDict- DE: "\001\000b\200\000.x\304"-
#3718	NEW    cov: 7575 ft: 37586 corp: 612/10678Kb lim: 65536 exec/s: 265 rss: 326Mb L: 38268/65536 MS: 1 EraseBytes-
#3719	NEW    cov: 7575 ft: 37590 corp: 613/10686Kb lim: 65536 exec/s: 265 rss: 326Mb L: 8208/65536 MS: 1 ChangeByte-
#3751	NEW    cov: 7575 ft: 37600 corp: 614/10726Kb lim: 65536 exec/s: 267 rss: 328Mb L: 40431/65536 MS: 2 CrossOver-CrossOver-
#3760	REDUCE cov: 7576 ft: 37621 corp: 615/10756Kb lim: 65536 exec/s: 268 rss: 329Mb L: 30513/65536 MS: 4 ChangeASCIIInt-ChangeBit-ChangeBinInt-EraseBytes-
#3768	REDUCE cov: 7576 ft: 37621 corp: 615/10755Kb lim: 65536 exec/s: 269 rss: 329Mb L: 1169/65536 MS: 3 CopyPart-InsertByte-EraseBytes-
#3776	NEW    cov: 7597 ft: 37655 corp: 616/10812Kb lim: 65536 exec/s: 269 rss: 330Mb L: 58891/65536 MS: 3 CopyPart-CrossOver-CrossOver-
#3785	REDUCE cov: 7597 ft: 37655 corp: 616/10812Kb lim: 65536 exec/s: 270 rss: 330Mb L: 316/65536 MS: 4 ChangeByte-PersAutoDict-ChangeBinInt-CrossOver- DE: "\377\377"-
#3788	NEW    cov: 7598 ft: 37656 corp: 617/10812Kb lim: 65536 exec/s: 270 rss: 331Mb L: 146/65536 MS: 3 CMP-ChangeByte-PersAutoDict- DE: "\026\000\000\000"-"<nd doubl"-
#3789	REDUCE cov: 7598 ft: 37656 corp: 617/10810Kb lim: 65536 exec/s: 270 rss: 331Mb L: 6385/65536 MS: 1 EraseBytes-
#3796	NEW    cov: 7599 ft: 37657 corp: 618/10811Kb lim: 65536 exec/s: 271 rss: 331Mb L: 531/65536 MS: 2 ChangeByte-InsertRepeatedBytes-
#3805	NEW    cov: 7599 ft: 37658 corp: 619/10831Kb lim: 65536 exec/s: 271 rss: 331Mb L: 20662/65536 MS: 4 ChangeByte-InsertByte-ChangeByte-InsertRepeatedBytes-
#3812	NEW    cov: 7599 ft: 37703 corp: 620/10883Kb lim: 65536 exec/s: 272 rss: 336Mb L: 53126/65536 MS: 2 CrossOver-CrossOver-
#3814	NEW    cov: 7599 ft: 37704 corp: 621/10944Kb lim: 65536 exec/s: 272 rss: 336Mb L: 62714/65536 MS: 2 CrossOver-CopyPart-
#3824	REDUCE cov: 7599 ft: 37704 corp: 621/10944Kb lim: 65536 exec/s: 273 rss: 337Mb L: 2846/65536 MS: 5 ShuffleBytes-InsertRepeatedBytes-InsertRepeatedBytes-CMP-EraseBytes- DE: "\001\000\000\025"-
#3826	NEW    cov: 7600 ft: 37705 corp: 622/10946Kb lim: 65536 exec/s: 273 rss: 337Mb L: 2016/65536 MS: 2 CopyPart-ChangeBit-
#3854	NEW    cov: 7635 ft: 37740 corp: 623/10963Kb lim: 65536 exec/s: 275 rss: 338Mb L: 17868/65536 MS: 3 PersAutoDict-CopyPart-ChangeBit- DE: ".\000"-
#3855	NEW    cov: 7635 ft: 37756 corp: 624/10971Kb lim: 65536 exec/s: 275 rss: 338Mb L: 7790/65536 MS: 1 CopyPart-
#3898	NEW    cov: 7635 ft: 37778 corp: 625/10985Kb lim: 65536 exec/s: 278 rss: 341Mb L: 13988/65536 MS: 3 CrossOver-ChangeBinInt-CopyPart-
#3917	NEW    cov: 7639 ft: 37783 corp: 626/11006Kb lim: 65536 exec/s: 279 rss: 342Mb L: 21477/65536 MS: 4 ChangeBit-PersAutoDict-InsertRepeatedBytes-PersAutoDict- DE: "\377\377\377\377\377\377\377\377"-"&Differ"-
#3923	REDUCE cov: 7639 ft: 37786 corp: 627/11012Kb lim: 65536 exec/s: 280 rss: 342Mb L: 6385/65536 MS: 1 ChangeBit-
#3925	REDUCE cov: 7639 ft: 37786 corp: 627/10997Kb lim: 65536 exec/s: 280 rss: 343Mb L: 34856/65536 MS: 2 ChangeASCIIInt-EraseBytes-
#3928	NEW    cov: 7657 ft: 37805 corp: 628/11021Kb lim: 65536 exec/s: 280 rss: 343Mb L: 24676/65536 MS: 3 InsertByte-InsertRepeatedBytes-EraseBytes-
#3933	REDUCE cov: 7657 ft: 37805 corp: 628/11018Kb lim: 65536 exec/s: 280 rss: 344Mb L: 15066/65536 MS: 5 CrossOver-ChangeByte-CMP-ChangeBit-EraseBytes- DE: "\377\377\377\026"-
#3961	NEW    cov: 7658 ft: 37807 corp: 629/11025Kb lim: 65536 exec/s: 282 rss: 345Mb L: 6496/65536 MS: 3 ChangeASCIIInt-InsertByte-CMP- DE: "<nd doubl"-
#3969	NEW    cov: 7658 ft: 37808 corp: 630/11074Kb lim: 65536 exec/s: 283 rss: 346Mb L: 50065/65536 MS: 3 InsertByte-CMP-CopyPart- DE: "\001\000\000/"-
#3972	NEW    cov: 7659 ft: 37829 corp: 631/11078Kb lim: 65536 exec/s: 283 rss: 346Mb L: 5006/65536 MS: 3 PersAutoDict-ChangeByte-InsertByte- DE: "\377\377``\000\031y\271"-
#3988	NEW    cov: 7659 ft: 37833 corp: 632/11097Kb lim: 65536 exec/s: 284 rss: 347Mb L: 18931/65536 MS: 1 ChangeBit-
#3996	REDUCE cov: 7659 ft: 37833 corp: 632/11096Kb lim: 65536 exec/s: 266 rss: 347Mb L: 8002/65536 MS: 3 InsertRepeatedBytes-ShuffleBytes-EraseBytes-
#3997	NEW    cov: 7659 ft: 37870 corp: 633/11101Kb lim: 65536 exec/s: 266 rss: 348Mb L: 5063/65536 MS: 1 CrossOver-
#4012	NEW    cov: 7659 ft: 37871 corp: 634/11164Kb lim: 65536 exec/s: 267 rss: 349Mb L: 64954/65536 MS: 5 ChangeBit-ChangeBit-ChangeBit-ShuffleBytes-ChangeBinInt-
#4023	NEW    cov: 7659 ft: 37873 corp: 635/11225Kb lim: 65536 exec/s: 268 rss: 350Mb L: 62395/65536 MS: 1 CopyPart-
#4030	NEW    cov: 7659 ft: 37877 corp: 636/11225Kb lim: 65536 exec/s: 268 rss: 350Mb L: 165/65536 MS: 2 ChangeBinInt-CrossOver-
#4031	REDUCE cov: 7659 ft: 37877 corp: 636/11225Kb lim: 65536 exec/s: 268 rss: 350Mb L: 1635/65536 MS: 1 EraseBytes-
#4039	REDUCE cov: 7659 ft: 37891 corp: 637/11226Kb lim: 65536 exec/s: 269 rss: 350Mb L: 699/65536 MS: 3 PersAutoDict-PersAutoDict-EraseBytes- DE: "\001\000b\200\000.x\304"-"\010\000"-
#4058	NEW    cov: 7659 ft: 37892 corp: 638/11258Kb lim: 65536 exec/s: 270 rss: 351Mb L: 33183/65536 MS: 4 ChangeBinInt-EraseBytes-InsertRepeatedBytes-CopyPart-
#4062	NEW    cov: 7659 ft: 37901 corp: 639/11317Kb lim: 65536 exec/s: 270 rss: 352Mb L: 60162/65536 MS: 4 ChangeBit-CMP-CopyPart-CopyPart- DE: "\000\000"-
#4073	NEW    cov: 7659 ft: 37902 corp: 640/11317Kb lim: 65536 exec/s: 271 rss: 352Mb L: 163/65536 MS: 1 ChangeByte-
#4074	REDUCE cov: 7659 ft: 37902 corp: 640/11317Kb lim: 65536 exec/s: 271 rss: 353Mb L: 352/65536 MS: 1 EraseBytes-
#4088	NEW    cov: 7659 ft: 37912 corp: 641/11355Kb lim: 65536 exec/s: 272 rss: 354Mb L: 38780/65536 MS: 4 ShuffleBytes-ChangeBit-ChangeByte-EraseBytes-
#4093	NEW    cov: 7659 ft: 37928 corp: 642/11367Kb lim: 65536 exec/s: 272 rss: 358Mb L: 12602/65536 MS: 5 ChangeBit-InsertByte-CrossOver-ChangeBinInt-ChangeBit-
#4096	pulse  cov: 7659 ft: 37928 corp: 642/11367Kb lim: 65536 exec/s: 273 rss: 358Mb
#4097	NEW    cov: 7659 ft: 37929 corp: 643/11398Kb lim: 65536 exec/s: 273 rss: 358Mb L: 31862/65536 MS: 4 InsertRepeatedBytes-ChangeBinInt-PersAutoDict-EraseBytes- DE: "`;`"-
#4106	NEW    cov: 7659 ft: 37937 corp: 644/11408Kb lim: 65536 exec/s: 273 rss: 359Mb L: 10037/65536 MS: 4 ChangeASCIIInt-InsertRepeatedBytes-CMP-CrossOver- DE: "&gnapp"-
#4109	NEW    cov: 7663 ft: 37941 corp: 645/11409Kb lim: 65536 exec/s: 273 rss: 359Mb L: 1078/65536 MS: 3 CMP-ChangeByte-PersAutoDict- DE: "abs"-"&quot;"-
#4111	NEW    cov: 7663 ft: 37949 corp: 646/11419Kb lim: 65536 exec/s: 274 rss: 359Mb L: 10048/65536 MS: 2 ChangeASCIIInt-CopyPart-
#4113	NEW    cov: 7663 ft: 37996 corp: 647/11441Kb lim: 65536 exec/s: 274 rss: 359Mb L: 22462/65536 MS: 2 ChangeByte-CopyPart-
#4121	NEW    cov: 7663 ft: 38013 corp: 648/11479Kb lim: 65536 exec/s: 274 rss: 360Mb L: 38680/65536 MS: 3 ChangeBit-InsertByte-ChangeByte-
#4140	NEW    cov: 7663 ft: 38018 corp: 649/11479Kb lim: 65536 exec/s: 276 rss: 360Mb L: 111/65536 MS: 4 CrossOver-InsertByte-ChangeBit-EraseBytes-
#4147	NEW    cov: 7676 ft: 38046 corp: 650/11542Kb lim: 65536 exec/s: 276 rss: 361Mb L: 64954/65536 MS: 2 ChangeByte-ChangeBinInt-
#4157	NEW    cov: 7676 ft: 38047 corp: 651/11559Kb lim: 65536 exec/s: 277 rss: 362Mb L: 17299/65536 MS: 5 CopyPart-ChangeASCIIInt-CMP-InsertByte-ChangeBinInt- DE: "block"-
#4158	NEW    cov: 7688 ft: 38066 corp: 652/11623Kb lim: 65536 exec/s: 277 rss: 362Mb L: 65536/65536 MS: 1 ChangeBinInt-
#4161	REDUCE cov: 7688 ft: 38066 corp: 652/11621Kb lim: 65536 exec/s: 277 rss: 363Mb L: 11713/65536 MS: 3 InsertByte-ChangeBit-EraseBytes-
#4163	NEW    cov: 7688 ft: 38070 corp: 653/11624Kb lim: 65536 exec/s: 277 rss: 363Mb L: 2844/65536 MS: 2 PersAutoDict-CopyPart- DE: "<![CDATA["-
#4165	NEW    cov: 7688 ft: 38073 corp: 654/11662Kb lim: 65536 exec/s: 277 rss: 363Mb L: 38638/65536 MS: 2 InsertByte-EraseBytes-
#4166	REDUCE cov: 7688 ft: 38073 corp: 654/11655Kb lim: 65536 exec/s: 277 rss: 364Mb L: 55880/65536 MS: 1 EraseBytes-
#4196	NEW    cov: 7688 ft: 38082 corp: 655/11687Kb lim: 65536 exec/s: 279 rss: 366Mb L: 32287/65536 MS: 5 PersAutoDict-ChangeBit-CopyPart-ShuffleBytes-EraseBytes- DE: "\000\000\0005"-
#4197	REDUCE cov: 7688 ft: 38082 corp: 655/11687Kb lim: 65536 exec/s: 279 rss: 366Mb L: 179/65536 MS: 1 EraseBytes-
#4200	NEW    cov: 7688 ft: 38083 corp: 656/11733Kb lim: 65536 exec/s: 280 rss: 367Mb L: 47186/65536 MS: 3 ChangeBinInt-ChangeBit-CopyPart-
#4209	REDUCE cov: 7688 ft: 38098 corp: 657/11790Kb lim: 65536 exec/s: 280 rss: 368Mb L: 58789/65536 MS: 4 CrossOver-PersAutoDict-CopyPart-CopyPart- DE: "www"-
#4217	NEW    cov: 7688 ft: 38100 corp: 658/11851Kb lim: 65536 exec/s: 281 rss: 369Mb L: 62310/65536 MS: 3 EraseBytes-ChangeBit-CrossOver-
#4223	NEW    cov: 7688 ft: 38128 corp: 659/11852Kb lim: 65536 exec/s: 281 rss: 370Mb L: 752/65536 MS: 1 CrossOver-
#4230	NEW    cov: 7688 ft: 38130 corp: 660/11862Kb lim: 65536 exec/s: 282 rss: 371Mb L: 9986/65536 MS: 2 InsertRepeatedBytes-EraseBytes-
#4231	NEW    cov: 7690 ft: 38132 corp: 661/11862Kb lim: 65536 exec/s: 282 rss: 371Mb L: 252/65536 MS: 1 ChangeBinInt-
#4232	NEW    cov: 7690 ft: 38160 corp: 662/11884Kb lim: 65536 exec/s: 282 rss: 371Mb L: 22131/65536 MS: 1 CopyPart-
#4258	REDUCE cov: 7690 ft: 38160 corp: 662/11876Kb lim: 65536 exec/s: 283 rss: 373Mb L: 23986/65536 MS: 1 EraseBytes-
#4262	REDUCE cov: 7690 ft: 38160 corp: 662/11874Kb lim: 65536 exec/s: 284 rss: 373Mb L: 7416/65536 MS: 4 InsertByte-InsertRepeatedBytes-ChangeByte-EraseBytes-
#4267	NEW    cov: 7690 ft: 38165 corp: 663/11883Kb lim: 65536 exec/s: 284 rss: 373Mb L: 9458/65536 MS: 5 ShuffleBytes-CopyPart-InsertRepeatedBytes-ShuffleBytes-InsertByte-
#4274	REDUCE cov: 7690 ft: 38200 corp: 664/11883Kb lim: 65536 exec/s: 284 rss: 373Mb L: 88/65536 MS: 2 ChangeByte-EraseBytes-
#4280	REDUCE cov: 7690 ft: 38200 corp: 664/11877Kb lim: 65536 exec/s: 285 rss: 374Mb L: 11226/65536 MS: 1 EraseBytes-
#4296	REDUCE cov: 7690 ft: 38200 corp: 664/11874Kb lim: 65536 exec/s: 286 rss: 374Mb L: 10588/65536 MS: 1 EraseBytes-
#4323	NEW    cov: 7690 ft: 38207 corp: 665/11875Kb lim: 65536 exec/s: 288 rss: 375Mb L: 652/65536 MS: 2 ShuffleBytes-EraseBytes-
#4335	NEW    cov: 7690 ft: 38212 corp: 666/11906Kb lim: 65536 exec/s: 289 rss: 376Mb L: 32140/65536 MS: 2 CrossOver-CrossOver-
#4349	NEW    cov: 7690 ft: 38225 corp: 667/11910Kb lim: 65536 exec/s: 289 rss: 376Mb L: 3430/65536 MS: 4 ChangeByte-InsertRepeatedBytes-InsertByte-CopyPart-
#4356	NEW    cov: 7690 ft: 38227 corp: 668/11910Kb lim: 65536 exec/s: 290 rss: 377Mb L: 532/65536 MS: 2 ChangeByte-InsertByte-
#4359	NEW    cov: 7698 ft: 38241 corp: 669/11916Kb lim: 65536 exec/s: 290 rss: 377Mb L: 6376/65536 MS: 3 CopyPart-ChangeBit-PersAutoDict- DE: "\274\363\006\000\020a\000\000"-
#4368	REDUCE cov: 7698 ft: 38241 corp: 669/11916Kb lim: 65536 exec/s: 291 rss: 377Mb L: 1037/65536 MS: 4 ChangeBinInt-CMP-PersAutoDict-EraseBytes- DE: "www"-"gle"-
#4374	REDUCE cov: 7698 ft: 38241 corp: 669/11904Kb lim: 65536 exec/s: 291 rss: 378Mb L: 43825/65536 MS: 1 EraseBytes-
#4394	REDUCE cov: 7698 ft: 38244 corp: 670/11913Kb lim: 65536 exec/s: 274 rss: 379Mb L: 9785/65536 MS: 5 ChangeASCIIInt-PersAutoDict-PersAutoDict-EraseBytes-CopyPart- DE: "exampl.ex"-"&DifferentialD;"-
#4396	NEW    cov: 7698 ft: 38245 corp: 671/11964Kb lim: 65536 exec/s: 274 rss: 380Mb L: 52180/65536 MS: 2 PersAutoDict-EraseBytes- DE: "\352\321\212\001Pb\000\000"-
#4419	NEW    cov: 7698 ft: 38257 corp: 672/11994Kb lim: 65536 exec/s: 276 rss: 382Mb L: 30519/65536 MS: 3 ChangeByte-CMP-PersAutoDict- DE: "\377\377u\257"-"\010\000"-
#4421	REDUCE cov: 7698 ft: 38257 corp: 672/11994Kb lim: 65536 exec/s: 276 rss: 382Mb L: 334/65536 MS: 2 ChangeBinInt-EraseBytes-
#4423	NEW    cov: 7698 ft: 38261 corp: 673/12004Kb lim: 65536 exec/s: 276 rss: 382Mb L: 10142/65536 MS: 2 ChangeByte-PersAutoDict- DE: "\036\000\000\000"-
#4426	REDUCE cov: 7698 ft: 38267 corp: 674/12010Kb lim: 65536 exec/s: 276 rss: 382Mb L: 6385/65536 MS: 3 ChangeBit-CMP-ChangeBinInt- DE: "lines"-
#4429	REDUCE cov: 7698 ft: 38267 corp: 674/12010Kb lim: 65536 exec/s: 276 rss: 382Mb L: 781/65536 MS: 3 PersAutoDict-CMP-EraseBytes- DE: "&ouml;"-"\020\000\000\000"-
#4439	NEW    cov: 7698 ft: 38273 corp: 675/12015Kb lim: 65536 exec/s: 277 rss: 382Mb L: 5130/65536 MS: 5 InsertRepeatedBytes-CMP-PersAutoDict-InsertRepeatedBytes-ChangeBinInt- DE: "\026\000\000\000"-" \245"-
#4502	REDUCE cov: 7698 ft: 38279 corp: 676/12020Kb lim: 65536 exec/s: 281 rss: 385Mb L: 5282/65536 MS: 3 PersAutoDict-InsertByte-EraseBytes- DE: ";\012\000\000"-
#4522	NEW    cov: 7698 ft: 38288 corp: 677/12083Kb lim: 65536 exec/s: 282 rss: 385Mb L: 64970/65536 MS: 5 ChangeASCIIInt-ChangeBinInt-InsertRepeatedBytes-ChangeBinInt-CrossOver-
#4526	NEW    cov: 7698 ft: 38290 corp: 678/12113Kb lim: 65536 exec/s: 282 rss: 385Mb L: 29739/65536 MS: 4 ChangeBit-ShuffleBytes-ChangeBinInt-CrossOver-
#4539	REDUCE cov: 7698 ft: 38291 corp: 679/12122Kb lim: 65536 exec/s: 283 rss: 385Mb L: 9377/65536 MS: 3 ChangeBit-InsertRepeatedBytes-PersAutoDict- DE: "\377\377"-
#4544	NEW    cov: 7698 ft: 38294 corp: 680/12152Kb lim: 65536 exec/s: 284 rss: 385Mb L: 31063/65536 MS: 5 CopyPart-CrossOver-ChangeASCIIInt-CrossOver-CopyPart-
#4562	NEW    cov: 7698 ft: 38295 corp: 681/12159Kb lim: 65536 exec/s: 285 rss: 385Mb L: 7292/65536 MS: 3 EraseBytes-ChangeBinInt-InsertRepeatedBytes-
#4565	REDUCE cov: 7700 ft: 38325 corp: 682/12186Kb lim: 65536 exec/s: 285 rss: 385Mb L: 27361/65536 MS: 3 ShuffleBytes-ShuffleBytes-CopyPart-
#4577	REDUCE cov: 7700 ft: 38325 corp: 682/12182Kb lim: 65536 exec/s: 286 rss: 385Mb L: 25488/65536 MS: 2 PersAutoDict-EraseBytes- DE: "\377\377\377\026"-
#4579	NEW    cov: 7700 ft: 38342 corp: 683/12182Kb lim: 65536 exec/s: 286 rss: 385Mb L: 652/65536 MS: 2 ChangeByte-CMP- DE: "\031\000\000\000"-
#4592	REDUCE cov: 7700 ft: 38342 corp: 683/12178Kb lim: 65536 exec/s: 287 rss: 385Mb L: 5127/65536 MS: 3 CopyPart-PersAutoDict-EraseBytes- DE: "\310\336(\000\240b\000\000"-
#4609	REDUCE cov: 7700 ft: 38342 corp: 683/12177Kb lim: 65536 exec/s: 288 rss: 385Mb L: 17941/65536 MS: 2 InsertByte-EraseBytes-
#4611	NEW    cov: 7700 ft: 38343 corp: 684/12223Kb lim: 65536 exec/s: 288 rss: 385Mb L: 46925/65536 MS: 2 ChangeBinInt-ChangeBinInt-
#4616	NEW    cov: 7701 ft: 38345 corp: 685/12267Kb lim: 65536 exec/s: 288 rss: 385Mb L: 44545/65536 MS: 5 ChangeBinInt-CrossOver-ChangeBit-CMP-CrossOver- DE: "\007\000"-
#4627	REDUCE cov: 7701 ft: 38345 corp: 685/12260Kb lim: 65536 exec/s: 289 rss: 385Mb L: 32708/65536 MS: 1 EraseBytes-
#4646	NEW    cov: 7701 ft: 38347 corp: 686/12317Kb lim: 65536 exec/s: 290 rss: 385Mb L: 59042/65536 MS: 4 InsertByte-ChangeBinInt-InsertRepeatedBytes-CrossOver-
#4654	NEW    cov: 7701 ft: 38390 corp: 687/12346Kb lim: 65536 exec/s: 290 rss: 386Mb L: 29111/65536 MS: 3 CrossOver-ChangeASCIIInt-CopyPart-
#4673	REDUCE cov: 7701 ft: 38390 corp: 687/12346Kb lim: 65536 exec/s: 292 rss: 386Mb L: 1192/65536 MS: 4 ShuffleBytes-ChangeBinInt-ChangeBinInt-EraseBytes-
#4684	NEW    cov: 7701 ft: 38435 corp: 688/12363Kb lim: 65536 exec/s: 292 rss: 386Mb L: 17299/65536 MS: 1 CopyPart-
#4689	NEW    cov: 7701 ft: 38469 corp: 689/12375Kb lim: 65536 exec/s: 293 rss: 386Mb L: 12175/65536 MS: 5 CopyPart-ChangeByte-ChangeASCIIInt-CrossOver-CopyPart-
#4692	NEW    cov: 7702 ft: 38478 corp: 690/12427Kb lim: 65536 exec/s: 293 rss: 386Mb L: 53361/65536 MS: 3 InsertByte-ChangeBinInt-CrossOver-
#4739	NEW    cov: 7703 ft: 38479 corp: 691/12427Kb lim: 65536 exec/s: 296 rss: 387Mb L: 611/65536 MS: 2 CopyPart-ChangeBit-
#4784	NEW    cov: 7729 ft: 38518 corp: 692/12432Kb lim: 65536 exec/s: 281 rss: 388Mb L: 4427/65536 MS: 5 EraseBytes-ChangeByte-ShuffleBytes-ChangeBinInt-ChangeByte-
#4823	NEW    cov: 7729 ft: 38520 corp: 693/12439Kb lim: 65536 exec/s: 283 rss: 389Mb L: 7039/65536 MS: 4 InsertRepeatedBytes-InsertByte-CopyPart-InsertByte-
#4839	NEW    cov: 7729 ft: 38524 corp: 694/12444Kb lim: 65536 exec/s: 284 rss: 390Mb L: 5510/65536 MS: 1 ChangeByte-
#4849	REDUCE cov: 7729 ft: 38524 corp: 694/12443Kb lim: 65536 exec/s: 285 rss: 390Mb L: 5200/65536 MS: 5 ShuffleBytes-InsertRepeatedBytes-ChangeByte-InsertRepeatedBytes-EraseBytes-
#4880	NEW    cov: 7729 ft: 38525 corp: 695/12447Kb lim: 65536 exec/s: 287 rss: 391Mb L: 3381/65536 MS: 1 CopyPart-
#4887	NEW    cov: 7730 ft: 38526 corp: 696/12486Kb lim: 65536 exec/s: 287 rss: 391Mb L: 39756/65536 MS: 2 PersAutoDict-PersAutoDict- DE: "\221\232\215\214"-"language-"-
#4903	REDUCE cov: 7730 ft: 38526 corp: 696/12485Kb lim: 65536 exec/s: 288 rss: 391Mb L: 2498/65536 MS: 1 EraseBytes-
#4908	NEW    cov: 7732 ft: 38532 corp: 697/12497Kb lim: 65536 exec/s: 288 rss: 392Mb L: 12436/65536 MS: 5 InsertRepeatedBytes-InsertRepeatedBytes-CMP-InsertByte-InsertRepeatedBytes- DE: "\000\001"-
#4910	REDUCE cov: 7732 ft: 38532 corp: 697/12497Kb lim: 65536 exec/s: 288 rss: 392Mb L: 1017/65536 MS: 2 CopyPart-EraseBytes-
#4918	REDUCE cov: 7732 ft: 38571 corp: 698/12509Kb lim: 65536 exec/s: 289 rss: 392Mb L: 12166/65536 MS: 3 InsertByte-ChangeBinInt-CopyPart-
#4967	NEW    cov: 7732 ft: 38575 corp: 699/12512Kb lim: 65536 exec/s: 292 rss: 394Mb L: 2647/65536 MS: 4 EraseBytes-ChangeBit-PersAutoDict-PersAutoDict- DE: " \000"-"\001\000a\220\000\032\015\220"-
#4975	NEW    cov: 7732 ft: 38576 corp: 700/12564Kb lim: 65536 exec/s: 292 rss: 394Mb L: 53467/65536 MS: 3 PersAutoDict-ChangeByte-CrossOver- DE: "w\235"-
#4996	REDUCE cov: 7732 ft: 38576 corp: 700/12563Kb lim: 65536 exec/s: 293 rss: 394Mb L: 1451/65536 MS: 1 EraseBytes-
#5013	REDUCE cov: 7732 ft: 38576 corp: 700/12562Kb lim: 65536 exec/s: 294 rss: 394Mb L: 4767/65536 MS: 2 InsertRepeatedBytes-EraseBytes-
#5027	NEW    cov: 7732 ft: 38616 corp: 701/12591Kb lim: 65536 exec/s: 295 rss: 394Mb L: 29843/65536 MS: 4 ChangeBit-ChangeASCIIInt-ChangeBinInt-CrossOver-
#5032	REDUCE cov: 7732 ft: 38618 corp: 702/12626Kb lim: 65536 exec/s: 296 rss: 394Mb L: 35845/65536 MS: 5 CMP-CrossOver-PersAutoDict-ChangeBinInt-CopyPart- DE: "cks]"-"\377\377"-
#5033	NEW    cov: 7732 ft: 38624 corp: 703/12668Kb lim: 65536 exec/s: 296 rss: 394Mb L: 42745/65536 MS: 1 CopyPart-
#5065	NEW    cov: 7733 ft: 38625 corp: 704/12670Kb lim: 65536 exec/s: 297 rss: 394Mb L: 1958/65536 MS: 2 EraseBytes-CMP- DE: "\000\012"-
#5090	REDUCE cov: 7733 ft: 38625 corp: 704/12669Kb lim: 65536 exec/s: 299 rss: 394Mb L: 19375/65536 MS: 5 ShuffleBytes-CrossOver-ChangeByte-ChangeBit-EraseBytes-
#5101	REDUCE cov: 7733 ft: 38625 corp: 704/12669Kb lim: 65536 exec/s: 300 rss: 394Mb L: 697/65536 MS: 1 EraseBytes-
#5116	NEW    cov: 7735 ft: 38627 corp: 705/12728Kb lim: 65536 exec/s: 300 rss: 394Mb L: 60734/65536 MS: 5 ChangeByte-ShuffleBytes-InsertRepeatedBytes-InsertByte-InsertRepeatedBytes-
#5123	NEW    cov: 7737 ft: 38629 corp: 706/12751Kb lim: 65536 exec/s: 301 rss: 394Mb L: 23998/65536 MS: 2 InsertByte-CopyPart-
#5167	NEW    cov: 7738 ft: 38630 corp: 707/12752Kb lim: 65536 exec/s: 287 rss: 395Mb L: 272/65536 MS: 4 ChangeByte-ChangeByte-EraseBytes-InsertRepeatedBytes-
#5185	NEW    cov: 7739 ft: 38631 corp: 708/12767Kb lim: 65536 exec/s: 288 rss: 395Mb L: 15485/65536 MS: 3 ShuffleBytes-EraseBytes-InsertByte-
#5199	REDUCE cov: 7739 ft: 38631 corp: 708/12767Kb lim: 65536 exec/s: 288 rss: 395Mb L: 11793/65536 MS: 4 InsertByte-ShuffleBytes-ChangeBit-EraseBytes-
#5206	REDUCE cov: 7739 ft: 38645 corp: 709/12773Kb lim: 65536 exec/s: 289 rss: 395Mb L: 5961/65536 MS: 2 PersAutoDict-ChangeBit- DE: "7\031=\000\240b\000\000"-
#5226	REDUCE cov: 7739 ft: 38645 corp: 709/12770Kb lim: 65536 exec/s: 290 rss: 395Mb L: 2288/65536 MS: 5 ChangeBinInt-ChangeBit-ChangeBinInt-CMP-EraseBytes- DE: "http"-
#5234	REDUCE cov: 7739 ft: 38645 corp: 709/12770Kb lim: 65536 exec/s: 290 rss: 396Mb L: 8624/65536 MS: 3 CrossOver-InsertByte-EraseBytes-
#5249	REDUCE cov: 7739 ft: 38646 corp: 710/12772Kb lim: 65536 exec/s: 291 rss: 396Mb L: 1967/65536 MS: 5 CopyPart-CrossOver-ChangeByte-EraseBytes-CopyPart-
#5259	NEW    cov: 7739 ft: 38647 corp: 711/12772Kb lim: 65536 exec/s: 292 rss: 396Mb L: 509/65536 MS: 5 ChangeBinInt-PersAutoDict-CrossOver-ShuffleBytes-EraseBytes- DE: "\001\000\000\036"-
#5261	NEW    cov: 7739 ft: 38657 corp: 712/12783Kb lim: 65536 exec/s: 292 rss: 396Mb L: 10939/65536 MS: 2 ShuffleBytes-CMP- DE: "9\276g\266\376\177\000\000"-
#5262	REDUCE cov: 7739 ft: 38657 corp: 712/12782Kb lim: 65536 exec/s: 292 rss: 396Mb L: 2153/65536 MS: 1 EraseBytes-
#5266	NEW    cov: 7739 ft: 38669 corp: 713/12824Kb lim: 65536 exec/s: 292 rss: 397Mb L: 43171/65536 MS: 4 ChangeByte-CrossOver-ChangeBinInt-CrossOver-
#5269	NEW    cov: 7739 ft: 38717 corp: 714/12857Kb lim: 65536 exec/s: 292 rss: 397Mb L: 34020/65536 MS: 3 PersAutoDict-EraseBytes-CrossOver- DE: "\247P"-
#5282	REDUCE cov: 7739 ft: 38717 corp: 714/12853Kb lim: 65536 exec/s: 293 rss: 397Mb L: 18106/65536 MS: 3 ShuffleBytes-PersAutoDict-EraseBytes- DE: "lock"-
#5297	NEW    cov: 7739 ft: 38724 corp: 715/12891Kb lim: 65536 exec/s: 294 rss: 398Mb L: 38885/65536 MS: 5 ChangeASCIIInt-CopyPart-ChangeBinInt-EraseBytes-CrossOver-
#5299	NEW    cov: 7754 ft: 38739 corp: 716/12926Kb lim: 65536 exec/s: 294 rss: 398Mb L: 35969/65536 MS: 2 ChangeASCIIInt-InsertByte-
#5302	NEW    cov: 7754 ft: 38778 corp: 717/12965Kb lim: 65536 exec/s: 294 rss: 399Mb L: 40431/65536 MS: 3 CrossOver-ChangeASCIIInt-CrossOver-
#5316	NEW    cov: 7754 ft: 38780 corp: 718/12992Kb lim: 65536 exec/s: 295 rss: 400Mb L: 27361/65536 MS: 4 ChangeASCIIInt-ShuffleBytes-ChangeBit-CopyPart-
#5317	NEW    cov: 7754 ft: 38797 corp: 719/13009Kb lim: 65536 exec/s: 295 rss: 400Mb L: 16949/65536 MS: 1 EraseBytes-
#5334	NEW    cov: 7756 ft: 38816 corp: 720/13039Kb lim: 65536 exec/s: 296 rss: 401Mb L: 30850/65536 MS: 2 CrossOver-EraseBytes-
#5337	REDUCE cov: 7756 ft: 38817 corp: 721/13040Kb lim: 65536 exec/s: 296 rss: 401Mb L: 899/65536 MS: 3 CMP-CMP-CrossOver- DE: "ent"-"graph"-
#5340	NEW    cov: 7756 ft: 38823 corp: 722/13044Kb lim: 65536 exec/s: 296 rss: 401Mb L: 4359/65536 MS: 3 PersAutoDict-EraseBytes-CrossOver- DE: "\000\000\000\024"-
#5341	NEW    cov: 7756 ft: 38824 corp: 723/13046Kb lim: 65536 exec/s: 296 rss: 401Mb L: 2595/65536 MS: 1 EraseBytes-
#5403	NEW    cov: 7756 ft: 38825 corp: 724/13072Kb lim: 65536 exec/s: 300 rss: 403Mb L: 25791/65536 MS: 2 PersAutoDict-EraseBytes- DE: "\015\000"-
#5409	NEW    cov: 7756 ft: 38884 corp: 725/13075Kb lim: 65536 exec/s: 284 rss: 403Mb L: 3511/65536 MS: 1 CrossOver-
#5411	NEW    cov: 7756 ft: 38885 corp: 726/13077Kb lim: 65536 exec/s: 284 rss: 403Mb L: 1989/65536 MS: 2 InsertRepeatedBytes-CopyPart-
#5426	NEW    cov: 7756 ft: 38886 corp: 727/13141Kb lim: 65536 exec/s: 285 rss: 403Mb L: 65536/65536 MS: 5 ChangeByte-ShuffleBytes-CopyPart-ChangeByte-CrossOver-
#5454	NEW    cov: 7756 ft: 38898 corp: 728/13156Kb lim: 65536 exec/s: 287 rss: 403Mb L: 15658/65536 MS: 3 ShuffleBytes-CrossOver-PersAutoDict- DE: "cks]"-
#5462	NEW    cov: 7758 ft: 38904 corp: 729/13157Kb lim: 65536 exec/s: 287 rss: 403Mb L: 944/65536 MS: 3 ChangeByte-ShuffleBytes-CrossOver-
#5488	NEW    cov: 7759 ft: 38905 corp: 730/13221Kb lim: 65536 exec/s: 288 rss: 403Mb L: 64954/65536 MS: 1 CMP- DE: "\001\000\177\376\266g\273@"-
#5490	NEW    cov: 7759 ft: 39008 corp: 731/13229Kb lim: 65536 exec/s: 288 rss: 403Mb L: 8644/65536 MS: 2 InsertRepeatedBytes-CrossOver-
#5492	NEW    cov: 7759 ft: 39034 corp: 732/13258Kb lim: 65536 exec/s: 289 rss: 403Mb L: 29561/65536 MS: 2 ChangeBit-CopyPart-
#5497	NEW    cov: 7759 ft: 39035 corp: 733/13284Kb lim: 65536 exec/s: 289 rss: 403Mb L: 26726/65536 MS: 5 CopyPart-CMP-CMP-ChangeByte-CopyPart- DE: "&DDotrah"-"\000\000bp\0008]("-
#5504	REDUCE cov: 7759 ft: 39035 corp: 733/13284Kb lim: 65536 exec/s: 289 rss: 403Mb L: 305/65536 MS: 2 ShuffleBytes-EraseBytes-
#5523	REDUCE cov: 7759 ft: 39035 corp: 733/13283Kb lim: 65536 exec/s: 290 rss: 403Mb L: 2340/65536 MS: 4 ChangeByte-InsertByte-ChangeASCIIInt-EraseBytes-
#5533	NEW    cov: 7759 ft: 39036 corp: 734/13335Kb lim: 65536 exec/s: 291 rss: 403Mb L: 52710/65536 MS: 5 ChangeASCIIInt-InsertByte-ChangeASCIIInt-InsertRepeatedBytes-CrossOver-
#5535	NEW    cov: 7759 ft: 39040 corp: 735/13353Kb lim: 65536 exec/s: 291 rss: 403Mb L: 18587/65536 MS: 2 CopyPart-EraseBytes-
#5536	REDUCE cov: 7759 ft: 39040 corp: 735/13353Kb lim: 65536 exec/s: 291 rss: 403Mb L: 490/65536 MS: 1 EraseBytes-
#5552	NEW    cov: 7759 ft: 39041 corp: 736/13401Kb lim: 65536 exec/s: 292 rss: 403Mb L: 49688/65536 MS: 1 InsertByte-
#5558	NEW    cov: 7759 ft: 39042 corp: 737/13465Kb lim: 65536 exec/s: 292 rss: 403Mb L: 65536/65536 MS: 1 CopyPart-
#5562	NEW    cov: 7759 ft: 39046 corp: 738/13502Kb lim: 65536 exec/s: 292 rss: 403Mb L: 37811/65536 MS: 4 ChangeASCIIInt-InsertByte-ChangeByte-CrossOver-
#5580	NEW    cov: 7759 ft: 39048 corp: 739/13547Kb lim: 65536 exec/s: 293 rss: 403Mb L: 45808/65536 MS: 3 ChangeBinInt-ChangeASCIIInt-CMP- DE: "&Hat;"-
#5590	NEW    cov: 7759 ft: 39049 corp: 740/13603Kb lim: 65536 exec/s: 294 rss: 403Mb L: 57471/65536 MS: 5 PersAutoDict-CrossOver-InsertRepeatedBytes-CopyPart-CopyPart- DE: "\312\316\037\001\220b\000\000"-
#5612	NEW    cov: 7760 ft: 39051 corp: 741/13603Kb lim: 65536 exec/s: 295 rss: 403Mb L: 152/65536 MS: 2 ChangeByte-EraseBytes-
#5614	NEW    cov: 7760 ft: 39084 corp: 742/13607Kb lim: 65536 exec/s: 295 rss: 403Mb L: 4125/65536 MS: 2 ChangeByte-InsertRepeatedBytes-
#5621	NEW    cov: 7760 ft: 39184 corp: 743/13653Kb lim: 65536 exec/s: 295 rss: 403Mb L: 46138/65536 MS: 2 CMP-CrossOver- DE: "\001\000\177\376\266g\275\330"-
#5625	REDUCE cov: 7760 ft: 39203 corp: 744/13678Kb lim: 65536 exec/s: 296 rss: 403Mb L: 26391/65536 MS: 4 ChangeBinInt-EraseBytes-ChangeBit-CrossOver-
#5638	NEW    cov: 7760 ft: 39212 corp: 745/13720Kb lim: 65536 exec/s: 296 rss: 403Mb L: 42719/65536 MS: 3 ChangeASCIIInt-CopyPart-CrossOver-
#5640	NEW    cov: 7761 ft: 39213 corp: 746/13729Kb lim: 65536 exec/s: 296 rss: 404Mb L: 9151/65536 MS: 2 ChangeASCIIInt-InsertByte-
#5648	NEW    cov: 7761 ft: 39324 corp: 747/13758Kb lim: 65536 exec/s: 297 rss: 404Mb L: 30022/65536 MS: 3 InsertByte-InsertRepeatedBytes-CopyPart-
#5653	NEW    cov: 7761 ft: 39521 corp: 748/13772Kb lim: 65536 exec/s: 297 rss: 404Mb L: 13823/65536 MS: 5 InsertByte-ChangeBit-ChangeBit-InsertRepeatedBytes-CrossOver-
#5656	NEW    cov: 7761 ft: 39524 corp: 749/13780Kb lim: 65536 exec/s: 297 rss: 404Mb L: 8690/65536 MS: 3 InsertRepeatedBytes-ChangeASCIIInt-ChangeBit-
#5661	NEW    cov: 7763 ft: 39645 corp: 750/13842Kb lim: 65536 exec/s: 297 rss: 404Mb L: 63504/65536 MS: 5 InsertRepeatedBytes-InsertRepeatedBytes-ShuffleBytes-CopyPart-CrossOver-
#5666	REDUCE cov: 7763 ft: 39645 corp: 750/13842Kb lim: 65536 exec/s: 298 rss: 404Mb L: 7689/65536 MS: 5 ChangeBinInt-ChangeBit-CrossOver-ChangeBinInt-EraseBytes-
#5677	REDUCE cov: 7763 ft: 39645 corp: 750/13839Kb lim: 65536 exec/s: 298 rss: 404Mb L: 3704/65536 MS: 1 EraseBytes-
#5680	NEW    cov: 7763 ft: 39650 corp: 751/13895Kb lim: 65536 exec/s: 298 rss: 404Mb L: 57790/65536 MS: 3 ChangeASCIIInt-InsertRepeatedBytes-CopyPart-
#5685	NEW    cov: 7763 ft: 39657 corp: 752/13896Kb lim: 65536 exec/s: 299 rss: 404Mb L: 865/65536 MS: 5 CrossOver-CMP-InsertRepeatedBytes-EraseBytes-EraseBytes- DE: "shes"-
#5693	NEW    cov: 7764 ft: 39658 corp: 753/13919Kb lim: 65536 exec/s: 284 rss: 405Mb L: 23766/65536 MS: 3 ChangeBit-PersAutoDict-PersAutoDict- DE: "cks]"-"\014\000\000\000"-
#5701	NEW    cov: 7766 ft: 39663 corp: 754/13951Kb lim: 65536 exec/s: 285 rss: 406Mb L: 32399/65536 MS: 3 InsertRepeatedBytes-CrossOver-ChangeByte-
#5704	NEW    cov: 7766 ft: 39667 corp: 755/13963Kb lim: 65536 exec/s: 285 rss: 406Mb L: 12914/65536 MS: 3 PersAutoDict-CMP-InsertRepeatedBytes- DE: "!\033"-"\002\000"-
#5705	NEW    cov: 7766 ft: 39671 corp: 756/13980Kb lim: 65536 exec/s: 285 rss: 406Mb L: 17604/65536 MS: 1 CopyPart-
#5722	REDUCE cov: 7766 ft: 39671 corp: 756/13980Kb lim: 65536 exec/s: 286 rss: 406Mb L: 411/65536 MS: 2 CopyPart-EraseBytes-
#5727	NEW    cov: 7766 ft: 39696 corp: 757/13991Kb lim: 65536 exec/s: 286 rss: 406Mb L: 10484/65536 MS: 5 ChangeBinInt-CrossOver-ChangeASCIIInt-InsertByte-CMP- DE: "\000\000\000\000\000\000\000\000"-
#5733	REDUCE cov: 7766 ft: 39696 corp: 757/13991Kb lim: 65536 exec/s: 286 rss: 407Mb L: 257/65536 MS: 1 EraseBytes-
#5740	REDUCE cov: 7766 ft: 39696 corp: 757/13985Kb lim: 65536 exec/s: 287 rss: 407Mb L: 10570/65536 MS: 2 ShuffleBytes-EraseBytes-
#5743	NEW    cov: 7766 ft: 39697 corp: 758/14005Kb lim: 65536 exec/s: 287 rss: 407Mb L: 20684/65536 MS: 3 InsertRepeatedBytes-ShuffleBytes-CopyPart-
#5769	NEW    cov: 7767 ft: 39712 corp: 759/14005Kb lim: 65536 exec/s: 288 rss: 408Mb L: 163/65536 MS: 1 CrossOver-
#5773	REDUCE cov: 7767 ft: 39713 corp: 760/14008Kb lim: 65536 exec/s: 288 rss: 408Mb L: 2689/65536 MS: 4 ChangeByte-ChangeBit-ShuffleBytes-CopyPart-
#5817	NEW    cov: 7767 ft: 39721 corp: 761/14010Kb lim: 65536 exec/s: 290 rss: 408Mb L: 2042/65536 MS: 4 InsertRepeatedBytes-ShuffleBytes-ChangeASCIIInt-EraseBytes-
#5821	NEW    cov: 7767 ft: 39739 corp: 762/14074Kb lim: 65536 exec/s: 291 rss: 408Mb L: 65536/65536 MS: 4 CMP-ChangeByte-CMP-CrossOver- DE: "\001\000\000\000\000\000\000\000"-"\377\377b\020\001\006G\355"-
#5867	NEW    cov: 7767 ft: 39744 corp: 763/14102Kb lim: 65536 exec/s: 293 rss: 409Mb L: 29181/65536 MS: 1 InsertRepeatedBytes-
#5870	NEW    cov: 7767 ft: 39776 corp: 764/14146Kb lim: 65536 exec/s: 293 rss: 409Mb L: 44533/65536 MS: 3 ChangeBinInt-ChangeByte-CopyPart-
#5879	NEW    cov: 7770 ft: 39781 corp: 765/14177Kb lim: 65536 exec/s: 293 rss: 409Mb L: 32280/65536 MS: 4 CMP-ChangeBit-ShuffleBytes-EraseBytes- DE: "&Union;"-
#5882	REDUCE cov: 7770 ft: 39786 corp: 766/14190Kb lim: 65536 exec/s: 294 rss: 409Mb L: 13574/65536 MS: 3 ChangeBinInt-ChangeBinInt-CopyPart-
#5923	NEW    cov: 7770 ft: 39787 corp: 767/14254Kb lim: 65536 exec/s: 296 rss: 409Mb L: 65536/65536 MS: 1 ChangeByte-
#5930	REDUCE cov: 7770 ft: 39787 corp: 767/14239Kb lim: 65536 exec/s: 296 rss: 409Mb L: 31203/65536 MS: 2 ChangeBit-EraseBytes-
#5931	NEW    cov: 7770 ft: 39793 corp: 768/14282Kb lim: 65536 exec/s: 296 rss: 410Mb L: 44292/65536 MS: 1 CopyPart-
#5959	NEW    cov: 7770 ft: 39794 corp: 769/14302Kb lim: 65536 exec/s: 297 rss: 410Mb L: 20592/65536 MS: 3 CMP-CrossOver-ChangeBinInt- DE: "&Clockwi"-
#5982	REDUCE cov: 7773 ft: 39808 corp: 770/14302Kb lim: 65536 exec/s: 299 rss: 410Mb L: 118/65536 MS: 3 ChangeByte-EraseBytes-CopyPart-
#5995	REDUCE cov: 7773 ft: 39810 corp: 771/14363Kb lim: 65536 exec/s: 285 rss: 410Mb L: 61739/65536 MS: 3 CrossOver-InsertRepeatedBytes-CopyPart-
#5996	NEW    cov: 7773 ft: 39819 corp: 772/14370Kb lim: 65536 exec/s: 285 rss: 410Mb L: 7371/65536 MS: 1 EraseBytes-
#6021	NEW    cov: 7774 ft: 39821 corp: 773/14427Kb lim: 65536 exec/s: 286 rss: 411Mb L: 58202/65536 MS: 5 InsertByte-PersAutoDict-InsertRepeatedBytes-ChangeBinInt-ChangeBit- DE: "\001\000a0\000\001\222\035"-
#6032	REDUCE cov: 7774 ft: 39821 corp: 773/14426Kb lim: 65536 exec/s: 287 rss: 411Mb L: 3276/65536 MS: 1 EraseBytes-
#6084	NEW    cov: 7774 ft: 39822 corp: 774/14469Kb lim: 65536 exec/s: 289 rss: 413Mb L: 44028/65536 MS: 2 ChangeByte-CrossOver-
#6095	NEW    cov: 7775 ft: 39823 corp: 775/14519Kb lim: 65536 exec/s: 290 rss: 415Mb L: 50849/65536 MS: 1 CrossOver-
#6099	NEW    cov: 7776 ft: 39828 corp: 776/14549Kb lim: 65536 exec/s: 290 rss: 415Mb L: 31332/65536 MS: 4 CMP-ChangeBit-ChangeBit-CrossOver- DE: "\376\377\377\377"-
#6117	NEW    cov: 7776 ft: 39840 corp: 777/14612Kb lim: 65536 exec/s: 291 rss: 415Mb L: 63813/65536 MS: 3 ChangeASCIIInt-ChangeByte-CrossOver-
#6122	NEW    cov: 7777 ft: 39841 corp: 778/14633Kb lim: 65536 exec/s: 291 rss: 415Mb L: 21648/65536 MS: 5 InsertByte-CopyPart-ChangeByte-ShuffleBytes-CrossOver-
#6130	NEW    cov: 7777 ft: 39842 corp: 779/14670Kb lim: 65536 exec/s: 291 rss: 415Mb L: 37696/65536 MS: 3 ChangeBinInt-EraseBytes-ChangeBit-
#6146	REDUCE cov: 7777 ft: 39842 corp: 779/14670Kb lim: 65536 exec/s: 292 rss: 415Mb L: 1136/65536 MS: 1 EraseBytes-
#6150	REDUCE cov: 7777 ft: 39842 corp: 779/14669Kb lim: 65536 exec/s: 292 rss: 415Mb L: 2240/65536 MS: 4 ChangeBinInt-InsertRepeatedBytes-ChangeBinInt-EraseBytes-
#6158	REDUCE cov: 7777 ft: 39842 corp: 779/14668Kb lim: 65536 exec/s: 293 rss: 415Mb L: 7566/65536 MS: 3 PersAutoDict-ChangeBit-EraseBytes- DE: "&DDotrah"-
#6161	NEW    cov: 7777 ft: 39844 corp: 780/14699Kb lim: 65536 exec/s: 293 rss: 415Mb L: 30894/65536 MS: 3 ChangeBinInt-ChangeByte-EraseBytes-
#6173	NEW    cov: 7777 ft: 39846 corp: 781/14701Kb lim: 65536 exec/s: 293 rss: 415Mb L: 2042/65536 MS: 2 PersAutoDict-CrossOver- DE: "ftp"-
#6189	NEW    cov: 7777 ft: 39848 corp: 782/14763Kb lim: 65536 exec/s: 294 rss: 415Mb L: 63504/65536 MS: 1 ShuffleBytes-
#6271	REDUCE cov: 7777 ft: 39848 corp: 782/14753Kb lim: 65536 exec/s: 298 rss: 415Mb L: 56163/65536 MS: 2 ChangeBit-EraseBytes-
#6311	NEW    cov: 7777 ft: 39863 corp: 783/14775Kb lim: 65536 exec/s: 300 rss: 415Mb L: 22370/65536 MS: 5 CopyPart-InsertRepeatedBytes-PersAutoDict-InsertRepeatedBytes-CrossOver- DE: "/\000\000\000"-
#6324	NEW    cov: 7777 ft: 39864 corp: 784/14839Kb lim: 65536 exec/s: 301 rss: 415Mb L: 65536/65536 MS: 3 CMP-ShuffleBytes-CopyPart- DE: "\000\000\000\000\000\000\000\000"-
#6325	NEW    cov: 7777 ft: 39868 corp: 785/14881Kb lim: 65536 exec/s: 301 rss: 415Mb L: 42666/65536 MS: 1 CopyPart-
#6366	NEW    cov: 7777 ft: 39870 corp: 786/14899Kb lim: 65536 exec/s: 303 rss: 415Mb L: 18278/65536 MS: 1 CopyPart-
#6369	NEW    cov: 7777 ft: 39903 corp: 787/14919Kb lim: 65536 exec/s: 303 rss: 415Mb L: 20605/65536 MS: 3 ShuffleBytes-ChangeBit-ChangeBit-
#6414	REDUCE cov: 7777 ft: 39903 corp: 787/14895Kb lim: 65536 exec/s: 291 rss: 415Mb L: 39333/65536 MS: 5 ChangeASCIIInt-ChangeASCIIInt-ChangeASCIIInt-ChangeASCIIInt-EraseBytes-
#6440	REDUCE cov: 7777 ft: 39903 corp: 787/14894Kb lim: 65536 exec/s: 292 rss: 415Mb L: 8653/65536 MS: 1 EraseBytes-
#6446	NEW    cov: 7777 ft: 39905 corp: 788/14912Kb lim: 65536 exec/s: 293 rss: 415Mb L: 17866/65536 MS: 1 ChangeBit-
#6488	NEW    cov: 7778 ft: 39908 corp: 789/14961Kb lim: 65536 exec/s: 294 rss: 415Mb L: 50033/65536 MS: 2 CMP-CrossOver- DE: "\375\000\000\000\200`\000\000"-
#6500	NEW    cov: 7778 ft: 39915 corp: 790/14978Kb lim: 65536 exec/s: 295 rss: 415Mb L: 18019/65536 MS: 2 InsertByte-CopyPart-
#6527	REDUCE cov: 7778 ft: 39915 corp: 790/14975Kb lim: 65536 exec/s: 296 rss: 415Mb L: 32258/65536 MS: 2 InsertByte-EraseBytes-
#6555	REDUCE cov: 7778 ft: 39915 corp: 790/14973Kb lim: 65536 exec/s: 297 rss: 415Mb L: 10232/65536 MS: 3 CrossOver-CMP-EraseBytes- DE: "\241\0361\000`b\000\000"-
#6557	NEW    cov: 7791 ft: 39928 corp: 791/15037Kb lim: 65536 exec/s: 298 rss: 415Mb L: 65536/65536 MS: 2 ChangeASCIIInt-ChangeByte-
#6596	NEW    cov: 7792 ft: 39929 corp: 792/15037Kb lim: 65536 exec/s: 299 rss: 415Mb L: 167/65536 MS: 4 ChangeBinInt-ChangeByte-CrossOver-CrossOver-
#6599	NEW    cov: 7794 ft: 39945 corp: 793/15101Kb lim: 65536 exec/s: 299 rss: 415Mb L: 65511/65536 MS: 3 PersAutoDict-ChangeBit-CrossOver- DE: "ngs]"-
#6622	NEW    cov: 7794 ft: 39950 corp: 794/15165Kb lim: 65536 exec/s: 301 rss: 415Mb L: 65536/65536 MS: 3 ChangeBinInt-PersAutoDict-CopyPart- DE: "\031\000\000\000"-
#6625	NEW    cov: 7794 ft: 39953 corp: 795/15176Kb lim: 65536 exec/s: 301 rss: 415Mb L: 10471/65536 MS: 3 ChangeBinInt-ShuffleBytes-EraseBytes-
#6637	NEW    cov: 7794 ft: 39954 corp: 796/15184Kb lim: 65536 exec/s: 301 rss: 415Mb L: 8934/65536 MS: 2 CrossOver-InsertByte-
#6656	NEW    cov: 7794 ft: 39958 corp: 797/15211Kb lim: 65536 exec/s: 302 rss: 415Mb L: 27087/65536 MS: 4 InsertByte-CrossOver-ChangeBit-CopyPart-
#6657	NEW    cov: 7794 ft: 39971 corp: 798/15260Kb lim: 65536 exec/s: 302 rss: 415Mb L: 50033/65536 MS: 1 PersAutoDict- DE: "\001\000\000/"-
#6659	REDUCE cov: 7794 ft: 39971 corp: 798/15241Kb lim: 65536 exec/s: 302 rss: 415Mb L: 32843/65536 MS: 2 InsertByte-EraseBytes-
#6700	NEW    cov: 7794 ft: 39994 corp: 799/15300Kb lim: 65536 exec/s: 304 rss: 415Mb L: 60130/65536 MS: 1 CopyPart-
#6707	REDUCE cov: 7794 ft: 39994 corp: 799/15299Kb lim: 65536 exec/s: 304 rss: 415Mb L: 10287/65536 MS: 2 CopyPart-EraseBytes-
#6717	NEW    cov: 7794 ft: 39995 corp: 800/15307Kb lim: 65536 exec/s: 292 rss: 415Mb L: 7799/65536 MS: 5 ShuffleBytes-PersAutoDict-PersAutoDict-CrossOver-CrossOver- DE: "\330}+\000\200b\000\000"-"\000\000a\220\0002\201N"-
#6722	NEW    cov: 7794 ft: 39997 corp: 801/15319Kb lim: 65536 exec/s: 292 rss: 415Mb L: 11870/65536 MS: 5 InsertByte-ChangeBit-CMP-EraseBytes-CopyPart- DE: "\001\000bp\000}Sk"-
#6725	NEW    cov: 7794 ft: 40011 corp: 802/15319Kb lim: 65536 exec/s: 292 rss: 415Mb L: 93/65536 MS: 3 PersAutoDict-PersAutoDict-InsertByte- DE: "7\031=\000\240b\000\000"-"\376\377\377\377"-
#6728	NEW    cov: 7794 ft: 40019 corp: 803/15374Kb lim: 65536 exec/s: 292 rss: 415Mb L: 56728/65536 MS: 3 PersAutoDict-ChangeBit-CrossOver- DE: "gle"-
#6737	REDUCE cov: 7794 ft: 40019 corp: 803/15374Kb lim: 65536 exec/s: 292 rss: 415Mb L: 1072/65536 MS: 4 PersAutoDict-InsertByte-InsertRepeatedBytes-EraseBytes- DE: "<![CDATA["-
#6739	NEW    cov: 7808 ft: 40038 corp: 804/15404Kb lim: 65536 exec/s: 293 rss: 415Mb L: 30756/65536 MS: 2 InsertRepeatedBytes-InsertRepeatedBytes-
#6743	NEW    cov: 7808 ft: 40076 corp: 805/15461Kb lim: 65536 exec/s: 293 rss: 415Mb L: 58755/65536 MS: 4 ChangeBinInt-CrossOver-ShuffleBytes-CopyPart-
#6767	NEW    cov: 7808 ft: 40093 corp: 806/15483Kb lim: 65536 exec/s: 294 rss: 415Mb L: 22465/65536 MS: 4 ShuffleBytes-PersAutoDict-InsertByte-CopyPart- DE: "\000\012"-
#6772	NEW    cov: 7808 ft: 40099 corp: 807/15498Kb lim: 65536 exec/s: 294 rss: 415Mb L: 15502/65536 MS: 5 ChangeByte-ChangeBit-ChangeBit-CMP-CopyPart- DE: "\017\000"-
#6773	REDUCE cov: 7808 ft: 40099 corp: 807/15498Kb lim: 65536 exec/s: 294 rss: 415Mb L: 529/65536 MS: 1 EraseBytes-
#6774	REDUCE cov: 7808 ft: 40099 corp: 807/15498Kb lim: 65536 exec/s: 294 rss: 415Mb L: 274/65536 MS: 1 EraseBytes-
#6807	NEW    cov: 7808 ft: 40100 corp: 808/15551Kb lim: 65536 exec/s: 295 rss: 415Mb L: 54272/65536 MS: 3 InsertRepeatedBytes-PersAutoDict-EraseBytes- DE: "lines"-
#6814	REDUCE cov: 7808 ft: 40100 corp: 808/15547Kb lim: 65536 exec/s: 296 rss: 415Mb L: 10762/65536 MS: 2 InsertRepeatedBytes-EraseBytes-
#6834	NEW    cov: 7809 ft: 40101 corp: 809/15551Kb lim: 65536 exec/s: 297 rss: 415Mb L: 4438/65536 MS: 5 EraseBytes-InsertByte-CopyPart-ShuffleBytes-PersAutoDict- DE: "exampl.ex"-
#6836	NEW    cov: 7809 ft: 40102 corp: 810/15598Kb lim: 65536 exec/s: 297 rss: 415Mb L: 47747/65536 MS: 2 ChangeBit-CopyPart-
#6846	REDUCE cov: 7809 ft: 40102 corp: 810/15595Kb lim: 65536 exec/s: 297 rss: 415Mb L: 5794/65536 MS: 5 ChangeBit-InsertByte-ChangeBit-InsertRepeatedBytes-EraseBytes-
#6853	REDUCE cov: 7809 ft: 40102 corp: 810/15572Kb lim: 65536 exec/s: 297 rss: 415Mb L: 41851/65536 MS: 2 ChangeBit-EraseBytes-
#6857	REDUCE cov: 7809 ft: 40102 corp: 810/15571Kb lim: 65536 exec/s: 298 rss: 415Mb L: 27722/65536 MS: 4 ChangeBinInt-ChangeBinInt-CMP-EraseBytes- DE: "\000\000b\300\000rp\353"-
#6858	NEW    cov: 7809 ft: 40104 corp: 811/15587Kb lim: 65536 exec/s: 298 rss: 415Mb L: 16090/65536 MS: 1 EraseBytes-
#6877	NEW    cov: 7809 ft: 40105 corp: 812/15598Kb lim: 65536 exec/s: 299 rss: 415Mb L: 10809/65536 MS: 4 ShuffleBytes-InsertByte-InsertRepeatedBytes-EraseBytes-
#6892	NEW    cov: 7811 ft: 40127 corp: 813/15621Kb lim: 65536 exec/s: 299 rss: 415Mb L: 23736/65536 MS: 5 CopyPart-ShuffleBytes-InsertByte-EraseBytes-CrossOver-
#6899	NEW    cov: 7811 ft: 40134 corp: 814/15643Kb lim: 65536 exec/s: 299 rss: 415Mb L: 22627/65536 MS: 2 CrossOver-CrossOver-
#6907	REDUCE cov: 7811 ft: 40134 corp: 814/15639Kb lim: 65536 exec/s: 300 rss: 415Mb L: 26178/65536 MS: 3 ShuffleBytes-ChangeByte-EraseBytes-
#6924	REDUCE cov: 7812 ft: 40135 corp: 815/15672Kb lim: 65536 exec/s: 301 rss: 415Mb L: 33417/65536 MS: 2 PersAutoDict-EraseBytes- DE: "<https://"-
#6945	NEW    cov: 7849 ft: 40205 corp: 816/15687Kb lim: 65536 exec/s: 301 rss: 415Mb L: 16090/65536 MS: 1 ChangeBinInt-
#6952	NEW    cov: 7849 ft: 40210 corp: 817/15727Kb lim: 65536 exec/s: 302 rss: 415Mb L: 41034/65536 MS: 2 PersAutoDict-EraseBytes- DE: "block"-
#6968	REDUCE cov: 7849 ft: 40210 corp: 817/15727Kb lim: 65536 exec/s: 302 rss: 415Mb L: 619/65536 MS: 1 EraseBytes-
#6995	NEW    cov: 7849 ft: 40211 corp: 818/15745Kb lim: 65536 exec/s: 304 rss: 415Mb L: 18156/65536 MS: 2 CMP-CopyPart- DE: "\2055"-
#7027	NEW    cov: 7849 ft: 40212 corp: 819/15776Kb lim: 65536 exec/s: 292 rss: 415Mb L: 31868/65536 MS: 2 CrossOver-PersAutoDict- DE: "&quot;"-
#7043	NEW    cov: 7849 ft: 40217 corp: 820/15781Kb lim: 65536 exec/s: 293 rss: 415Mb L: 4697/65536 MS: 1 CopyPart-
#7056	NEW    cov: 7849 ft: 40225 corp: 821/15790Kb lim: 65536 exec/s: 294 rss: 415Mb L: 9486/65536 MS: 3 PersAutoDict-CrossOver-EraseBytes- DE: "lines"-
#7059	REDUCE cov: 7849 ft: 40225 corp: 821/15790Kb lim: 65536 exec/s: 294 rss: 415Mb L: 3800/65536 MS: 3 InsertRepeatedBytes-ChangeASCIIInt-EraseBytes-
#7071	REDUCE cov: 7849 ft: 40225 corp: 821/15789Kb lim: 65536 exec/s: 294 rss: 415Mb L: 616/65536 MS: 2 InsertRepeatedBytes-EraseBytes-
#7092	NEW    cov: 7861 ft: 40238 corp: 822/15823Kb lim: 65536 exec/s: 295 rss: 415Mb L: 34617/65536 MS: 1 CrossOver-
#7112	NEW    cov: 7861 ft: 40239 corp: 823/15843Kb lim: 65536 exec/s: 296 rss: 415Mb L: 20010/65536 MS: 5 InsertRepeatedBytes-EraseBytes-CMP-InsertByte-EraseBytes- DE: "\370\324\235\000\240b\000\000"-
#7115	NEW    cov: 7910 ft: 40313 corp: 824/15866Kb lim: 65536 exec/s: 296 rss: 415Mb L: 23536/65536 MS: 3 ShuffleBytes-CMP-InsertRepeatedBytes- DE: "d\335\232\000\240b\000\000"-
#7123	NEW    cov: 7910 ft: 40340 corp: 825/15890Kb lim: 65536 exec/s: 296 rss: 415Mb L: 25267/65536 MS: 3 ShuffleBytes-ChangeBinInt-CopyPart-
#7154	NEW    cov: 7910 ft: 40363 corp: 826/15908Kb lim: 65536 exec/s: 298 rss: 415Mb L: 18218/65536 MS: 1 EraseBytes-
#7158	REDUCE cov: 7910 ft: 40363 corp: 826/15906Kb lim: 65536 exec/s: 298 rss: 415Mb L: 4132/65536 MS: 4 ChangeBit-InsertByte-ChangeByte-EraseBytes-
#7182	NEW    cov: 7910 ft: 40375 corp: 827/15943Kb lim: 65536 exec/s: 299 rss: 415Mb L: 37269/65536 MS: 4 ChangeByte-ChangeBit-CrossOver-InsertByte-
#7206	NEW    cov: 7911 ft: 40376 corp: 828/15943Kb lim: 65536 exec/s: 300 rss: 415Mb L: 375/65536 MS: 4 PersAutoDict-InsertRepeatedBytes-InsertRepeatedBytes-ChangeByte- DE: "&aacu"-
#7208	NEW    cov: 7911 ft: 40382 corp: 829/15985Kb lim: 65536 exec/s: 300 rss: 415Mb L: 42528/65536 MS: 2 ChangeByte-EraseBytes-
#7230	REDUCE cov: 7911 ft: 40384 corp: 830/16040Kb lim: 65536 exec/s: 301 rss: 415Mb L: 56842/65536 MS: 2 CopyPart-ChangeBit-
#7254	NEW    cov: 7911 ft: 40385 corp: 831/16079Kb lim: 65536 exec/s: 302 rss: 415Mb L: 39483/65536 MS: 4 ChangeByte-EraseBytes-PersAutoDict-InsertRepeatedBytes- DE: "\000\000"-
#7255	NEW    cov: 7925 ft: 40417 corp: 832/16096Kb lim: 65536 exec/s: 302 rss: 415Mb L: 17300/65536 MS: 1 InsertByte-
#7268	NEW    cov: 7925 ft: 40419 corp: 833/16116Kb lim: 65536 exec/s: 302 rss: 415Mb L: 20651/65536 MS: 3 ChangeBinInt-ChangeBinInt-EraseBytes-
#7295	NEW    cov: 7925 ft: 40424 corp: 834/16165Kb lim: 65536 exec/s: 303 rss: 415Mb L: 50834/65536 MS: 2 ChangeByte-CrossOver-
#7327	NEW    cov: 7925 ft: 40425 corp: 835/16213Kb lim: 65536 exec/s: 305 rss: 415Mb L: 48356/65536 MS: 2 CopyPart-CrossOver-
#7351	REDUCE cov: 7925 ft: 40425 corp: 835/16213Kb lim: 65536 exec/s: 306 rss: 415Mb L: 309/65536 MS: 4 PersAutoDict-ShuffleBytes-CMP-EraseBytes- DE: "\000\000\177\376\266g\275\330"-"V\001\000\000"-
#7357	NEW    cov: 7925 ft: 40426 corp: 836/16264Kb lim: 65536 exec/s: 306 rss: 415Mb L: 52564/65536 MS: 1 CopyPart-
#7369	REDUCE cov: 7925 ft: 40426 corp: 836/16262Kb lim: 65536 exec/s: 307 rss: 415Mb L: 11590/65536 MS: 2 ChangeByte-EraseBytes-
#7371	REDUCE cov: 7925 ft: 40426 corp: 836/16259Kb lim: 65536 exec/s: 307 rss: 415Mb L: 25424/65536 MS: 2 ChangeByte-EraseBytes-
#7406	NEW    cov: 7925 ft: 40428 corp: 837/16305Kb lim: 65536 exec/s: 296 rss: 415Mb L: 47102/65536 MS: 5 ShuffleBytes-ShuffleBytes-ShuffleBytes-InsertByte-CrossOver-
#7413	NEW    cov: 7925 ft: 40429 corp: 838/16369Kb lim: 65536 exec/s: 296 rss: 415Mb L: 65536/65536 MS: 2 ChangeBinInt-CrossOver-
#7418	NEW    cov: 7925 ft: 40446 corp: 839/16Mb lim: 65536 exec/s: 296 rss: 415Mb L: 52842/65536 MS: 5 CrossOver-ChangeBinInt-EraseBytes-EraseBytes-CrossOver-
#7476	NEW    cov: 7925 ft: 40447 corp: 840/16Mb lim: 65536 exec/s: 299 rss: 415Mb L: 51456/65536 MS: 3 InsertRepeatedBytes-CrossOver-CrossOver-
#7496	NEW    cov: 7926 ft: 40448 corp: 841/16Mb lim: 65536 exec/s: 299 rss: 415Mb L: 1486/65536 MS: 5 ChangeBinInt-CMP-ShuffleBytes-ChangeBinInt-ChangeByte- DE: "\000\000\000\000\000\000\000\000"-
#7513	REDUCE cov: 7926 ft: 40448 corp: 841/16Mb lim: 65536 exec/s: 300 rss: 415Mb L: 36434/65536 MS: 2 PersAutoDict-EraseBytes- DE: "\203<\024\000`b\000\000"-
#7536	REDUCE cov: 7926 ft: 40448 corp: 841/16Mb lim: 65536 exec/s: 301 rss: 415Mb L: 28920/65536 MS: 3 CopyPart-ChangeBit-EraseBytes-
#7542	REDUCE cov: 7926 ft: 40448 corp: 841/16Mb lim: 65536 exec/s: 301 rss: 415Mb L: 6231/65536 MS: 1 EraseBytes-
#7548	NEW    cov: 7926 ft: 40451 corp: 842/16Mb lim: 65536 exec/s: 301 rss: 415Mb L: 9846/65536 MS: 1 CopyPart-
#7578	REDUCE cov: 7926 ft: 40451 corp: 842/16Mb lim: 65536 exec/s: 303 rss: 415Mb L: 52678/65536 MS: 5 CopyPart-ChangeASCIIInt-ChangeByte-ChangeBit-EraseBytes-
#7580	REDUCE cov: 7926 ft: 40451 corp: 842/16Mb lim: 65536 exec/s: 303 rss: 415Mb L: 306/65536 MS: 2 ChangeByte-EraseBytes-
#7602	REDUCE cov: 7926 ft: 40453 corp: 843/16Mb lim: 65536 exec/s: 304 rss: 415Mb L: 559/65536 MS: 2 ChangeBit-CopyPart-
#7629	REDUCE cov: 7926 ft: 40453 corp: 843/16Mb lim: 65536 exec/s: 305 rss: 415Mb L: 61666/65536 MS: 2 ChangeBit-EraseBytes-
#7638	REDUCE cov: 7926 ft: 40453 corp: 843/16Mb lim: 65536 exec/s: 305 rss: 415Mb L: 3075/65536 MS: 4 ChangeASCIIInt-ChangeByte-ShuffleBytes-EraseBytes-
#7645	REDUCE cov: 7926 ft: 40453 corp: 843/16Mb lim: 65536 exec/s: 305 rss: 415Mb L: 48638/65536 MS: 2 ChangeBinInt-EraseBytes-
#7661	REDUCE cov: 7926 ft: 40453 corp: 843/16Mb lim: 65536 exec/s: 306 rss: 415Mb L: 18323/65536 MS: 1 EraseBytes-
#7667	NEW    cov: 7926 ft: 40454 corp: 844/16Mb lim: 65536 exec/s: 306 rss: 415Mb L: 56874/65536 MS: 1 CrossOver-
#7674	REDUCE cov: 7926 ft: 40454 corp: 844/16Mb lim: 65536 exec/s: 306 rss: 415Mb L: 1868/65536 MS: 2 PersAutoDict-EraseBytes- DE: "\310\336(\000\240b\000\000"-
#7676	NEW    cov: 7926 ft: 40456 corp: 845/16Mb lim: 65536 exec/s: 307 rss: 415Mb L: 55859/65536 MS: 2 CopyPart-EraseBytes-
#7683	REDUCE cov: 7926 ft: 40456 corp: 845/16Mb lim: 65536 exec/s: 307 rss: 415Mb L: 6377/65536 MS: 2 PersAutoDict-EraseBytes- DE: "\352\321\212\001Pb\000\000"-
#7719	NEW    cov: 7926 ft: 40458 corp: 846/16Mb lim: 65536 exec/s: 308 rss: 415Mb L: 61130/65536 MS: 1 CopyPart-
#7740	NEW    cov: 7926 ft: 40460 corp: 847/16Mb lim: 65536 exec/s: 309 rss: 415Mb L: 45808/65536 MS: 1 CopyPart-
#7752	NEW    cov: 7927 ft: 40461 corp: 848/16Mb lim: 65536 exec/s: 310 rss: 415Mb L: 6971/65536 MS: 2 ShuffleBytes-CMP- DE: "\000\000b@\000:<\001"-
#7755	NEW    cov: 7927 ft: 40481 corp: 849/16Mb lim: 65536 exec/s: 310 rss: 415Mb L: 23007/65536 MS: 3 PersAutoDict-CMP-CrossOver- DE: "&DDotrah"-"\000\000b\240\000\210\033\332"-
#7756	REDUCE cov: 7927 ft: 40481 corp: 849/16Mb lim: 65536 exec/s: 310 rss: 415Mb L: 10566/65536 MS: 1 EraseBytes-
#7758	REDUCE cov: 7927 ft: 40481 corp: 849/16Mb lim: 65536 exec/s: 310 rss: 415Mb L: 46255/65536 MS: 2 CopyPart-EraseBytes-
#7773	NEW    cov: 7928 ft: 40482 corp: 850/16Mb lim: 65536 exec/s: 310 rss: 415Mb L: 38386/65536 MS: 5 InsertRepeatedBytes-ChangeBinInt-ChangeBit-InsertRepeatedBytes-CrossOver-
#7780	NEW    cov: 7928 ft: 40500 corp: 851/16Mb lim: 65536 exec/s: 311 rss: 415Mb L: 556/65536 MS: 2 CMP-CopyPart- DE: "\000\000\000\000\000\000\000\000"-
#7788	REDUCE cov: 7928 ft: 40500 corp: 851/16Mb lim: 65536 exec/s: 299 rss: 415Mb L: 1182/65536 MS: 3 ChangeBinInt-InsertByte-EraseBytes-
#7800	REDUCE cov: 7928 ft: 40501 corp: 852/16Mb lim: 65536 exec/s: 300 rss: 415Mb L: 7183/65536 MS: 2 CopyPart-CopyPart-
#7809	REDUCE cov: 7928 ft: 40501 corp: 852/16Mb lim: 65536 exec/s: 300 rss: 415Mb L: 1824/65536 MS: 4 ChangeByte-InsertByte-CMP-EraseBytes- DE: "\377\377\377+"-
#7820	REDUCE cov: 7928 ft: 40503 corp: 853/16Mb lim: 65536 exec/s: 300 rss: 415Mb L: 52678/65536 MS: 1 CopyPart-
#7821	REDUCE cov: 7928 ft: 40503 corp: 853/16Mb lim: 65536 exec/s: 300 rss: 415Mb L: 26560/65536 MS: 1 EraseBytes-
#7830	NEW    cov: 7928 ft: 40513 corp: 854/16Mb lim: 65536 exec/s: 301 rss: 415Mb L: 7328/65536 MS: 4 ChangeBinInt-ShuffleBytes-InsertRepeatedBytes-CMP- DE: "<![CDATA["-
#7858	REDUCE cov: 7928 ft: 40513 corp: 854/16Mb lim: 65536 exec/s: 302 rss: 415Mb L: 15552/65536 MS: 3 InsertRepeatedBytes-PersAutoDict-EraseBytes- DE: "\377\377``\000\031y\271"-
#7863	NEW    cov: 7928 ft: 40520 corp: 855/16Mb lim: 65536 exec/s: 302 rss: 415Mb L: 57871/65536 MS: 5 CrossOver-ChangeBinInt-InsertRepeatedBytes-CopyPart-PersAutoDict- DE: "&Union;"-
#7898	NEW    cov: 7929 ft: 40526 corp: 856/16Mb lim: 65536 exec/s: 303 rss: 415Mb L: 40520/65536 MS: 5 PersAutoDict-InsertRepeatedBytes-CrossOver-ChangeByte-ChangeByte- DE: "&DDotrah"-
#7900	NEW    cov: 7929 ft: 40528 corp: 857/16Mb lim: 65536 exec/s: 303 rss: 415Mb L: 10994/65536 MS: 2 ChangeByte-PersAutoDict- DE: "\000\012"-
#7916	REDUCE cov: 7929 ft: 40528 corp: 857/16Mb lim: 65536 exec/s: 304 rss: 415Mb L: 27638/65536 MS: 1 EraseBytes-
#7917	REDUCE cov: 7929 ft: 40528 corp: 857/16Mb lim: 65536 exec/s: 304 rss: 415Mb L: 1318/65536 MS: 1 EraseBytes-
#7923	NEW    cov: 7929 ft: 40541 corp: 858/16Mb lim: 65536 exec/s: 304 rss: 415Mb L: 45017/65536 MS: 1 CrossOver-
#7925	NEW    cov: 7954 ft: 40566 corp: 859/16Mb lim: 65536 exec/s: 304 rss: 415Mb L: 2042/65536 MS: 2 CopyPart-CrossOver-
#7930	NEW    cov: 7954 ft: 40567 corp: 860/16Mb lim: 65536 exec/s: 305 rss: 415Mb L: 22430/65536 MS: 5 ChangeBit-EraseBytes-CopyPart-ChangeByte-InsertRepeatedBytes-
#7950	REDUCE cov: 7954 ft: 40569 corp: 861/16Mb lim: 65536 exec/s: 305 rss: 415Mb L: 4280/65536 MS: 5 ShuffleBytes-ChangeASCIIInt-ChangeASCIIInt-ChangeASCIIInt-CMP- DE: "ock"-
#7988	REDUCE cov: 7954 ft: 40569 corp: 861/16Mb lim: 65536 exec/s: 307 rss: 415Mb L: 625/65536 MS: 3 ShuffleBytes-InsertByte-EraseBytes-
#8033	NEW    cov: 7954 ft: 40605 corp: 862/16Mb lim: 65536 exec/s: 308 rss: 415Mb L: 6903/65536 MS: 5 InsertRepeatedBytes-PersAutoDict-ShuffleBytes-ShuffleBytes-CopyPart- DE: "&Union;"-
#8040	NEW    cov: 7954 ft: 40628 corp: 863/16Mb lim: 65536 exec/s: 309 rss: 415Mb L: 17388/65536 MS: 2 CrossOver-CrossOver-
#8045	REDUCE cov: 7957 ft: 40631 corp: 864/16Mb lim: 65536 exec/s: 309 rss: 415Mb L: 10567/65536 MS: 5 ChangeASCIIInt-InsertByte-ShuffleBytes-ChangeASCIIInt-ChangeBinInt-
#8047	NEW    cov: 7957 ft: 40641 corp: 865/16Mb lim: 65536 exec/s: 309 rss: 415Mb L: 27159/65536 MS: 2 ChangeByte-CopyPart-
#8106	NEW    cov: 7957 ft: 40713 corp: 866/16Mb lim: 65536 exec/s: 311 rss: 415Mb L: 6389/65536 MS: 4 ShuffleBytes-ChangeASCIIInt-InsertByte-CopyPart-
#8136	NEW    cov: 7957 ft: 40756 corp: 867/16Mb lim: 65536 exec/s: 312 rss: 415Mb L: 64769/65536 MS: 5 CrossOver-ShuffleBytes-ChangeBit-CMP-CrossOver- DE: ",\000\000\000"-
#8137	REDUCE cov: 7957 ft: 40756 corp: 867/16Mb lim: 65536 exec/s: 312 rss: 415Mb L: 3592/65536 MS: 1 CrossOver-
#8156	REDUCE cov: 7957 ft: 40805 corp: 868/16Mb lim: 65536 exec/s: 313 rss: 415Mb L: 46942/65536 MS: 4 InsertRepeatedBytes-ChangeByte-InsertRepeatedBytes-CopyPart-
#8157	REDUCE cov: 7957 ft: 40805 corp: 868/16Mb lim: 65536 exec/s: 313 rss: 415Mb L: 36969/65536 MS: 1 CrossOver-
#8192	pulse  cov: 7957 ft: 40805 corp: 868/16Mb lim: 65536 exec/s: 315 rss: 415Mb
#8225	REDUCE cov: 7957 ft: 40805 corp: 868/16Mb lim: 65536 exec/s: 316 rss: 415Mb L: 41/65536 MS: 3 InsertByte-InsertByte-CrossOver-
#8246	REDUCE cov: 7957 ft: 40805 corp: 868/16Mb lim: 65536 exec/s: 305 rss: 415Mb L: 4342/65536 MS: 1 EraseBytes-
#8259	REDUCE cov: 7957 ft: 40805 corp: 868/16Mb lim: 65536 exec/s: 305 rss: 415Mb L: 26190/65536 MS: 3 CMP-ChangeByte-EraseBytes- DE: "&angm"-
#8265	REDUCE cov: 7957 ft: 40805 corp: 868/16Mb lim: 65536 exec/s: 306 rss: 415Mb L: 8507/65536 MS: 1 EraseBytes-
#8267	REDUCE cov: 7957 ft: 40810 corp: 869/16Mb lim: 65536 exec/s: 306 rss: 415Mb L: 1387/65536 MS: 2 ChangeBinInt-CrossOver-
#8280	NEW    cov: 7957 ft: 40811 corp: 870/16Mb lim: 65536 exec/s: 306 rss: 415Mb L: 15206/65536 MS: 3 CopyPart-ShuffleBytes-CopyPart-
#8289	NEW    cov: 7957 ft: 40812 corp: 871/16Mb lim: 65536 exec/s: 307 rss: 415Mb L: 32901/65536 MS: 4 ShuffleBytes-ShuffleBytes-PersAutoDict-CopyPart- DE: "\000\000"-
#8295	NEW    cov: 7957 ft: 40817 corp: 872/16Mb lim: 65536 exec/s: 307 rss: 415Mb L: 531/65536 MS: 1 CopyPart-
#8298	NEW    cov: 7957 ft: 40818 corp: 873/16Mb lim: 65536 exec/s: 307 rss: 415Mb L: 32697/65536 MS: 3 CopyPart-CopyPart-EraseBytes-
#8308	REDUCE cov: 7957 ft: 40818 corp: 873/16Mb lim: 65536 exec/s: 307 rss: 415Mb L: 19869/65536 MS: 5 CMP-InsertByte-InsertByte-CMP-CrossOver- DE: "w.`"-"&amp;"-
#8310	REDUCE cov: 7957 ft: 40818 corp: 873/16Mb lim: 65536 exec/s: 307 rss: 415Mb L: 11705/65536 MS: 2 ChangeByte-EraseBytes-
#8313	NEW    cov: 7977 ft: 40838 corp: 874/16Mb lim: 65536 exec/s: 307 rss: 415Mb L: 611/65536 MS: 3 ShuffleBytes-PersAutoDict-CrossOver- DE: "\377\377u\257"-
#8317	REDUCE cov: 7977 ft: 40874 corp: 875/16Mb lim: 65536 exec/s: 308 rss: 415Mb L: 51082/65536 MS: 4 ChangeBit-CMP-PersAutoDict-CopyPart- DE: "\000\000b\340\000\006\270\232"-"&Differ"-
#8331	NEW    cov: 7977 ft: 40965 corp: 876/16Mb lim: 65536 exec/s: 308 rss: 415Mb L: 59537/65536 MS: 4 CopyPart-PersAutoDict-CrossOver-CopyPart- DE: "w\235"-
#8333	REDUCE cov: 7977 ft: 40965 corp: 876/16Mb lim: 65536 exec/s: 308 rss: 415Mb L: 11578/65536 MS: 2 ChangeBit-EraseBytes-
#8340	NEW    cov: 7977 ft: 40967 corp: 877/16Mb lim: 65536 exec/s: 308 rss: 415Mb L: 7371/65536 MS: 2 ChangeByte-CopyPart-
#8371	NEW    cov: 7977 ft: 40970 corp: 878/16Mb lim: 65536 exec/s: 310 rss: 415Mb L: 62309/65536 MS: 1 CopyPart-
#8376	REDUCE cov: 7977 ft: 40970 corp: 878/16Mb lim: 65536 exec/s: 310 rss: 415Mb L: 126/65536 MS: 5 ChangeBinInt-CopyPart-InsertByte-PersAutoDict-EraseBytes- DE: "exampl.ex"-
#8387	REDUCE cov: 7977 ft: 40970 corp: 878/16Mb lim: 65536 exec/s: 310 rss: 415Mb L: 1300/65536 MS: 1 EraseBytes-
#8391	REDUCE cov: 7977 ft: 40970 corp: 878/16Mb lim: 65536 exec/s: 310 rss: 415Mb L: 3151/65536 MS: 4 ShuffleBytes-PersAutoDict-ChangeByte-EraseBytes- DE: "\000\001"-
#8403	NEW    cov: 7977 ft: 40986 corp: 879/16Mb lim: 65536 exec/s: 311 rss: 415Mb L: 389/65536 MS: 2 InsertRepeatedBytes-CrossOver-
#8424	NEW    cov: 7989 ft: 41058 corp: 880/16Mb lim: 65536 exec/s: 312 rss: 415Mb L: 10765/65536 MS: 1 CMP- DE: "\377\377\377\037"-
#8431	REDUCE cov: 7989 ft: 41058 corp: 880/16Mb lim: 65536 exec/s: 312 rss: 415Mb L: 3359/65536 MS: 2 CMP-EraseBytes- DE: "</+`, `_`"-
#8444	REDUCE cov: 7989 ft: 41058 corp: 880/16Mb lim: 65536 exec/s: 312 rss: 415Mb L: 19350/65536 MS: 3 InsertByte-ShuffleBytes-EraseBytes-
#8449	NEW    cov: 7989 ft: 41127 corp: 881/16Mb lim: 65536 exec/s: 312 rss: 415Mb L: 38018/65536 MS: 5 PersAutoDict-ShuffleBytes-CopyPart-InsertRepeatedBytes-CopyPart- DE: "&amp;"-
#8455	REDUCE cov: 7989 ft: 41127 corp: 881/16Mb lim: 65536 exec/s: 313 rss: 415Mb L: 25229/65536 MS: 1 EraseBytes-
#8459	REDUCE cov: 7989 ft: 41127 corp: 881/16Mb lim: 65536 exec/s: 313 rss: 415Mb L: 15240/65536 MS: 4 InsertByte-ChangeBinInt-ChangeBit-EraseBytes-
#8513	REDUCE cov: 7989 ft: 41128 corp: 882/16Mb lim: 65536 exec/s: 315 rss: 415Mb L: 5441/65536 MS: 4 ChangeByte-ChangeBinInt-ChangeBit-CrossOver-
#8535	REDUCE cov: 7989 ft: 41128 corp: 882/16Mb lim: 65536 exec/s: 316 rss: 415Mb L: 18570/65536 MS: 2 InsertRepeatedBytes-EraseBytes-
#8536	REDUCE cov: 7989 ft: 41128 corp: 882/16Mb lim: 65536 exec/s: 316 rss: 415Mb L: 47773/65536 MS: 1 EraseBytes-
#8537	NEW    cov: 7990 ft: 41130 corp: 883/16Mb lim: 65536 exec/s: 316 rss: 415Mb L: 18932/65536 MS: 1 InsertByte-
#8607	NEW    cov: 7990 ft: 41147 corp: 884/16Mb lim: 65536 exec/s: 318 rss: 415Mb L: 4430/65536 MS: 5 ChangeBinInt-CopyPart-CMP-CrossOver-ChangeByte- DE: "\001\000\000\013"-
#8637	REDUCE cov: 7990 ft: 41147 corp: 884/16Mb lim: 65536 exec/s: 319 rss: 415Mb L: 48070/65536 MS: 5 ChangeByte-ChangeBit-InsertRepeatedBytes-CrossOver-EraseBytes-
#8641	NEW    cov: 7990 ft: 41153 corp: 885/16Mb lim: 65536 exec/s: 320 rss: 415Mb L: 44635/65536 MS: 4 CopyPart-ChangeASCIIInt-PersAutoDict-EraseBytes- DE: "\377\377u\257"-
#8648	NEW    cov: 7996 ft: 41170 corp: 886/16Mb lim: 65536 exec/s: 320 rss: 415Mb L: 7371/65536 MS: 2 ChangeByte-CMP- DE: "ftp"-
#8653	NEW    cov: 7996 ft: 41198 corp: 887/17Mb lim: 65536 exec/s: 320 rss: 415Mb L: 57475/65536 MS: 5 ChangeBit-PersAutoDict-PersAutoDict-ChangeASCIIInt-ChangeBinInt- DE: "cks]"-"\000\001"-
#8666	NEW    cov: 7996 ft: 41240 corp: 888/17Mb lim: 65536 exec/s: 320 rss: 415Mb L: 2451/65536 MS: 3 ChangeBinInt-ShuffleBytes-CopyPart-
#8691	REDUCE cov: 7996 ft: 41240 corp: 888/17Mb lim: 65536 exec/s: 321 rss: 415Mb L: 9694/65536 MS: 5 ShuffleBytes-PersAutoDict-ShuffleBytes-PersAutoDict-EraseBytes- DE: "\370\324\235\000\240b\000\000"-"\000\000b\300\000rp\353"-
#8713	NEW    cov: 7996 ft: 41252 corp: 889/17Mb lim: 65536 exec/s: 322 rss: 415Mb L: 20628/65536 MS: 2 ShuffleBytes-InsertRepeatedBytes-
#8730	NEW    cov: 7996 ft: 41262 corp: 890/17Mb lim: 65536 exec/s: 323 rss: 415Mb L: 6564/65536 MS: 2 InsertRepeatedBytes-CMP- DE: "\032\000"-
#8734	REDUCE cov: 7996 ft: 41262 corp: 890/17Mb lim: 65536 exec/s: 323 rss: 415Mb L: 2386/65536 MS: 4 CopyPart-InsertRepeatedBytes-ChangeBinInt-EraseBytes-
#8740	REDUCE cov: 7996 ft: 41262 corp: 890/17Mb lim: 65536 exec/s: 312 rss: 415Mb L: 1600/65536 MS: 1 EraseBytes-
#8755	REDUCE cov: 7996 ft: 41262 corp: 890/17Mb lim: 65536 exec/s: 312 rss: 415Mb L: 538/65536 MS: 5 CMP-PersAutoDict-InsertRepeatedBytes-ChangeBinInt-EraseBytes- DE: "&amp;"-"]]>"-
#8757	NEW    cov: 7996 ft: 41270 corp: 891/17Mb lim: 65536 exec/s: 312 rss: 415Mb L: 36210/65536 MS: 2 CrossOver-CopyPart-
#8780	REDUCE cov: 7996 ft: 41270 corp: 891/17Mb lim: 65536 exec/s: 313 rss: 415Mb L: 5184/65536 MS: 3 ShuffleBytes-InsertByte-EraseBytes-
#8791	NEW    cov: 7998 ft: 41272 corp: 892/17Mb lim: 65536 exec/s: 313 rss: 415Mb L: 29181/65536 MS: 1 CopyPart-
#8826	REDUCE cov: 7998 ft: 41272 corp: 892/17Mb lim: 65536 exec/s: 315 rss: 415Mb L: 983/65536 MS: 5 InsertByte-ChangeByte-CopyPart-InsertByte-EraseBytes-
#8833	NEW    cov: 7998 ft: 41273 corp: 893/17Mb lim: 65536 exec/s: 315 rss: 415Mb L: 22430/65536 MS: 2 ShuffleBytes-ShuffleBytes-
#8850	NEW    cov: 7998 ft: 41302 corp: 894/17Mb lim: 65536 exec/s: 316 rss: 415Mb L: 7371/65536 MS: 2 ChangeASCIIInt-CopyPart-
#8852	REDUCE cov: 7998 ft: 41302 corp: 894/17Mb lim: 65536 exec/s: 316 rss: 415Mb L: 19779/65536 MS: 2 ChangeASCIIInt-EraseBytes-
#8870	NEW    cov: 7998 ft: 41317 corp: 895/17Mb lim: 65536 exec/s: 316 rss: 415Mb L: 49883/65536 MS: 3 InsertRepeatedBytes-CrossOver-CrossOver-
#8889	NEW    cov: 7998 ft: 41435 corp: 896/17Mb lim: 65536 exec/s: 317 rss: 415Mb L: 46494/65536 MS: 4 CMP-ChangeASCIIInt-CMP-CopyPart- DE: "\001\000b0\000\011\362\204"-"ing"-
#8894	REDUCE cov: 7998 ft: 41439 corp: 897/17Mb lim: 65536 exec/s: 317 rss: 415Mb L: 6690/65536 MS: 5 CopyPart-ChangeByte-ChangeBinInt-EraseBytes-InsertRepeatedBytes-
#8907	NEW    cov: 7998 ft: 41495 corp: 898/17Mb lim: 65536 exec/s: 318 rss: 415Mb L: 25572/65536 MS: 3 PersAutoDict-EraseBytes-CopyPart- DE: "]]>"-
#8929	REDUCE cov: 7998 ft: 41495 corp: 898/17Mb lim: 65536 exec/s: 318 rss: 415Mb L: 63354/65536 MS: 2 ChangeByte-EraseBytes-
#8938	REDUCE cov: 7998 ft: 41495 corp: 898/17Mb lim: 65536 exec/s: 319 rss: 415Mb L: 35555/65536 MS: 4 ChangeByte-PersAutoDict-ChangeBinInt-EraseBytes- DE: "\004\000"-
#8941	REDUCE cov: 7998 ft: 41495 corp: 898/17Mb lim: 65536 exec/s: 319 rss: 415Mb L: 4164/65536 MS: 3 PersAutoDict-PersAutoDict-EraseBytes- DE: "graph"-"\352\321\212\001Pb\000\000"-
#8972	NEW    cov: 7998 ft: 41509 corp: 899/17Mb lim: 65536 exec/s: 320 rss: 415Mb L: 65536/65536 MS: 1 CrossOver-
#8988	NEW    cov: 7998 ft: 41523 corp: 900/17Mb lim: 65536 exec/s: 321 rss: 415Mb L: 8196/65536 MS: 1 CopyPart-
#8993	NEW    cov: 7998 ft: 41529 corp: 901/17Mb lim: 65536 exec/s: 321 rss: 415Mb L: 55642/65536 MS: 5 ChangeBit-ChangeByte-ChangeASCIIInt-ChangeASCIIInt-CrossOver-
#8995	REDUCE cov: 7999 ft: 41530 corp: 902/17Mb lim: 65536 exec/s: 321 rss: 415Mb L: 113/65536 MS: 2 ChangeByte-EraseBytes-
#8996	REDUCE cov: 8015 ft: 41724 corp: 903/17Mb lim: 65536 exec/s: 321 rss: 415Mb L: 49805/65536 MS: 1 CopyPart-
#9004	NEW    cov: 8015 ft: 41725 corp: 904/17Mb lim: 65536 exec/s: 321 rss: 415Mb L: 21499/65536 MS: 3 ChangeByte-CMP-CrossOver- DE: "\001\000\000\003"-
#9007	NEW    cov: 8015 ft: 41726 corp: 905/17Mb lim: 65536 exec/s: 321 rss: 415Mb L: 445/65536 MS: 3 ChangeByte-CopyPart-ChangeByte-
#9021	NEW    cov: 8015 ft: 41783 corp: 906/17Mb lim: 65536 exec/s: 322 rss: 415Mb L: 7839/65536 MS: 4 ChangeBit-ChangeBinInt-ChangeBinInt-CrossOver-
#9033	REDUCE cov: 8015 ft: 41783 corp: 906/17Mb lim: 65536 exec/s: 322 rss: 415Mb L: 27091/65536 MS: 2 ChangeASCIIInt-EraseBytes-
#9040	NEW    cov: 8015 ft: 41840 corp: 907/17Mb lim: 65536 exec/s: 322 rss: 415Mb L: 18109/65536 MS: 2 ChangeASCIIInt-CrossOver-
#9043	NEW    cov: 8015 ft: 41841 corp: 908/17Mb lim: 65536 exec/s: 322 rss: 415Mb L: 32054/65536 MS: 3 CopyPart-EraseBytes-EraseBytes-
#9044	REDUCE cov: 8015 ft: 41841 corp: 908/17Mb lim: 65536 exec/s: 323 rss: 415Mb L: 36481/65536 MS: 1 EraseBytes-
#9068	NEW    cov: 8015 ft: 41854 corp: 909/17Mb lim: 65536 exec/s: 323 rss: 415Mb L: 31836/65536 MS: 4 InsertByte-PersAutoDict-PersAutoDict-CrossOver- DE: "\026\000\000\000"-"\2055"-
#9094	REDUCE cov: 8015 ft: 41854 corp: 909/17Mb lim: 65536 exec/s: 324 rss: 415Mb L: 104/65536 MS: 1 EraseBytes-
#9115	REDUCE cov: 8015 ft: 41854 corp: 909/17Mb lim: 65536 exec/s: 325 rss: 415Mb L: 31709/65536 MS: 1 EraseBytes-
#9126	NEW    cov: 8016 ft: 41859 corp: 910/17Mb lim: 65536 exec/s: 325 rss: 415Mb L: 32531/65536 MS: 1 CrossOver-
#9128	NEW    cov: 8016 ft: 41966 corp: 911/17Mb lim: 65536 exec/s: 326 rss: 415Mb L: 23794/65536 MS: 2 InsertRepeatedBytes-ChangeBit-
#9139	NEW    cov: 8017 ft: 41968 corp: 912/17Mb lim: 65536 exec/s: 326 rss: 415Mb L: 46418/65536 MS: 1 CrossOver-
#9149	NEW    cov: 8017 ft: 41976 corp: 913/17Mb lim: 65536 exec/s: 315 rss: 415Mb L: 50263/65536 MS: 5 InsertRepeatedBytes-ShuffleBytes-InsertRepeatedBytes-CopyPart-InsertRepeatedBytes-
#9169	NEW    cov: 8018 ft: 41977 corp: 914/17Mb lim: 65536 exec/s: 316 rss: 415Mb L: 2587/65536 MS: 5 ChangeBinInt-InsertByte-ChangeASCIIInt-InsertRepeatedBytes-CopyPart-
#9203	NEW    cov: 8018 ft: 41990 corp: 915/17Mb lim: 65536 exec/s: 317 rss: 415Mb L: 21611/65536 MS: 4 CrossOver-InsertRepeatedBytes-InsertByte-CopyPart-
#9208	NEW    cov: 8022 ft: 42005 corp: 916/17Mb lim: 65536 exec/s: 317 rss: 415Mb L: 3687/65536 MS: 5 InsertRepeatedBytes-CopyPart-InsertByte-ChangeBinInt-CopyPart-
#9209	NEW    cov: 8022 ft: 42085 corp: 917/17Mb lim: 65536 exec/s: 317 rss: 415Mb L: 50106/65536 MS: 1 CopyPart-
#9231	REDUCE cov: 8022 ft: 42085 corp: 917/17Mb lim: 65536 exec/s: 318 rss: 415Mb L: 1067/65536 MS: 2 ShuffleBytes-EraseBytes-
#9246	REDUCE cov: 8022 ft: 42085 corp: 917/17Mb lim: 65536 exec/s: 318 rss: 415Mb L: 17886/65536 MS: 5 PersAutoDict-InsertRepeatedBytes-ChangeASCIIInt-ShuffleBytes-EraseBytes- DE: "lowed"-
#9253	NEW    cov: 8022 ft: 42088 corp: 918/17Mb lim: 65536 exec/s: 319 rss: 415Mb L: 30884/65536 MS: 2 CMP-CrossOver- DE: "\000\000\000\000\000\000\000\000"-
#9258	NEW    cov: 8025 ft: 42315 corp: 919/17Mb lim: 65536 exec/s: 319 rss: 415Mb L: 65536/65536 MS: 5 ChangeBit-ChangeByte-ChangeByte-CrossOver-CrossOver-
#9315	NEW    cov: 8025 ft: 42318 corp: 920/17Mb lim: 65536 exec/s: 321 rss: 415Mb L: 5006/65536 MS: 2 InsertByte-CrossOver-
#9317	NEW    cov: 8025 ft: 42320 corp: 921/17Mb lim: 65536 exec/s: 321 rss: 415Mb L: 11530/65536 MS: 2 CrossOver-CrossOver-
#9341	REDUCE cov: 8025 ft: 42321 corp: 922/17Mb lim: 65536 exec/s: 322 rss: 415Mb L: 21898/65536 MS: 4 CrossOver-ChangeByte-InsertByte-CopyPart-
#9353	NEW    cov: 8025 ft: 42379 corp: 923/17Mb lim: 65536 exec/s: 322 rss: 415Mb L: 38901/65536 MS: 2 ChangeBit-CopyPart-
#9359	REDUCE cov: 8025 ft: 42379 corp: 923/17Mb lim: 65536 exec/s: 322 rss: 415Mb L: 12030/65536 MS: 1 EraseBytes-
#9396	NEW    cov: 8025 ft: 42380 corp: 924/17Mb lim: 65536 exec/s: 324 rss: 415Mb L: 32924/65536 MS: 2 InsertRepeatedBytes-CopyPart-
#9401	REDUCE cov: 8025 ft: 42380 corp: 924/17Mb lim: 65536 exec/s: 324 rss: 415Mb L: 914/65536 MS: 5 InsertByte-ChangeBinInt-ChangeBit-InsertByte-EraseBytes-
#9402	NEW    cov: 8025 ft: 42382 corp: 925/17Mb lim: 65536 exec/s: 324 rss: 415Mb L: 15970/65536 MS: 1 CrossOver-
#9406	REDUCE cov: 8025 ft: 42382 corp: 925/17Mb lim: 65536 exec/s: 324 rss: 415Mb L: 6212/65536 MS: 4 PersAutoDict-InsertRepeatedBytes-CMP-EraseBytes- DE: "\000\000b\340\000\006\270\232"-"\001\000b@\000a\276\227"-
#9442	NEW    cov: 8025 ft: 42383 corp: 926/17Mb lim: 65536 exec/s: 325 rss: 415Mb L: 1434/65536 MS: 1 CMP- DE: "&Darr;"-
#9469	NEW    cov: 8025 ft: 42385 corp: 927/17Mb lim: 65536 exec/s: 326 rss: 415Mb L: 22169/65536 MS: 2 ChangeBinInt-CrossOver-
#9473	NEW    cov: 8025 ft: 42387 corp: 928/17Mb lim: 65536 exec/s: 326 rss: 415Mb L: 65536/65536 MS: 4 ChangeASCIIInt-ChangeBinInt-ChangeByte-CrossOver-
#9476	NEW    cov: 8025 ft: 42389 corp: 929/18Mb lim: 65536 exec/s: 326 rss: 415Mb L: 42728/65536 MS: 3 InsertRepeatedBytes-PersAutoDict-CrossOver- DE: "\274\363\006\000\020a\000\000"-
#9478	REDUCE cov: 8025 ft: 42389 corp: 929/18Mb lim: 65536 exec/s: 326 rss: 415Mb L: 27818/65536 MS: 2 CrossOver-EraseBytes-
#9485	NEW    cov: 8026 ft: 42392 corp: 930/18Mb lim: 65536 exec/s: 327 rss: 415Mb L: 18587/65536 MS: 2 ChangeASCIIInt-ChangeBinInt-
#9508	REDUCE cov: 8026 ft: 42392 corp: 930/18Mb lim: 65536 exec/s: 327 rss: 415Mb L: 7207/65536 MS: 3 ChangeASCIIInt-ChangeASCIIInt-EraseBytes-
#9509	REDUCE cov: 8026 ft: 42392 corp: 930/18Mb lim: 65536 exec/s: 327 rss: 415Mb L: 642/65536 MS: 1 EraseBytes-
#9533	NEW    cov: 8026 ft: 42399 corp: 931/18Mb lim: 65536 exec/s: 328 rss: 415Mb L: 42730/65536 MS: 4 InsertByte-InsertByte-ShuffleBytes-PersAutoDict- DE: "lines"-
#9559	REDUCE cov: 8026 ft: 42399 corp: 931/18Mb lim: 65536 exec/s: 318 rss: 415Mb L: 30263/65536 MS: 1 EraseBytes-
#9604	NEW    cov: 8027 ft: 42400 corp: 932/18Mb lim: 65536 exec/s: 320 rss: 415Mb L: 1400/65536 MS: 5 CopyPart-ChangeASCIIInt-ChangeASCIIInt-ChangeByte-ChangeByte-
#9619	REDUCE cov: 8027 ft: 42401 corp: 933/18Mb lim: 65536 exec/s: 320 rss: 415Mb L: 4513/65536 MS: 5 ShuffleBytes-ChangeBinInt-InsertRepeatedBytes-ShuffleBytes-CopyPart-
#9622	NEW    cov: 8027 ft: 42409 corp: 934/18Mb lim: 65536 exec/s: 320 rss: 415Mb L: 23977/65536 MS: 3 CMP-CMP-CrossOver- DE: "https"-"\006\000"-
#9628	NEW    cov: 8027 ft: 42410 corp: 935/18Mb lim: 65536 exec/s: 320 rss: 415Mb L: 46665/65536 MS: 1 CrossOver-
#9630	REDUCE cov: 8027 ft: 42410 corp: 935/18Mb lim: 65536 exec/s: 321 rss: 415Mb L: 6167/65536 MS: 2 CopyPart-EraseBytes-
#9657	REDUCE cov: 8027 ft: 42410 corp: 935/18Mb lim: 65536 exec/s: 321 rss: 415Mb L: 2873/65536 MS: 2 ChangeASCIIInt-EraseBytes-
#9680	REDUCE cov: 8027 ft: 42410 corp: 935/18Mb lim: 65536 exec/s: 322 rss: 415Mb L: 3973/65536 MS: 3 ShuffleBytes-ChangeASCIIInt-EraseBytes-
#9686	REDUCE cov: 8027 ft: 42410 corp: 935/18Mb lim: 65536 exec/s: 322 rss: 415Mb L: 11915/65536 MS: 1 EraseBytes-
#9713	NEW    cov: 8027 ft: 42416 corp: 936/18Mb lim: 65536 exec/s: 323 rss: 415Mb L: 22435/65536 MS: 2 CrossOver-PersAutoDict- DE: "lines"-
#9731	REDUCE cov: 8027 ft: 42416 corp: 936/18Mb lim: 65536 exec/s: 324 rss: 415Mb L: 1378/65536 MS: 3 ShuffleBytes-PersAutoDict-EraseBytes- DE: "&aacu"-
#9741	REDUCE cov: 8027 ft: 42416 corp: 936/18Mb lim: 65536 exec/s: 324 rss: 415Mb L: 32933/65536 MS: 5 InsertByte-InsertByte-InsertByte-ChangeASCIIInt-CrossOver-
#9744	NEW    cov: 8027 ft: 42417 corp: 937/18Mb lim: 65536 exec/s: 324 rss: 415Mb L: 152/65536 MS: 3 CrossOver-ChangeBinInt-CopyPart-
#9756	REDUCE cov: 8027 ft: 42417 corp: 937/18Mb lim: 65536 exec/s: 325 rss: 415Mb L: 2009/65536 MS: 2 InsertByte-EraseBytes-
#9764	REDUCE cov: 8027 ft: 42417 corp: 937/18Mb lim: 65536 exec/s: 325 rss: 415Mb L: 23835/65536 MS: 3 ShuffleBytes-CrossOver-EraseBytes-
#9778	REDUCE cov: 8027 ft: 42417 corp: 937/18Mb lim: 65536 exec/s: 325 rss: 415Mb L: 29526/65536 MS: 4 InsertRepeatedBytes-ChangeBinInt-ShuffleBytes-EraseBytes-
#9799	REDUCE cov: 8027 ft: 42417 corp: 937/18Mb lim: 65536 exec/s: 326 rss: 415Mb L: 3052/65536 MS: 1 EraseBytes-
#9805	REDUCE cov: 8027 ft: 42417 corp: 937/18Mb lim: 65536 exec/s: 326 rss: 415Mb L: 31798/65536 MS: 1 EraseBytes-
#9816	REDUCE cov: 8027 ft: 42417 corp: 937/18Mb lim: 65536 exec/s: 327 rss: 415Mb L: 14228/65536 MS: 1 EraseBytes-
#9847	NEW    cov: 8027 ft: 42443 corp: 938/18Mb lim: 65536 exec/s: 328 rss: 415Mb L: 53362/65536 MS: 1 InsertByte-
#9864	REDUCE cov: 8027 ft: 42443 corp: 938/18Mb lim: 65536 exec/s: 328 rss: 415Mb L: 342/65536 MS: 2 ChangeBit-EraseBytes-
#9894	NEW    cov: 8028 ft: 42452 corp: 939/18Mb lim: 65536 exec/s: 329 rss: 415Mb L: 31446/65536 MS: 5 InsertRepeatedBytes-ChangeASCIIInt-ChangeASCIIInt-EraseBytes-CrossOver-
#9895	REDUCE cov: 8028 ft: 42452 corp: 939/18Mb lim: 65536 exec/s: 329 rss: 415Mb L: 55585/65536 MS: 1 EraseBytes-
#9897	NEW    cov: 8028 ft: 42453 corp: 940/18Mb lim: 65536 exec/s: 329 rss: 415Mb L: 19236/65536 MS: 2 EraseBytes-EraseBytes-
#9900	NEW    cov: 8028 ft: 42456 corp: 941/18Mb lim: 65536 exec/s: 330 rss: 415Mb L: 25880/65536 MS: 3 InsertRepeatedBytes-InsertByte-CopyPart-
#9903	REDUCE cov: 8028 ft: 42456 corp: 941/18Mb lim: 65536 exec/s: 330 rss: 415Mb L: 6584/65536 MS: 3 InsertRepeatedBytes-ChangeByte-EraseBytes-
#9912	REDUCE cov: 8028 ft: 42456 corp: 941/18Mb lim: 65536 exec/s: 319 rss: 415Mb L: 9034/65536 MS: 4 InsertByte-InsertRepeatedBytes-InsertRepeatedBytes-EraseBytes-
#9928	REDUCE cov: 8028 ft: 42456 corp: 941/18Mb lim: 65536 exec/s: 320 rss: 415Mb L: 4006/65536 MS: 1 EraseBytes-
#9943	NEW    cov: 8028 ft: 42458 corp: 942/18Mb lim: 65536 exec/s: 320 rss: 415Mb L: 25113/65536 MS: 5 ChangeByte-CMP-CrossOver-EraseBytes-CopyPart- DE: "\342\275g\266\376\177\000\000"-
#9967	REDUCE cov: 8028 ft: 42458 corp: 942/18Mb lim: 65536 exec/s: 321 rss: 415Mb L: 10038/65536 MS: 4 ChangeByte-ChangeASCIIInt-CMP-EraseBytes- DE: "(,"-
#9973	REDUCE cov: 8028 ft: 42458 corp: 942/18Mb lim: 65536 exec/s: 321 rss: 415Mb L: 9641/65536 MS: 1 EraseBytes-
#10002	REDUCE cov: 8029 ft: 42563 corp: 943/18Mb lim: 65536 exec/s: 322 rss: 415Mb L: 36434/65536 MS: 4 PersAutoDict-ChangeASCIIInt-ChangeASCIIInt-CrossOver- DE: "\024\000\000\000"-
#10108	REDUCE cov: 8030 ft: 42564 corp: 944/18Mb lim: 65536 exec/s: 326 rss: 415Mb L: 34227/65536 MS: 1 CrossOver-
#10115	REDUCE cov: 8030 ft: 42564 corp: 944/18Mb lim: 65536 exec/s: 326 rss: 415Mb L: 43806/65536 MS: 2 InsertRepeatedBytes-EraseBytes-
#10119	REDUCE cov: 8030 ft: 42564 corp: 944/18Mb lim: 65536 exec/s: 326 rss: 415Mb L: 742/65536 MS: 4 CopyPart-PersAutoDict-PersAutoDict-EraseBytes- DE: "lock"-"\014\000\000\000"-
#10128	NEW    cov: 8030 ft: 42571 corp: 945/18Mb lim: 65536 exec/s: 326 rss: 415Mb L: 38997/65536 MS: 4 ChangeASCIIInt-InsertRepeatedBytes-ChangeBinInt-CopyPart-
#10143	REDUCE cov: 8030 ft: 42571 corp: 945/18Mb lim: 65536 exec/s: 327 rss: 415Mb L: 135/65536 MS: 5 CopyPart-PersAutoDict-ChangeBinInt-ChangeBit-EraseBytes- DE: "\342\275g\266\376\177\000\000"-
#10151	REDUCE cov: 8030 ft: 42571 corp: 945/18Mb lim: 65536 exec/s: 327 rss: 415Mb L: 6081/65536 MS: 3 ChangeBinInt-ShuffleBytes-EraseBytes-
#10154	REDUCE cov: 8030 ft: 42571 corp: 945/18Mb lim: 65536 exec/s: 327 rss: 415Mb L: 56961/65536 MS: 3 ChangeBit-ShuffleBytes-EraseBytes-
#10224	REDUCE cov: 8030 ft: 42572 corp: 946/18Mb lim: 65536 exec/s: 329 rss: 415Mb L: 5313/65536 MS: 5 PersAutoDict-InsertRepeatedBytes-InsertRepeatedBytes-CopyPart-CopyPart- DE: "&gnapp"-
#10242	REDUCE cov: 8032 ft: 42574 corp: 947/18Mb lim: 65536 exec/s: 330 rss: 415Mb L: 5388/65536 MS: 3 CMP-CrossOver-CopyPart- DE: "ftp"-
#10256	NEW    cov: 8033 ft: 42575 corp: 948/18Mb lim: 65536 exec/s: 330 rss: 415Mb L: 22368/65536 MS: 4 InsertByte-ChangeBit-CMP-CrossOver- DE: "\231\357\001\000\200a\000\000"-
#10262	NEW    cov: 8033 ft: 42577 corp: 949/18Mb lim: 65536 exec/s: 331 rss: 415Mb L: 27801/65536 MS: 1 CopyPart-
#10275	NEW    cov: 8033 ft: 42610 corp: 950/18Mb lim: 65536 exec/s: 331 rss: 415Mb L: 18035/65536 MS: 3 ChangeBit-CopyPart-CrossOver-
#10340	NEW    cov: 8033 ft: 42615 corp: 951/18Mb lim: 65536 exec/s: 323 rss: 417Mb L: 42204/65536 MS: 5 CrossOver-ChangeByte-ChangeBinInt-ChangeASCIIInt-CopyPart-
#10366	REDUCE cov: 8033 ft: 42615 corp: 951/18Mb lim: 65536 exec/s: 323 rss: 417Mb L: 158/65536 MS: 1 EraseBytes-
#10392	NEW    cov: 8033 ft: 42620 corp: 952/18Mb lim: 65536 exec/s: 324 rss: 417Mb L: 59460/65536 MS: 1 CrossOver-
#10398	REDUCE cov: 8033 ft: 42620 corp: 952/18Mb lim: 65536 exec/s: 324 rss: 417Mb L: 22267/65536 MS: 1 EraseBytes-
#10425	NEW    cov: 8033 ft: 42622 corp: 953/18Mb lim: 65536 exec/s: 325 rss: 417Mb L: 27411/65536 MS: 2 ChangeASCIIInt-CMP- DE: "\000\000\000\000\000\000\000\000"-
#10462	NEW    cov: 8034 ft: 42623 corp: 954/18Mb lim: 65536 exec/s: 326 rss: 417Mb L: 11631/65536 MS: 2 PersAutoDict-InsertByte- DE: "language-"-
#10469	NEW    cov: 8034 ft: 42625 corp: 955/18Mb lim: 65536 exec/s: 327 rss: 417Mb L: 1158/65536 MS: 2 ChangeBit-CopyPart-
#10484	REDUCE cov: 8034 ft: 42625 corp: 955/18Mb lim: 65536 exec/s: 327 rss: 417Mb L: 18408/65536 MS: 5 ChangeBinInt-ChangeBit-CMP-ChangeBit-EraseBytes- DE: "&ffilig;"-
#10489	NEW    cov: 8036 ft: 42627 corp: 956/18Mb lim: 65536 exec/s: 327 rss: 417Mb L: 42447/65536 MS: 5 PersAutoDict-ChangeByte-ChangeByte-EraseBytes-CrossOver- DE: "\001\000b0\000\011\362\204"-
#10496	REDUCE cov: 8036 ft: 42627 corp: 956/18Mb lim: 65536 exec/s: 328 rss: 417Mb L: 646/65536 MS: 2 ChangeByte-EraseBytes-
#10503	REDUCE cov: 8036 ft: 42641 corp: 957/18Mb lim: 65536 exec/s: 328 rss: 417Mb L: 15059/65536 MS: 2 ChangeBit-CrossOver-
#10508	REDUCE cov: 8036 ft: 42641 corp: 957/18Mb lim: 65536 exec/s: 328 rss: 417Mb L: 6203/65536 MS: 5 ChangeByte-CMP-ChangeBit-ChangeBinInt-EraseBytes- DE: "\377\377a@\000(\334X"-
#10513	REDUCE cov: 8036 ft: 42641 corp: 957/18Mb lim: 65536 exec/s: 328 rss: 417Mb L: 28079/65536 MS: 5 PersAutoDict-ChangeByte-InsertByte-InsertRepeatedBytes-EraseBytes- DE: "\010\000"-
#10538	NEW    cov: 8036 ft: 42652 corp: 958/18Mb lim: 65536 exec/s: 329 rss: 417Mb L: 11835/65536 MS: 5 CMP-ShuffleBytes-InsertRepeatedBytes-PersAutoDict-InsertRepeatedBytes- DE: "\001J"-"\000\000a\340\000M\363_"-
#10543	REDUCE cov: 8036 ft: 42652 corp: 958/18Mb lim: 65536 exec/s: 329 rss: 417Mb L: 500/65536 MS: 5 InsertByte-ChangeByte-ChangeBit-ChangeBit-EraseBytes-
#10574	REDUCE cov: 8036 ft: 42652 corp: 958/18Mb lim: 65536 exec/s: 330 rss: 417Mb L: 50110/65536 MS: 1 CrossOver-
#10579	NEW    cov: 8036 ft: 42653 corp: 959/18Mb lim: 65536 exec/s: 330 rss: 417Mb L: 41743/65536 MS: 5 CrossOver-CrossOver-ChangeByte-CopyPart-CopyPart-
#10590	REDUCE cov: 8036 ft: 42653 corp: 959/18Mb lim: 65536 exec/s: 330 rss: 417Mb L: 45711/65536 MS: 1 EraseBytes-
#10607	NEW    cov: 8036 ft: 42664 corp: 960/18Mb lim: 65536 exec/s: 331 rss: 417Mb L: 24085/65536 MS: 2 PersAutoDict-InsertRepeatedBytes- DE: "&gt;"-
#10614	NEW    cov: 8036 ft: 42677 corp: 961/18Mb lim: 65536 exec/s: 331 rss: 417Mb L: 13551/65536 MS: 2 CopyPart-CrossOver-
#10651	NEW    cov: 8036 ft: 42679 corp: 962/18Mb lim: 65536 exec/s: 332 rss: 417Mb L: 55654/65536 MS: 2 PersAutoDict-CMP- DE: "\031\000\000\000"-"\000\000\177\376\266g\276G"-
#10653	REDUCE cov: 8036 ft: 42679 corp: 962/18Mb lim: 65536 exec/s: 332 rss: 417Mb L: 4936/65536 MS: 2 ShuffleBytes-EraseBytes-
#10681	NEW    cov: 8036 ft: 42684 corp: 963/18Mb lim: 65536 exec/s: 333 rss: 417Mb L: 2004/65536 MS: 3 ChangeBinInt-InsertRepeatedBytes-CopyPart-
#10686	NEW    cov: 8036 ft: 42685 corp: 964/18Mb lim: 65536 exec/s: 333 rss: 417Mb L: 31331/65536 MS: 5 ChangeBit-ChangeBit-ChangeBit-ChangeASCIIInt-PersAutoDict- DE: "!\033"-
#10724	REDUCE cov: 8036 ft: 42685 corp: 964/18Mb lim: 65536 exec/s: 324 rss: 417Mb L: 45528/65536 MS: 3 CMP-ChangeBit-EraseBytes- DE: "&qscr;"-
#10735	NEW    cov: 8036 ft: 42692 corp: 965/18Mb lim: 65536 exec/s: 325 rss: 417Mb L: 53362/65536 MS: 1 CopyPart-
#10739	NEW    cov: 8036 ft: 42693 corp: 966/18Mb lim: 65536 exec/s: 325 rss: 417Mb L: 123/65536 MS: 4 ChangeBit-InsertByte-PersAutoDict-ShuffleBytes- DE: "http"-
#10814	NEW    cov: 8036 ft: 42695 corp: 967/18Mb lim: 65536 exec/s: 327 rss: 417Mb L: 917/65536 MS: 5 CrossOver-CrossOver-ChangeASCIIInt-PersAutoDict-CopyPart- DE: "\001\000\000\013"-
#10831	REDUCE cov: 8036 ft: 42695 corp: 967/18Mb lim: 65536 exec/s: 328 rss: 417Mb L: 57099/65536 MS: 2 PersAutoDict-EraseBytes- DE: "\000\000\177\376\266g\276F"-
#10844	NEW    cov: 8036 ft: 42697 corp: 968/18Mb lim: 65536 exec/s: 328 rss: 417Mb L: 15774/65536 MS: 3 CopyPart-ChangeASCIIInt-CopyPart-
#10846	REDUCE cov: 8036 ft: 42697 corp: 968/18Mb lim: 65536 exec/s: 328 rss: 417Mb L: 250/65536 MS: 2 InsertRepeatedBytes-EraseBytes-
#10848	NEW    cov: 8036 ft: 42704 corp: 969/18Mb lim: 65536 exec/s: 328 rss: 417Mb L: 29931/65536 MS: 2 PersAutoDict-CrossOver- DE: "\231\357\001\000\200a\000\000"-
#10851	REDUCE cov: 8036 ft: 42704 corp: 969/18Mb lim: 65536 exec/s: 328 rss: 417Mb L: 46560/65536 MS: 3 CMP-CopyPart-EraseBytes- DE: "`)`"-
#10870	REDUCE cov: 8036 ft: 42704 corp: 969/18Mb lim: 65536 exec/s: 329 rss: 417Mb L: 5761/65536 MS: 4 InsertRepeatedBytes-ShuffleBytes-CMP-EraseBytes- DE: "\003\376)\0000b\000\000"-
#10874	NEW    cov: 8037 ft: 42705 corp: 970/18Mb lim: 65536 exec/s: 329 rss: 417Mb L: 45619/65536 MS: 4 ShuffleBytes-CrossOver-CopyPart-ShuffleBytes-
#10880	REDUCE cov: 8037 ft: 42705 corp: 970/18Mb lim: 65536 exec/s: 329 rss: 417Mb L: 7169/65536 MS: 1 EraseBytes-
#10939	REDUCE cov: 8037 ft: 42705 corp: 970/18Mb lim: 65536 exec/s: 331 rss: 417Mb L: 26094/65536 MS: 4 ChangeBinInt-CMP-ShuffleBytes-EraseBytes- DE: "\377\377\377\377\377\377\377\377"-
#10967	REDUCE cov: 8037 ft: 42705 corp: 970/18Mb lim: 65536 exec/s: 332 rss: 417Mb L: 2714/65536 MS: 3 ChangeBinInt-CrossOver-EraseBytes-
#10972	NEW    cov: 8037 ft: 42708 corp: 971/18Mb lim: 65536 exec/s: 332 rss: 417Mb L: 721/65536 MS: 5 InsertRepeatedBytes-PersAutoDict-InsertByte-CopyPart-ShuffleBytes- DE: "\032\000"-
#10986	REDUCE cov: 8037 ft: 42708 corp: 971/18Mb lim: 65536 exec/s: 332 rss: 417Mb L: 126/65536 MS: 4 InsertByte-ChangeBinInt-ChangeASCIIInt-EraseBytes-
#11030	NEW    cov: 8037 ft: 42709 corp: 972/18Mb lim: 65536 exec/s: 334 rss: 417Mb L: 5943/65536 MS: 4 InsertByte-ChangeBit-ChangeASCIIInt-CopyPart-
#11032	REDUCE cov: 8037 ft: 42709 corp: 972/18Mb lim: 65536 exec/s: 334 rss: 417Mb L: 8077/65536 MS: 2 CrossOver-EraseBytes-
#11047	REDUCE cov: 8037 ft: 42709 corp: 972/18Mb lim: 65536 exec/s: 334 rss: 417Mb L: 30658/65536 MS: 5 ChangeByte-ChangeByte-CMP-ChangeASCIIInt-EraseBytes- DE: "ftp"-
#11071	NEW    cov: 8037 ft: 42710 corp: 973/18Mb lim: 65536 exec/s: 335 rss: 417Mb L: 2200/65536 MS: 4 ChangeBit-CMP-ChangeBit-CrossOver- DE: "<![CDATA["-
#11074	REDUCE cov: 8037 ft: 42710 corp: 973/18Mb lim: 65536 exec/s: 335 rss: 417Mb L: 6821/65536 MS: 3 ChangeASCIIInt-InsertByte-EraseBytes-
#11077	REDUCE cov: 8037 ft: 42739 corp: 974/18Mb lim: 65536 exec/s: 335 rss: 417Mb L: 24887/65536 MS: 3 ChangeASCIIInt-ChangeBit-EraseBytes-
#11098	NEW    cov: 8037 ft: 42741 corp: 975/18Mb lim: 65536 exec/s: 336 rss: 417Mb L: 7040/65536 MS: 1 CopyPart-
#11109	REDUCE cov: 8037 ft: 42741 corp: 975/18Mb lim: 65536 exec/s: 336 rss: 417Mb L: 28434/65536 MS: 1 EraseBytes-
#11110	REDUCE cov: 8037 ft: 42741 corp: 975/18Mb lim: 65536 exec/s: 336 rss: 417Mb L: 7146/65536 MS: 1 EraseBytes-
#11122	REDUCE cov: 8037 ft: 42741 corp: 975/18Mb lim: 65536 exec/s: 337 rss: 417Mb L: 30629/65536 MS: 2 ChangeByte-EraseBytes-
#11133	NEW    cov: 8038 ft: 42750 corp: 976/18Mb lim: 65536 exec/s: 337 rss: 417Mb L: 13551/65536 MS: 1 ChangeBit-
#11139	REDUCE cov: 8038 ft: 42750 corp: 976/18Mb lim: 65536 exec/s: 337 rss: 417Mb L: 41285/65536 MS: 1 EraseBytes-
#11163	REDUCE cov: 8038 ft: 42750 corp: 976/18Mb lim: 65536 exec/s: 338 rss: 417Mb L: 8273/65536 MS: 4 ChangeBinInt-ShuffleBytes-ChangeBit-EraseBytes-
#11169	NEW    cov: 8039 ft: 42751 corp: 977/18Mb lim: 65536 exec/s: 328 rss: 417Mb L: 65536/65536 MS: 1 ChangeBinInt-
#11174	NEW    cov: 8039 ft: 42755 corp: 978/18Mb lim: 65536 exec/s: 328 rss: 417Mb L: 42719/65536 MS: 5 ChangeBinInt-ChangeASCIIInt-ChangeBinInt-ChangeByte-CrossOver-
#11190	NEW    cov: 8039 ft: 42780 corp: 979/18Mb lim: 65536 exec/s: 329 rss: 417Mb L: 50184/65536 MS: 1 CrossOver-
#11241	REDUCE cov: 8039 ft: 42780 corp: 979/18Mb lim: 65536 exec/s: 330 rss: 417Mb L: 50463/65536 MS: 1 EraseBytes-
#11244	REDUCE cov: 8039 ft: 42804 corp: 980/18Mb lim: 65536 exec/s: 330 rss: 417Mb L: 6231/65536 MS: 3 ChangeByte-CrossOver-CrossOver-
#11250	REDUCE cov: 8039 ft: 42804 corp: 980/18Mb lim: 65536 exec/s: 330 rss: 417Mb L: 11175/65536 MS: 1 EraseBytes-
#11252	REDUCE cov: 8039 ft: 42804 corp: 980/18Mb lim: 65536 exec/s: 330 rss: 417Mb L: 5261/65536 MS: 2 CMP-EraseBytes- DE: "\377#"-
#11276	NEW    cov: 8039 ft: 42805 corp: 981/19Mb lim: 65536 exec/s: 331 rss: 417Mb L: 24076/65536 MS: 4 InsertRepeatedBytes-InsertRepeatedBytes-ChangeBinInt-CrossOver-
#11278	NEW    cov: 8039 ft: 42838 corp: 982/19Mb lim: 65536 exec/s: 331 rss: 417Mb L: 22474/65536 MS: 2 ChangeBinInt-CrossOver-
#11285	REDUCE cov: 8039 ft: 42838 corp: 982/19Mb lim: 65536 exec/s: 331 rss: 417Mb L: 26364/65536 MS: 2 ChangeByte-EraseBytes-
#11336	REDUCE cov: 8039 ft: 42838 corp: 982/19Mb lim: 65536 exec/s: 333 rss: 417Mb L: 37042/65536 MS: 1 EraseBytes-
#11355	NEW    cov: 8039 ft: 42845 corp: 983/19Mb lim: 65536 exec/s: 333 rss: 417Mb L: 29795/65536 MS: 4 ShuffleBytes-InsertByte-InsertRepeatedBytes-PersAutoDict- DE: "\001\000bp\000}Sk"-
#11382	NEW    cov: 8040 ft: 42846 corp: 984/19Mb lim: 65536 exec/s: 334 rss: 417Mb L: 31868/65536 MS: 2 ChangeBinInt-CopyPart-
#11402	NEW    cov: 8040 ft: 42849 corp: 985/19Mb lim: 65536 exec/s: 335 rss: 417Mb L: 42570/65536 MS: 5 ChangeBinInt-ShuffleBytes-InsertRepeatedBytes-EraseBytes-CrossOver-
#11405	NEW    cov: 8040 ft: 42851 corp: 986/19Mb lim: 65536 exec/s: 335 rss: 417Mb L: 6475/65536 MS: 3 CopyPart-CMP-CopyPart- DE: "\377\037"-
#11437	NEW    cov: 8040 ft: 42873 corp: 987/19Mb lim: 65536 exec/s: 336 rss: 417Mb L: 23872/65536 MS: 2 ChangeByte-CopyPart-
#11458	NEW    cov: 8040 ft: 42879 corp: 988/19Mb lim: 65536 exec/s: 337 rss: 417Mb L: 62309/65536 MS: 1 CopyPart-
#11461	REDUCE cov: 8040 ft: 42879 corp: 988/19Mb lim: 65536 exec/s: 337 rss: 417Mb L: 31069/65536 MS: 3 PersAutoDict-InsertRepeatedBytes-EraseBytes- DE: "\032\000"-
#11476	NEW    cov: 8040 ft: 42951 corp: 989/19Mb lim: 65536 exec/s: 337 rss: 417Mb L: 14682/65536 MS: 5 InsertByte-ShuffleBytes-InsertRepeatedBytes-ShuffleBytes-CopyPart-
#11492	REDUCE cov: 8041 ft: 42952 corp: 990/19Mb lim: 65536 exec/s: 338 rss: 417Mb L: 338/65536 MS: 1 CMP- DE: "\377\377~\376\266g\276@"-
#11497	NEW    cov: 8041 ft: 42954 corp: 991/19Mb lim: 65536 exec/s: 338 rss: 417Mb L: 11499/65536 MS: 5 InsertRepeatedBytes-EraseBytes-InsertByte-CrossOver-EraseBytes-
#11507	REDUCE cov: 8041 ft: 42956 corp: 992/19Mb lim: 65536 exec/s: 338 rss: 417Mb L: 5240/65536 MS: 5 InsertByte-InsertRepeatedBytes-ChangeBinInt-InsertRepeatedBytes-EraseBytes-
#11554	REDUCE cov: 8041 ft: 42956 corp: 992/19Mb lim: 65536 exec/s: 339 rss: 417Mb L: 302/65536 MS: 2 ShuffleBytes-EraseBytes-
#11559	REDUCE cov: 8041 ft: 42956 corp: 992/19Mb lim: 65536 exec/s: 339 rss: 417Mb L: 14924/65536 MS: 5 ChangeASCIIInt-ChangeBit-InsertByte-ShuffleBytes-EraseBytes-
#11561	NEW    cov: 8041 ft: 42960 corp: 993/19Mb lim: 65536 exec/s: 340 rss: 417Mb L: 5106/65536 MS: 2 ChangeByte-CopyPart-
#11569	REDUCE cov: 8041 ft: 42960 corp: 993/19Mb lim: 65536 exec/s: 340 rss: 417Mb L: 5880/65536 MS: 3 PersAutoDict-ChangeASCIIInt-EraseBytes- DE: "\274w\362\000\220b\000\000"-
#11584	NEW    cov: 8041 ft: 42961 corp: 994/19Mb lim: 65536 exec/s: 340 rss: 417Mb L: 65536/65536 MS: 5 ChangeASCIIInt-CrossOver-ShuffleBytes-ChangeBinInt-CopyPart-
#11597	REDUCE cov: 8041 ft: 42961 corp: 994/19Mb lim: 65536 exec/s: 341 rss: 417Mb L: 13527/65536 MS: 3 CopyPart-PersAutoDict-EraseBytes- DE: "&Differ"-
#11626	NEW    cov: 8041 ft: 42964 corp: 995/19Mb lim: 65536 exec/s: 332 rss: 417Mb L: 394/65536 MS: 4 ChangeBit-CrossOver-InsertByte-PersAutoDict- DE: "\003\376)\0000b\000\000"-
#11646	NEW    cov: 8041 ft: 42965 corp: 996/19Mb lim: 65536 exec/s: 332 rss: 417Mb L: 214/65536 MS: 5 ShuffleBytes-ChangeByte-ChangeBinInt-CrossOver-EraseBytes-
#11652	NEW    cov: 8041 ft: 42966 corp: 997/19Mb lim: 65536 exec/s: 332 rss: 417Mb L: 21499/65536 MS: 1 CopyPart-
#11659	NEW    cov: 8045 ft: 42981 corp: 998/19Mb lim: 65536 exec/s: 333 rss: 417Mb L: 56499/65536 MS: 2 ChangeByte-EraseBytes-
#11661	NEW    cov: 8045 ft: 42982 corp: 999/19Mb lim: 65536 exec/s: 333 rss: 417Mb L: 12882/65536 MS: 2 ChangeASCIIInt-CopyPart-
#11668	REDUCE cov: 8045 ft: 42983 corp: 1000/19Mb lim: 65536 exec/s: 333 rss: 417Mb L: 1079/65536 MS: 2 ChangeBinInt-InsertRepeatedBytes-
#11700	NEW    cov: 8045 ft: 42988 corp: 1001/19Mb lim: 65536 exec/s: 334 rss: 417Mb L: 43866/65536 MS: 2 ChangeBinInt-CopyPart-
#11746	NEW    cov: 8045 ft: 43008 corp: 1002/19Mb lim: 65536 exec/s: 335 rss: 417Mb L: 1232/65536 MS: 1 CopyPart-
#11756	NEW    cov: 8045 ft: 43017 corp: 1003/19Mb lim: 65536 exec/s: 335 rss: 417Mb L: 8191/65536 MS: 5 EraseBytes-ChangeBinInt-CMP-EraseBytes-InsertRepeatedBytes- DE: "G,B\000`b\000\000"-
#11758	REDUCE cov: 8045 ft: 43017 corp: 1003/19Mb lim: 65536 exec/s: 335 rss: 417Mb L: 34322/65536 MS: 2 CopyPart-EraseBytes-
#11787	REDUCE cov: 8045 ft: 43017 corp: 1003/19Mb lim: 65536 exec/s: 336 rss: 417Mb L: 29371/65536 MS: 4 InsertByte-ChangeByte-ChangeByte-CrossOver-
#11822	REDUCE cov: 8045 ft: 43021 corp: 1004/19Mb lim: 65536 exec/s: 337 rss: 417Mb L: 5761/65536 MS: 5 ChangeByte-CMP-ChangeByte-CopyPart-CopyPart- DE: "<![CDATA["-
#11824	REDUCE cov: 8045 ft: 43021 corp: 1004/19Mb lim: 65536 exec/s: 337 rss: 417Mb L: 13180/65536 MS: 2 ChangeASCIIInt-EraseBytes-
#11833	REDUCE cov: 8045 ft: 43021 corp: 1004/19Mb lim: 65536 exec/s: 338 rss: 417Mb L: 4053/65536 MS: 4 CrossOver-ShuffleBytes-CMP-EraseBytes- DE: "\377\001"-
#11845	REDUCE cov: 8045 ft: 43021 corp: 1004/19Mb lim: 65536 exec/s: 338 rss: 417Mb L: 14130/65536 MS: 2 InsertRepeatedBytes-EraseBytes-
#11894	REDUCE cov: 8045 ft: 43021 corp: 1004/19Mb lim: 65536 exec/s: 339 rss: 417Mb L: 245/65536 MS: 4 ChangeByte-InsertByte-ChangeByte-EraseBytes-
#11908	REDUCE cov: 8045 ft: 43021 corp: 1004/19Mb lim: 65536 exec/s: 340 rss: 417Mb L: 1119/65536 MS: 4 InsertRepeatedBytes-ChangeBit-InsertRepeatedBytes-EraseBytes-
#11917	REDUCE cov: 8045 ft: 43021 corp: 1004/19Mb lim: 65536 exec/s: 340 rss: 417Mb L: 62749/65536 MS: 4 PersAutoDict-ChangeASCIIInt-ChangeBit-EraseBytes- DE: "\377\377u\257"-
#11919	REDUCE cov: 8045 ft: 43021 corp: 1004/19Mb lim: 65536 exec/s: 340 rss: 417Mb L: 878/65536 MS: 2 ChangeBit-EraseBytes-
#11941	REDUCE cov: 8045 ft: 43021 corp: 1004/19Mb lim: 65536 exec/s: 341 rss: 417Mb L: 25721/65536 MS: 2 ChangeBit-EraseBytes-
#11975	REDUCE cov: 8045 ft: 43021 corp: 1004/19Mb lim: 65536 exec/s: 342 rss: 417Mb L: 18777/65536 MS: 4 CopyPart-CrossOver-InsertByte-EraseBytes-
#11976	REDUCE cov: 8046 ft: 43022 corp: 1005/19Mb lim: 65536 exec/s: 342 rss: 417Mb L: 247/65536 MS: 1 PersAutoDict- DE: "\377\037"-
#11989	REDUCE cov: 8046 ft: 43022 corp: 1005/19Mb lim: 65536 exec/s: 342 rss: 417Mb L: 6820/65536 MS: 3 ChangeByte-ChangeBinInt-EraseBytes-
#12002	REDUCE cov: 8046 ft: 43022 corp: 1005/19Mb lim: 65536 exec/s: 342 rss: 417Mb L: 11898/65536 MS: 3 ChangeBit-PersAutoDict-EraseBytes- DE: "&aacu"-
#12010	NEW    cov: 8046 ft: 43107 corp: 1006/19Mb lim: 65536 exec/s: 343 rss: 418Mb L: 47912/65536 MS: 3 ShuffleBytes-PersAutoDict-CrossOver- DE: "(,"-
#12051	REDUCE cov: 8046 ft: 43107 corp: 1006/19Mb lim: 65536 exec/s: 344 rss: 419Mb L: 547/65536 MS: 1 EraseBytes-
#12080	NEW    cov: 8049 ft: 43110 corp: 1007/19Mb lim: 65536 exec/s: 345 rss: 420Mb L: 39531/65536 MS: 4 ChangeByte-EraseBytes-ChangeBit-CopyPart-
#12127	REDUCE cov: 8049 ft: 43110 corp: 1007/19Mb lim: 65536 exec/s: 336 rss: 420Mb L: 25668/65536 MS: 2 ChangeASCIIInt-EraseBytes-
#12147	NEW    cov: 8049 ft: 43119 corp: 1008/19Mb lim: 65536 exec/s: 337 rss: 420Mb L: 65536/65536 MS: 5 ChangeByte-PersAutoDict-ShuffleBytes-ChangeBit-CopyPart- DE: "\007\000"-
#12156	REDUCE cov: 8049 ft: 43119 corp: 1008/19Mb lim: 65536 exec/s: 337 rss: 420Mb L: 6958/65536 MS: 4 ChangeBit-ShuffleBytes-PersAutoDict-EraseBytes- DE: "\377\377~\376\266g\276@"-
#12180	NEW    cov: 8049 ft: 43120 corp: 1009/19Mb lim: 65536 exec/s: 338 rss: 420Mb L: 6150/65536 MS: 4 PersAutoDict-ChangeASCIIInt-CopyPart-CopyPart- DE: "\000\000b\240\000\210\033\332"-
#12182	NEW    cov: 8049 ft: 43196 corp: 1010/19Mb lim: 65536 exec/s: 338 rss: 420Mb L: 36433/65536 MS: 2 ChangeBit-CrossOver-
#12184	REDUCE cov: 8049 ft: 43196 corp: 1010/19Mb lim: 65536 exec/s: 338 rss: 420Mb L: 8096/65536 MS: 2 PersAutoDict-EraseBytes- DE: "\000\000b\300\000rp\353"-
#12190	NEW    cov: 8051 ft: 43216 corp: 1011/19Mb lim: 65536 exec/s: 338 rss: 420Mb L: 20605/65536 MS: 1 CopyPart-
#12205	NEW    cov: 8051 ft: 43217 corp: 1012/19Mb lim: 65536 exec/s: 339 rss: 420Mb L: 61448/65536 MS: 5 ChangeASCIIInt-ChangeBit-ChangeASCIIInt-ShuffleBytes-CrossOver-
#12208	REDUCE cov: 8051 ft: 43217 corp: 1012/19Mb lim: 65536 exec/s: 339 rss: 420Mb L: 6858/65536 MS: 3 InsertRepeatedBytes-InsertByte-EraseBytes-
#12215	REDUCE cov: 8051 ft: 43217 corp: 1012/19Mb lim: 65536 exec/s: 339 rss: 420Mb L: 8060/65536 MS: 2 PersAutoDict-EraseBytes- DE: "\375\000\000\000\200`\000\000"-
	NEW_FUNC[1/2]: 0x5a7e984ba710 in md_label_hash_entry_cmp_for_sort /home/ilia/sec/md4c/src/md4c.c:1741
	NEW_FUNC[2/2]: 0x5a7e984ba850 in md_label_hash_entry_cmp /home/ilia/sec/md4c/src/md4c.c:1726
#12224	NEW    cov: 8124 ft: 43474 corp: 1013/19Mb lim: 65536 exec/s: 339 rss: 420Mb L: 12321/65536 MS: 4 ChangeBit-InsertRepeatedBytes-PersAutoDict-ChangeBinInt- DE: "cks]"-
#12225	REDUCE cov: 8124 ft: 43474 corp: 1013/19Mb lim: 65536 exec/s: 339 rss: 420Mb L: 43000/65536 MS: 1 EraseBytes-
#12232	REDUCE cov: 8124 ft: 43474 corp: 1013/19Mb lim: 65536 exec/s: 339 rss: 420Mb L: 16638/65536 MS: 2 ShuffleBytes-EraseBytes-
#12247	NEW    cov: 8124 ft: 43526 corp: 1014/19Mb lim: 65536 exec/s: 340 rss: 420Mb L: 55877/65536 MS: 5 CopyPart-CrossOver-InsertRepeatedBytes-InsertByte-CopyPart-
#12251	NEW    cov: 8124 ft: 43531 corp: 1015/19Mb lim: 65536 exec/s: 340 rss: 420Mb L: 2198/65536 MS: 4 PersAutoDict-PersAutoDict-ChangeASCIIInt-CopyPart- DE: "\001^"-"lowed"-
#12270	NEW    cov: 8125 ft: 43532 corp: 1016/19Mb lim: 65536 exec/s: 340 rss: 420Mb L: 24179/65536 MS: 4 InsertByte-ChangeASCIIInt-CrossOver-CMP- DE: "\001\000b\260\000_\300Q"-
#12283	NEW    cov: 8131 ft: 43560 corp: 1017/19Mb lim: 65536 exec/s: 341 rss: 420Mb L: 36178/65536 MS: 3 CrossOver-ChangeASCIIInt-CrossOver-
#12297	NEW    cov: 8131 ft: 43562 corp: 1018/19Mb lim: 65536 exec/s: 341 rss: 420Mb L: 487/65536 MS: 4 CopyPart-ChangeBit-ShuffleBytes-CopyPart-
#12323	NEW    cov: 8131 ft: 43570 corp: 1019/19Mb lim: 65536 exec/s: 342 rss: 420Mb L: 46418/65536 MS: 1 CopyPart-
#12340	NEW    cov: 8131 ft: 43574 corp: 1020/19Mb lim: 65536 exec/s: 342 rss: 420Mb L: 9746/65536 MS: 2 ShuffleBytes-CrossOver-
#12360	NEW    cov: 8131 ft: 43580 corp: 1021/19Mb lim: 65536 exec/s: 343 rss: 421Mb L: 55132/65536 MS: 5 CrossOver-ShuffleBytes-ChangeBit-PersAutoDict-CrossOver- DE: "gle"-
#12388	REDUCE cov: 8131 ft: 43580 corp: 1021/19Mb lim: 65536 exec/s: 344 rss: 421Mb L: 5286/65536 MS: 3 InsertRepeatedBytes-ChangeASCIIInt-EraseBytes-
#12414	REDUCE cov: 8131 ft: 43580 corp: 1021/19Mb lim: 65536 exec/s: 344 rss: 421Mb L: 46906/65536 MS: 1 EraseBytes-
#12436	NEW    cov: 8131 ft: 43585 corp: 1022/19Mb lim: 65536 exec/s: 345 rss: 421Mb L: 9118/65536 MS: 2 CrossOver-CrossOver-
#12441	REDUCE cov: 8131 ft: 43585 corp: 1022/19Mb lim: 65536 exec/s: 345 rss: 421Mb L: 1834/65536 MS: 5 PersAutoDict-InsertByte-PersAutoDict-ShuffleBytes-EraseBytes- DE: "\221\232\215\214"-"\377\377u\257"-
#12454	NEW    cov: 8131 ft: 43589 corp: 1023/19Mb lim: 65536 exec/s: 345 rss: 421Mb L: 42728/65536 MS: 3 ChangeBit-ChangeByte-CopyPart-
#12455	REDUCE cov: 8131 ft: 43589 corp: 1023/19Mb lim: 65536 exec/s: 345 rss: 421Mb L: 16164/65536 MS: 1 EraseBytes-
#12457	NEW    cov: 8131 ft: 43592 corp: 1024/19Mb lim: 65536 exec/s: 346 rss: 422Mb L: 29563/65536 MS: 2 CrossOver-CopyPart-
#12486	REDUCE cov: 8131 ft: 43592 corp: 1024/19Mb lim: 65536 exec/s: 346 rss: 422Mb L: 9589/65536 MS: 4 ChangeBit-ChangeBinInt-InsertByte-EraseBytes-
#12534	NEW    cov: 8131 ft: 43594 corp: 1025/19Mb lim: 65536 exec/s: 348 rss: 422Mb L: 43696/65536 MS: 3 InsertByte-CrossOver-CrossOver-
#12553	REDUCE cov: 8131 ft: 43594 corp: 1025/19Mb lim: 65536 exec/s: 348 rss: 422Mb L: 11029/65536 MS: 4 ChangeBit-InsertByte-ChangeBit-EraseBytes-
#12554	REDUCE cov: 8131 ft: 43594 corp: 1025/19Mb lim: 65536 exec/s: 348 rss: 422Mb L: 6172/65536 MS: 1 EraseBytes-
#12556	REDUCE cov: 8131 ft: 43594 corp: 1025/19Mb lim: 65536 exec/s: 348 rss: 422Mb L: 21193/65536 MS: 2 InsertRepeatedBytes-EraseBytes-
#12557	REDUCE cov: 8131 ft: 43594 corp: 1025/19Mb lim: 65536 exec/s: 348 rss: 422Mb L: 43823/65536 MS: 1 EraseBytes-
#12569	REDUCE cov: 8131 ft: 43594 corp: 1025/19Mb lim: 65536 exec/s: 349 rss: 422Mb L: 2644/65536 MS: 2 CMP-EraseBytes- DE: "\377\377\377\001"-
#12585	NEW    cov: 8131 ft: 43599 corp: 1026/20Mb lim: 65536 exec/s: 340 rss: 422Mb L: 64304/65536 MS: 1 CopyPart-
#12628	NEW    cov: 8135 ft: 43604 corp: 1027/20Mb lim: 65536 exec/s: 341 rss: 422Mb L: 39538/65536 MS: 3 InsertRepeatedBytes-ChangeASCIIInt-CMP- DE: "&notni"-
#12643	NEW    cov: 8135 ft: 43627 corp: 1028/20Mb lim: 65536 exec/s: 341 rss: 422Mb L: 61912/65536 MS: 5 InsertByte-InsertByte-CopyPart-InsertRepeatedBytes-CopyPart-
#12687	NEW    cov: 8135 ft: 43628 corp: 1029/20Mb lim: 65536 exec/s: 342 rss: 422Mb L: 55587/65536 MS: 4 ChangeASCIIInt-CopyPart-PersAutoDict-CrossOver- DE: "\004(\005\000\360b\000\000"-
#12691	NEW    cov: 8136 ft: 43629 corp: 1030/20Mb lim: 65536 exec/s: 343 rss: 422Mb L: 8620/65536 MS: 4 ShuffleBytes-ShuffleBytes-ChangeASCIIInt-InsertByte-
#12699	REDUCE cov: 8138 ft: 43631 corp: 1031/20Mb lim: 65536 exec/s: 343 rss: 422Mb L: 22220/65536 MS: 3 ShuffleBytes-ChangeASCIIInt-EraseBytes-
#12750	REDUCE cov: 8138 ft: 43632 corp: 1032/20Mb lim: 65536 exec/s: 344 rss: 422Mb L: 59006/65536 MS: 1 CopyPart-
#12753	REDUCE cov: 8138 ft: 43632 corp: 1032/20Mb lim: 65536 exec/s: 344 rss: 422Mb L: 627/65536 MS: 3 PersAutoDict-CopyPart-EraseBytes- DE: "\000\000b\240\000\210\033\332"-
#12773	NEW    cov: 8138 ft: 43713 corp: 1033/20Mb lim: 65536 exec/s: 345 rss: 423Mb L: 64924/65536 MS: 5 CMP-ChangeASCIIInt-ChangeBit-CMP-CopyPart- DE: "\001\000\000\000"-"&Union"-
#12777	NEW    cov: 8138 ft: 43846 corp: 1034/20Mb lim: 65536 exec/s: 345 rss: 423Mb L: 31304/65536 MS: 4 ChangeBit-InsertByte-PersAutoDict-CopyPart- DE: "\001^"-
#12796	NEW    cov: 8138 ft: 43865 corp: 1035/20Mb lim: 65536 exec/s: 345 rss: 423Mb L: 59080/65536 MS: 4 InsertRepeatedBytes-ChangeByte-InsertByte-CopyPart-
#12797	REDUCE cov: 8138 ft: 43901 corp: 1036/20Mb lim: 65536 exec/s: 345 rss: 423Mb L: 50250/65536 MS: 1 CopyPart-
#12808	REDUCE cov: 8138 ft: 43901 corp: 1036/20Mb lim: 65536 exec/s: 346 rss: 423Mb L: 2688/65536 MS: 1 EraseBytes-
#12817	NEW    cov: 8138 ft: 43907 corp: 1037/20Mb lim: 65536 exec/s: 346 rss: 423Mb L: 38531/65536 MS: 4 ChangeBit-ChangeBit-ChangeByte-CrossOver-
#12825	REDUCE cov: 8138 ft: 43907 corp: 1037/20Mb lim: 65536 exec/s: 346 rss: 425Mb L: 21615/65536 MS: 3 ChangeASCIIInt-CrossOver-EraseBytes-
#12850	REDUCE cov: 8138 ft: 43907 corp: 1037/20Mb lim: 65536 exec/s: 347 rss: 426Mb L: 18412/65536 MS: 5 ChangeBinInt-InsertRepeatedBytes-ChangeBit-CrossOver-CrossOver-
#12861	REDUCE cov: 8138 ft: 43907 corp: 1037/20Mb lim: 65536 exec/s: 347 rss: 426Mb L: 506/65536 MS: 1 EraseBytes-
#12884	NEW    cov: 8138 ft: 43908 corp: 1038/20Mb lim: 65536 exec/s: 348 rss: 426Mb L: 26673/65536 MS: 3 InsertByte-CrossOver-CrossOver-
#12917	NEW    cov: 8138 ft: 43914 corp: 1039/20Mb lim: 65536 exec/s: 349 rss: 426Mb L: 396/65536 MS: 3 InsertRepeatedBytes-ChangeBinInt-CopyPart-
#12930	NEW    cov: 8138 ft: 43915 corp: 1040/20Mb lim: 65536 exec/s: 349 rss: 426Mb L: 24247/65536 MS: 3 ChangeASCIIInt-ChangeByte-CrossOver-
#12931	REDUCE cov: 8138 ft: 43915 corp: 1040/20Mb lim: 65536 exec/s: 349 rss: 426Mb L: 11297/65536 MS: 1 EraseBytes-
#12932	NEW    cov: 8139 ft: 43916 corp: 1041/20Mb lim: 65536 exec/s: 349 rss: 426Mb L: 15294/65536 MS: 1 InsertRepeatedBytes-
#12979	REDUCE cov: 8139 ft: 43916 corp: 1041/20Mb lim: 65536 exec/s: 350 rss: 426Mb L: 5684/65536 MS: 2 InsertByte-EraseBytes-
#12986	REDUCE cov: 8139 ft: 43916 corp: 1041/20Mb lim: 65536 exec/s: 350 rss: 426Mb L: 856/65536 MS: 2 ChangeByte-EraseBytes-
#12996	REDUCE cov: 8139 ft: 43920 corp: 1042/20Mb lim: 65536 exec/s: 342 rss: 426Mb L: 48070/65536 MS: 5 ShuffleBytes-ShuffleBytes-ChangeASCIIInt-ChangeASCIIInt-CopyPart-
#13004	NEW    cov: 8139 ft: 43921 corp: 1043/20Mb lim: 65536 exec/s: 342 rss: 426Mb L: 20270/65536 MS: 3 PersAutoDict-CopyPart-CrossOver- DE: "\000\000bp\0008]("-
#13025	NEW    cov: 8139 ft: 43922 corp: 1044/20Mb lim: 65536 exec/s: 342 rss: 426Mb L: 25915/65536 MS: 1 InsertRepeatedBytes-
#13078	REDUCE cov: 8139 ft: 43922 corp: 1044/20Mb lim: 65536 exec/s: 344 rss: 426Mb L: 7482/65536 MS: 3 InsertRepeatedBytes-InsertRepeatedBytes-EraseBytes-
#13084	NEW    cov: 8139 ft: 43947 corp: 1045/20Mb lim: 65536 exec/s: 344 rss: 426Mb L: 7114/65536 MS: 1 EraseBytes-
#13086	REDUCE cov: 8139 ft: 43947 corp: 1045/20Mb lim: 65536 exec/s: 344 rss: 426Mb L: 20795/65536 MS: 2 ShuffleBytes-EraseBytes-
#13109	NEW    cov: 8139 ft: 43961 corp: 1046/20Mb lim: 65536 exec/s: 344 rss: 426Mb L: 7633/65536 MS: 3 CrossOver-ChangeByte-CopyPart-
#13120	REDUCE cov: 8139 ft: 43961 corp: 1046/20Mb lim: 65536 exec/s: 345 rss: 426Mb L: 25879/65536 MS: 1 EraseBytes-
#13122	REDUCE cov: 8143 ft: 44150 corp: 1047/20Mb lim: 65536 exec/s: 345 rss: 426Mb L: 19358/65536 MS: 2 ChangeASCIIInt-PersAutoDict- DE: "\352\321\212\001Pb\000\000"-
#13133	NEW    cov: 8143 ft: 44151 corp: 1048/20Mb lim: 65536 exec/s: 345 rss: 426Mb L: 65511/65536 MS: 1 CopyPart-
#13141	NEW    cov: 8143 ft: 44152 corp: 1049/20Mb lim: 65536 exec/s: 345 rss: 426Mb L: 60453/65536 MS: 3 ChangeASCIIInt-CMP-CrossOver- DE: ".\000\000\000"-
#13150	NEW    cov: 8144 ft: 44165 corp: 1050/20Mb lim: 65536 exec/s: 346 rss: 426Mb L: 8713/65536 MS: 4 CrossOver-InsertRepeatedBytes-ChangeBit-ChangeBinInt-
#13171	REDUCE cov: 8144 ft: 44165 corp: 1050/20Mb lim: 65536 exec/s: 346 rss: 426Mb L: 20734/65536 MS: 1 EraseBytes-
#13178	NEW    cov: 8144 ft: 44167 corp: 1051/20Mb lim: 65536 exec/s: 346 rss: 426Mb L: 48213/65536 MS: 2 InsertRepeatedBytes-CrossOver-
#13185	REDUCE cov: 8144 ft: 44167 corp: 1051/20Mb lim: 65536 exec/s: 346 rss: 426Mb L: 1036/65536 MS: 2 ShuffleBytes-EraseBytes-
#13202	REDUCE cov: 8144 ft: 44167 corp: 1051/20Mb lim: 65536 exec/s: 347 rss: 426Mb L: 16280/65536 MS: 2 ChangeByte-EraseBytes-
#13252	REDUCE cov: 8144 ft: 44170 corp: 1052/20Mb lim: 65536 exec/s: 348 rss: 426Mb L: 51145/65536 MS: 5 PersAutoDict-CopyPart-CMP-InsertRepeatedBytes-CopyPart- DE: "=\000"-"\027\000\000\000"-
#13268	NEW    cov: 8144 ft: 44171 corp: 1053/20Mb lim: 65536 exec/s: 349 rss: 426Mb L: 31107/65536 MS: 1 ChangeByte-
#13270	NEW    cov: 8144 ft: 44172 corp: 1054/20Mb lim: 65536 exec/s: 349 rss: 426Mb L: 13816/65536 MS: 2 ShuffleBytes-CopyPart-
#13274	NEW    cov: 8144 ft: 44173 corp: 1055/20Mb lim: 65536 exec/s: 349 rss: 426Mb L: 29732/65536 MS: 4 EraseBytes-ChangeByte-PersAutoDict-CrossOver- DE: "\000\000\177\376\266g\275\330"-
#13281	NEW    cov: 8144 ft: 44177 corp: 1056/20Mb lim: 65536 exec/s: 349 rss: 426Mb L: 55587/65536 MS: 2 ChangeASCIIInt-CopyPart-
#13297	NEW    cov: 8144 ft: 44178 corp: 1057/20Mb lim: 65536 exec/s: 349 rss: 426Mb L: 20565/65536 MS: 1 EraseBytes-
#13308	REDUCE cov: 8144 ft: 44178 corp: 1057/20Mb lim: 65536 exec/s: 350 rss: 426Mb L: 30159/65536 MS: 1 EraseBytes-
#13333	NEW    cov: 8144 ft: 44217 corp: 1058/20Mb lim: 65536 exec/s: 350 rss: 426Mb L: 23595/65536 MS: 5 ChangeASCIIInt-CrossOver-InsertByte-CrossOver-CrossOver-
#13338	NEW    cov: 8144 ft: 44218 corp: 1059/20Mb lim: 65536 exec/s: 351 rss: 426Mb L: 2117/65536 MS: 5 ShuffleBytes-ShuffleBytes-ShuffleBytes-ShuffleBytes-InsertRepeatedBytes-
#13356	REDUCE cov: 8144 ft: 44228 corp: 1060/21Mb lim: 65536 exec/s: 351 rss: 426Mb L: 20228/65536 MS: 3 ChangeBinInt-ChangeByte-CrossOver-
#13372	REDUCE cov: 8144 ft: 44228 corp: 1060/21Mb lim: 65536 exec/s: 351 rss: 426Mb L: 3709/65536 MS: 1 EraseBytes-
#13376	NEW    cov: 8144 ft: 44229 corp: 1061/21Mb lim: 65536 exec/s: 352 rss: 426Mb L: 8780/65536 MS: 4 ChangeByte-ChangeBit-InsertByte-CopyPart-
#13383	NEW    cov: 8144 ft: 44230 corp: 1062/21Mb lim: 65536 exec/s: 352 rss: 426Mb L: 65536/65536 MS: 2 ChangeByte-CopyPart-
#13385	REDUCE cov: 8144 ft: 44230 corp: 1062/21Mb lim: 65536 exec/s: 352 rss: 426Mb L: 6242/65536 MS: 2 PersAutoDict-EraseBytes- DE: "&Darr;"-
#13386	REDUCE cov: 8144 ft: 44230 corp: 1062/21Mb lim: 65536 exec/s: 352 rss: 426Mb L: 34809/65536 MS: 1 EraseBytes-
#13400	REDUCE cov: 8144 ft: 44332 corp: 1063/21Mb lim: 65536 exec/s: 352 rss: 426Mb L: 39460/65536 MS: 4 ChangeByte-InsertRepeatedBytes-ChangeBit-CMP- DE: "6\000"-
#13406	REDUCE cov: 8144 ft: 44332 corp: 1063/21Mb lim: 65536 exec/s: 352 rss: 426Mb L: 36050/65536 MS: 1 EraseBytes-
#13427	NEW    cov: 8144 ft: 44357 corp: 1064/21Mb lim: 65536 exec/s: 344 rss: 426Mb L: 44879/65536 MS: 1 CopyPart-
#13429	NEW    cov: 8144 ft: 44358 corp: 1065/21Mb lim: 65536 exec/s: 344 rss: 426Mb L: 153/65536 MS: 2 ShuffleBytes-InsertByte-
#13440	NEW    cov: 8144 ft: 44359 corp: 1066/21Mb lim: 65536 exec/s: 344 rss: 426Mb L: 61723/65536 MS: 1 CopyPart-
#13453	NEW    cov: 8144 ft: 44366 corp: 1067/21Mb lim: 65536 exec/s: 344 rss: 426Mb L: 8127/65536 MS: 3 ChangeByte-ChangeASCIIInt-InsertRepeatedBytes-
#13460	REDUCE cov: 8144 ft: 44366 corp: 1067/21Mb lim: 65536 exec/s: 345 rss: 426Mb L: 297/65536 MS: 2 ShuffleBytes-EraseBytes-
#13464	REDUCE cov: 8144 ft: 44367 corp: 1068/21Mb lim: 65536 exec/s: 345 rss: 426Mb L: 20737/65536 MS: 4 ChangeASCIIInt-PersAutoDict-CrossOver-CopyPart- DE: "`;`"-
#13468	REDUCE cov: 8144 ft: 44367 corp: 1068/21Mb lim: 65536 exec/s: 345 rss: 426Mb L: 33464/65536 MS: 4 InsertByte-InsertByte-ChangeASCIIInt-EraseBytes-
#13490	NEW    cov: 8183 ft: 44406 corp: 1069/21Mb lim: 65536 exec/s: 345 rss: 426Mb L: 30914/65536 MS: 2 ChangeBinInt-InsertByte-
#13502	REDUCE cov: 8183 ft: 44406 corp: 1069/21Mb lim: 65536 exec/s: 346 rss: 426Mb L: 5517/65536 MS: 2 InsertByte-EraseBytes-
#13509	NEW    cov: 8183 ft: 44408 corp: 1070/21Mb lim: 65536 exec/s: 346 rss: 426Mb L: 17387/65536 MS: 2 EraseBytes-CopyPart-
#13517	REDUCE cov: 8183 ft: 44408 corp: 1070/21Mb lim: 65536 exec/s: 346 rss: 426Mb L: 3801/65536 MS: 3 CopyPart-ChangeByte-EraseBytes-
#13536	NEW    cov: 8183 ft: 44409 corp: 1071/21Mb lim: 65536 exec/s: 347 rss: 426Mb L: 2834/65536 MS: 4 InsertByte-InsertByte-ChangeBinInt-CopyPart-
#13550	NEW    cov: 8183 ft: 44410 corp: 1072/21Mb lim: 65536 exec/s: 347 rss: 426Mb L: 1989/65536 MS: 4 ShuffleBytes-CopyPart-InsertRepeatedBytes-CopyPart-
#13599	REDUCE cov: 8183 ft: 44410 corp: 1072/21Mb lim: 65536 exec/s: 348 rss: 426Mb L: 2042/65536 MS: 4 ChangeBit-ChangeBit-ChangeByte-EraseBytes-
#13614	REDUCE cov: 8183 ft: 44410 corp: 1072/21Mb lim: 65536 exec/s: 349 rss: 426Mb L: 26509/65536 MS: 5 ChangeByte-ChangeBit-InsertByte-PersAutoDict-EraseBytes- DE: "\001\000a\220\000\032\015\220"-
#13616	REDUCE cov: 8183 ft: 44410 corp: 1072/21Mb lim: 65536 exec/s: 349 rss: 426Mb L: 172/65536 MS: 2 ChangeBit-EraseBytes-
#13625	REDUCE cov: 8183 ft: 44410 corp: 1072/21Mb lim: 65536 exec/s: 349 rss: 426Mb L: 23215/65536 MS: 4 ChangeByte-InsertRepeatedBytes-ShuffleBytes-EraseBytes-
#13627	REDUCE cov: 8183 ft: 44410 corp: 1072/21Mb lim: 65536 exec/s: 349 rss: 426Mb L: 33468/65536 MS: 2 ShuffleBytes-EraseBytes-
#13646	REDUCE cov: 8183 ft: 44427 corp: 1073/21Mb lim: 65536 exec/s: 349 rss: 426Mb L: 7991/65536 MS: 4 ChangeBit-InsertByte-InsertByte-CrossOver-
#13663	NEW    cov: 8183 ft: 44441 corp: 1074/21Mb lim: 65536 exec/s: 350 rss: 426Mb L: 43992/65536 MS: 2 InsertRepeatedBytes-CopyPart-
#13664	NEW    cov: 8183 ft: 44449 corp: 1075/21Mb lim: 65536 exec/s: 350 rss: 426Mb L: 12561/65536 MS: 1 CrossOver-
#13693	REDUCE cov: 8183 ft: 44449 corp: 1075/21Mb lim: 65536 exec/s: 351 rss: 426Mb L: 2743/65536 MS: 4 ShuffleBytes-InsertRepeatedBytes-ShuffleBytes-EraseBytes-
#13719	NEW    cov: 8183 ft: 44450 corp: 1076/21Mb lim: 65536 exec/s: 351 rss: 426Mb L: 60082/65536 MS: 1 CrossOver-
#13721	REDUCE cov: 8183 ft: 44450 corp: 1076/21Mb lim: 65536 exec/s: 351 rss: 426Mb L: 1476/65536 MS: 2 CMP-EraseBytes- DE: "\002\000"-
#13773	REDUCE cov: 8183 ft: 44450 corp: 1076/21Mb lim: 65536 exec/s: 353 rss: 426Mb L: 11131/65536 MS: 2 CMP-EraseBytes- DE: "\004\002"-
#13776	REDUCE cov: 8183 ft: 44450 corp: 1076/21Mb lim: 65536 exec/s: 353 rss: 426Mb L: 229/65536 MS: 3 InsertByte-ChangeBit-EraseBytes-
#13806	NEW    cov: 8184 ft: 44451 corp: 1077/21Mb lim: 65536 exec/s: 354 rss: 426Mb L: 123/65536 MS: 5 CMP-PersAutoDict-CopyPart-ChangeByte-EraseBytes- DE: "_A\000\000"-"\352\321\212\001Pb\000\000"-
#13845	REDUCE cov: 8184 ft: 44451 corp: 1077/21Mb lim: 65536 exec/s: 346 rss: 426Mb L: 16689/65536 MS: 4 CopyPart-ChangeByte-CMP-EraseBytes- DE: "\001\000\000?"-
#13847	NEW    cov: 8184 ft: 44452 corp: 1078/21Mb lim: 65536 exec/s: 346 rss: 426Mb L: 42719/65536 MS: 2 ChangeByte-CopyPart-
#13883	REDUCE cov: 8184 ft: 44458 corp: 1079/21Mb lim: 65536 exec/s: 347 rss: 426Mb L: 32708/65536 MS: 1 CopyPart-
#13902	NEW    cov: 8184 ft: 44462 corp: 1080/21Mb lim: 65536 exec/s: 347 rss: 426Mb L: 42726/65536 MS: 4 PersAutoDict-ChangeBit-ChangeBinInt-ChangeBit- DE: "&Union;"-
#13924	REDUCE cov: 8184 ft: 44462 corp: 1080/21Mb lim: 65536 exec/s: 348 rss: 426Mb L: 18568/65536 MS: 2 ChangeASCIIInt-CrossOver-
#13966	NEW    cov: 8184 ft: 44463 corp: 1081/21Mb lim: 65536 exec/s: 349 rss: 426Mb L: 47174/65536 MS: 2 CMP-EraseBytes- DE: "\000\000c\000\000Y\364\337"-
#13968	REDUCE cov: 8184 ft: 44468 corp: 1082/21Mb lim: 65536 exec/s: 349 rss: 426Mb L: 36731/65536 MS: 2 ChangeBinInt-CopyPart-
#13978	NEW    cov: 8184 ft: 44470 corp: 1083/21Mb lim: 65536 exec/s: 349 rss: 426Mb L: 20810/65536 MS: 5 CrossOver-ShuffleBytes-InsertByte-InsertRepeatedBytes-CrossOver-
#13980	NEW    cov: 8184 ft: 44564 corp: 1084/21Mb lim: 65536 exec/s: 349 rss: 426Mb L: 6699/65536 MS: 2 CrossOver-ChangeByte-
#13986	REDUCE cov: 8184 ft: 44564 corp: 1084/21Mb lim: 65536 exec/s: 349 rss: 426Mb L: 19417/65536 MS: 1 EraseBytes-
#14013	NEW    cov: 8184 ft: 44604 corp: 1085/21Mb lim: 65536 exec/s: 350 rss: 426Mb L: 6699/65536 MS: 2 CMP-ChangeBit- DE: "\"\036\344\000\320b\000\000"-
#14043	NEW    cov: 8184 ft: 44632 corp: 1086/21Mb lim: 65536 exec/s: 351 rss: 426Mb L: 20657/65536 MS: 5 CrossOver-ChangeByte-ShuffleBytes-InsertRepeatedBytes-CrossOver-
#14048	REDUCE cov: 8184 ft: 44632 corp: 1086/21Mb lim: 65536 exec/s: 351 rss: 426Mb L: 33919/65536 MS: 5 CMP-ChangeByte-ChangeBit-ChangeBit-EraseBytes- DE: "\252\262Z\000\240b\000\000"-
#14061	NEW    cov: 8184 ft: 44633 corp: 1087/21Mb lim: 65536 exec/s: 351 rss: 426Mb L: 52314/65536 MS: 3 ChangeByte-ChangeByte-CopyPart-
#14072	REDUCE cov: 8185 ft: 44658 corp: 1088/21Mb lim: 65536 exec/s: 351 rss: 426Mb L: 5286/65536 MS: 1 CopyPart-
#14155	NEW    cov: 8185 ft: 44663 corp: 1089/21Mb lim: 65536 exec/s: 353 rss: 426Mb L: 23653/65536 MS: 3 ShuffleBytes-ChangeBit-CrossOver-
#14193	NEW    cov: 8185 ft: 44672 corp: 1090/21Mb lim: 65536 exec/s: 354 rss: 426Mb L: 339/65536 MS: 3 InsertByte-PersAutoDict-CopyPart- DE: "ween"-
#14205	NEW    cov: 8186 ft: 44681 corp: 1091/21Mb lim: 65536 exec/s: 355 rss: 426Mb L: 9472/65536 MS: 2 EraseBytes-CMP- DE: "\011\000\000\000"-
#14214	NEW    cov: 8186 ft: 44685 corp: 1092/21Mb lim: 65536 exec/s: 355 rss: 426Mb L: 45997/65536 MS: 4 CopyPart-InsertByte-CrossOver-InsertRepeatedBytes-
#14220	REDUCE cov: 8186 ft: 44685 corp: 1092/21Mb lim: 65536 exec/s: 355 rss: 426Mb L: 8314/65536 MS: 1 EraseBytes-
#14247	NEW    cov: 8186 ft: 44689 corp: 1093/21Mb lim: 65536 exec/s: 356 rss: 426Mb L: 12695/65536 MS: 2 ChangeASCIIInt-InsertByte-
#14262	REDUCE cov: 8187 ft: 44690 corp: 1094/21Mb lim: 65536 exec/s: 356 rss: 426Mb L: 18778/65536 MS: 5 InsertByte-PersAutoDict-ShuffleBytes-ChangeByte-ShuffleBytes- DE: "lines"-
#14278	NEW    cov: 8187 ft: 44691 corp: 1095/21Mb lim: 65536 exec/s: 356 rss: 426Mb L: 4480/65536 MS: 1 CopyPart-
#14286	NEW    cov: 8187 ft: 44692 corp: 1096/21Mb lim: 65536 exec/s: 357 rss: 426Mb L: 5294/65536 MS: 3 CMP-ChangeBit-PersAutoDict- DE: "\326\251\001\000 a\000\000"-"\342\275g\266\376\177\000\000"-
#14328	NEW    cov: 8187 ft: 44745 corp: 1097/21Mb lim: 65536 exec/s: 349 rss: 426Mb L: 34263/65536 MS: 2 ChangeASCIIInt-CopyPart-
#14329	REDUCE cov: 8187 ft: 44745 corp: 1097/21Mb lim: 65536 exec/s: 349 rss: 426Mb L: 408/65536 MS: 1 EraseBytes-
#14339	REDUCE cov: 8187 ft: 44745 corp: 1097/21Mb lim: 65536 exec/s: 349 rss: 426Mb L: 10127/65536 MS: 5 ShuffleBytes-CopyPart-ChangeBinInt-ShuffleBytes-EraseBytes-
#14359	REDUCE cov: 8187 ft: 44745 corp: 1097/21Mb lim: 65536 exec/s: 350 rss: 426Mb L: 17249/65536 MS: 5 ChangeByte-ChangeByte-InsertByte-ShuffleBytes-EraseBytes-
#14412	REDUCE cov: 8187 ft: 44764 corp: 1098/21Mb lim: 65536 exec/s: 351 rss: 426Mb L: 63354/65536 MS: 3 ChangeBit-ChangeBit-CrossOver-
#14424	REDUCE cov: 8187 ft: 44764 corp: 1098/21Mb lim: 65536 exec/s: 351 rss: 426Mb L: 19065/65536 MS: 2 ChangeBinInt-EraseBytes-
#14425	REDUCE cov: 8187 ft: 44764 corp: 1098/21Mb lim: 65536 exec/s: 351 rss: 426Mb L: 19583/65536 MS: 1 EraseBytes-
#14433	REDUCE cov: 8187 ft: 44764 corp: 1098/21Mb lim: 65536 exec/s: 352 rss: 426Mb L: 4588/65536 MS: 3 CopyPart-InsertByte-EraseBytes-
#14460	REDUCE cov: 8187 ft: 44764 corp: 1098/21Mb lim: 65536 exec/s: 352 rss: 426Mb L: 4832/65536 MS: 2 PersAutoDict-EraseBytes- DE: "7\031=\000\240b\000\000"-
#14478	REDUCE cov: 8187 ft: 44764 corp: 1098/21Mb lim: 65536 exec/s: 353 rss: 426Mb L: 22576/65536 MS: 3 CMP-ChangeByte-EraseBytes- DE: "m**"-
#14484	NEW    cov: 8187 ft: 44766 corp: 1099/21Mb lim: 65536 exec/s: 353 rss: 426Mb L: 123/65536 MS: 1 PersAutoDict- DE: "d\335\232\000\240b\000\000"-
#14522	NEW    cov: 8187 ft: 44767 corp: 1100/21Mb lim: 65536 exec/s: 354 rss: 426Mb L: 5920/65536 MS: 3 ShuffleBytes-ChangeBinInt-CrossOver-
#14563	REDUCE cov: 8187 ft: 44767 corp: 1100/21Mb lim: 65536 exec/s: 355 rss: 426Mb L: 51229/65536 MS: 1 EraseBytes-
#14569	NEW    cov: 8187 ft: 44769 corp: 1101/21Mb lim: 65536 exec/s: 355 rss: 426Mb L: 18965/65536 MS: 1 CrossOver-
#14573	REDUCE cov: 8187 ft: 44769 corp: 1101/21Mb lim: 65536 exec/s: 355 rss: 426Mb L: 10139/65536 MS: 4 ChangeASCIIInt-InsertRepeatedBytes-PersAutoDict-EraseBytes- DE: "\377\377\377\001"-
#14583	NEW    cov: 8187 ft: 44771 corp: 1102/21Mb lim: 65536 exec/s: 355 rss: 426Mb L: 10555/65536 MS: 5 ShuffleBytes-ShuffleBytes-CrossOver-ChangeByte-ChangeByte-
#14589	REDUCE cov: 8187 ft: 44771 corp: 1102/21Mb lim: 65536 exec/s: 355 rss: 426Mb L: 92/65536 MS: 1 EraseBytes-
#14641	REDUCE cov: 8187 ft: 44771 corp: 1102/21Mb lim: 65536 exec/s: 357 rss: 426Mb L: 5740/65536 MS: 2 InsertByte-EraseBytes-
#14671	REDUCE cov: 8187 ft: 44771 corp: 1102/21Mb lim: 65536 exec/s: 357 rss: 426Mb L: 41062/65536 MS: 5 ChangeBit-ShuffleBytes-PersAutoDict-ChangeByte-EraseBytes- DE: "G,B\000`b\000\000"-
#14684	REDUCE cov: 8187 ft: 44771 corp: 1102/21Mb lim: 65536 exec/s: 358 rss: 426Mb L: 15767/65536 MS: 3 InsertRepeatedBytes-InsertByte-EraseBytes-
#14685	NEW    cov: 8187 ft: 44772 corp: 1103/21Mb lim: 65536 exec/s: 358 rss: 426Mb L: 45619/65536 MS: 1 CopyPart-
#14691	REDUCE cov: 8187 ft: 44772 corp: 1103/21Mb lim: 65536 exec/s: 358 rss: 426Mb L: 54355/65536 MS: 1 EraseBytes-
#14747	REDUCE cov: 8187 ft: 44772 corp: 1103/21Mb lim: 65536 exec/s: 351 rss: 428Mb L: 681/65536 MS: 1 EraseBytes-
#14749	REDUCE cov: 8187 ft: 44772 corp: 1103/21Mb lim: 65536 exec/s: 351 rss: 428Mb L: 5310/65536 MS: 2 ChangeBit-EraseBytes-
#14799	NEW    cov: 8187 ft: 44773 corp: 1104/21Mb lim: 65536 exec/s: 352 rss: 428Mb L: 22388/65536 MS: 5 InsertByte-CMP-InsertRepeatedBytes-ChangeASCIIInt-CrossOver- DE: "\000\003"-
#14808	NEW    cov: 8187 ft: 44785 corp: 1105/21Mb lim: 65536 exec/s: 352 rss: 428Mb L: 38088/65536 MS: 4 PersAutoDict-CopyPart-CMP-CrossOver- DE: "&notni"-"\377\377\222\233"-
#14829	NEW    cov: 8187 ft: 44787 corp: 1106/21Mb lim: 65536 exec/s: 353 rss: 428Mb L: 2075/65536 MS: 1 CopyPart-
#14845	NEW    cov: 8187 ft: 44788 corp: 1107/21Mb lim: 65536 exec/s: 353 rss: 428Mb L: 11661/65536 MS: 1 CopyPart-
#14857	REDUCE cov: 8188 ft: 44789 corp: 1108/21Mb lim: 65536 exec/s: 353 rss: 428Mb L: 4589/65536 MS: 2 InsertByte-PersAutoDict- DE: "\015\000\000\000"-
#14883	REDUCE cov: 8188 ft: 44789 corp: 1108/21Mb lim: 65536 exec/s: 354 rss: 428Mb L: 42663/65536 MS: 1 EraseBytes-
#14928	REDUCE cov: 8188 ft: 44789 corp: 1108/21Mb lim: 65536 exec/s: 355 rss: 428Mb L: 8382/65536 MS: 5 ShuffleBytes-PersAutoDict-ChangeByte-CMP-EraseBytes- DE: "\000\000bp\0008]("-"0\000"-
#14931	REDUCE cov: 8188 ft: 44789 corp: 1108/21Mb lim: 65536 exec/s: 355 rss: 428Mb L: 626/65536 MS: 3 CrossOver-CMP-EraseBytes- DE: "&Dopf;"-
#14940	NEW    cov: 8188 ft: 44801 corp: 1109/21Mb lim: 65536 exec/s: 355 rss: 428Mb L: 28494/65536 MS: 4 ChangeASCIIInt-PersAutoDict-ChangeASCIIInt-CopyPart- DE: "!\033"-
#14947	REDUCE cov: 8188 ft: 44801 corp: 1109/21Mb lim: 65536 exec/s: 355 rss: 428Mb L: 12175/65536 MS: 2 ChangeBit-EraseBytes-
#14964	REDUCE cov: 8188 ft: 44801 corp: 1109/21Mb lim: 65536 exec/s: 356 rss: 428Mb L: 14296/65536 MS: 2 InsertByte-EraseBytes-
#14983	NEW    cov: 8188 ft: 44892 corp: 1110/21Mb lim: 65536 exec/s: 356 rss: 428Mb L: 18195/65536 MS: 4 EraseBytes-CopyPart-CMP-CopyPart- DE: "\246=F\001Pb\000\000"-
#14987	REDUCE cov: 8188 ft: 44892 corp: 1110/21Mb lim: 65536 exec/s: 356 rss: 428Mb L: 2774/65536 MS: 4 ShuffleBytes-InsertRepeatedBytes-InsertByte-EraseBytes-
#15037	REDUCE cov: 8188 ft: 44931 corp: 1111/21Mb lim: 65536 exec/s: 358 rss: 428Mb L: 32942/65536 MS: 5 ChangeBit-CrossOver-InsertByte-PersAutoDict-ChangeBinInt- DE: "d\335\232\000\240b\000\000"-
#15098	REDUCE cov: 8188 ft: 44931 corp: 1111/21Mb lim: 65536 exec/s: 359 rss: 429Mb L: 80/65536 MS: 1 EraseBytes-
#15106	NEW    cov: 8188 ft: 44933 corp: 1112/21Mb lim: 65536 exec/s: 359 rss: 429Mb L: 35275/65536 MS: 3 CrossOver-ChangeBinInt-CopyPart-
#15128	NEW    cov: 8188 ft: 44939 corp: 1113/22Mb lim: 65536 exec/s: 360 rss: 430Mb L: 57790/65536 MS: 2 ChangeBit-CopyPart-
#15130	NEW    cov: 8188 ft: 44951 corp: 1114/22Mb lim: 65536 exec/s: 360 rss: 430Mb L: 57873/65536 MS: 2 InsertRepeatedBytes-CopyPart-
#15132	REDUCE cov: 8188 ft: 44951 corp: 1114/22Mb lim: 65536 exec/s: 360 rss: 430Mb L: 2145/65536 MS: 2 ShuffleBytes-EraseBytes-
#15167	REDUCE cov: 8188 ft: 44951 corp: 1114/22Mb lim: 65536 exec/s: 361 rss: 431Mb L: 1453/65536 MS: 5 ChangeBit-ChangeBinInt-PersAutoDict-ChangeBinInt-EraseBytes- DE: "&angm"-
#15244	REDUCE cov: 8188 ft: 44951 corp: 1114/22Mb lim: 65536 exec/s: 354 rss: 431Mb L: 293/65536 MS: 2 ChangeByte-EraseBytes-
#15245	REDUCE cov: 8188 ft: 44951 corp: 1114/22Mb lim: 65536 exec/s: 354 rss: 431Mb L: 2498/65536 MS: 1 EraseBytes-
#15257	NEW    cov: 8188 ft: 44952 corp: 1115/22Mb lim: 65536 exec/s: 354 rss: 431Mb L: 18983/65536 MS: 2 InsertRepeatedBytes-EraseBytes-
#15273	REDUCE cov: 8188 ft: 44952 corp: 1115/22Mb lim: 65536 exec/s: 355 rss: 431Mb L: 3535/65536 MS: 1 EraseBytes-
#15290	NEW    cov: 8188 ft: 44956 corp: 1116/22Mb lim: 65536 exec/s: 355 rss: 431Mb L: 49675/65536 MS: 2 CrossOver-CMP- DE: "<![CDATA["-
#15361	NEW    cov: 8189 ft: 44958 corp: 1117/22Mb lim: 65536 exec/s: 357 rss: 431Mb L: 48339/65536 MS: 1 CrossOver-
#15406	NEW    cov: 8189 ft: 44959 corp: 1118/22Mb lim: 65536 exec/s: 358 rss: 431Mb L: 21962/65536 MS: 5 EraseBytes-ChangeBinInt-ChangeASCIIInt-CrossOver-EraseBytes-
#15425	REDUCE cov: 8189 ft: 44961 corp: 1119/22Mb lim: 65536 exec/s: 358 rss: 431Mb L: 26191/65536 MS: 4 ChangeASCIIInt-InsertByte-ChangeBinInt-ChangeByte-
#15464	REDUCE cov: 8189 ft: 44961 corp: 1119/22Mb lim: 65536 exec/s: 359 rss: 431Mb L: 26774/65536 MS: 4 InsertRepeatedBytes-ChangeASCIIInt-ShuffleBytes-EraseBytes-
#15466	REDUCE cov: 8189 ft: 44961 corp: 1119/22Mb lim: 65536 exec/s: 359 rss: 431Mb L: 13794/65536 MS: 2 ShuffleBytes-EraseBytes-
#15478	REDUCE cov: 8189 ft: 44961 corp: 1119/22Mb lim: 65536 exec/s: 359 rss: 431Mb L: 14747/65536 MS: 2 ChangeASCIIInt-EraseBytes-
#15490	REDUCE cov: 8189 ft: 44961 corp: 1119/22Mb lim: 65536 exec/s: 360 rss: 431Mb L: 46210/65536 MS: 2 ChangeBinInt-EraseBytes-
#15535	REDUCE cov: 8189 ft: 44962 corp: 1120/22Mb lim: 65536 exec/s: 361 rss: 431Mb L: 6811/65536 MS: 5 ChangeByte-ChangeBinInt-ChangeBinInt-CMP-CrossOver- DE: "K\276g\266\376\177\000\000"-
#15538	REDUCE cov: 8189 ft: 44962 corp: 1120/22Mb lim: 65536 exec/s: 361 rss: 431Mb L: 22311/65536 MS: 3 InsertRepeatedBytes-InsertByte-CrossOver-
#15541	REDUCE cov: 8189 ft: 44962 corp: 1120/22Mb lim: 65536 exec/s: 361 rss: 431Mb L: 28147/65536 MS: 3 ChangeBinInt-ChangeBinInt-EraseBytes-
#15545	REDUCE cov: 8189 ft: 44962 corp: 1120/22Mb lim: 65536 exec/s: 361 rss: 431Mb L: 34484/65536 MS: 4 PersAutoDict-ChangeASCIIInt-CMP-EraseBytes- DE: ".\000\000\000"-"\377\377\377\015"-
#15551	REDUCE cov: 8189 ft: 44962 corp: 1120/22Mb lim: 65536 exec/s: 361 rss: 431Mb L: 11303/65536 MS: 1 EraseBytes-
#15566	REDUCE cov: 8189 ft: 44962 corp: 1120/22Mb lim: 65536 exec/s: 362 rss: 431Mb L: 22633/65536 MS: 5 ChangeASCIIInt-ChangeBinInt-ChangeByte-ShuffleBytes-EraseBytes-
#15606	REDUCE cov: 8189 ft: 44962 corp: 1120/22Mb lim: 65536 exec/s: 362 rss: 431Mb L: 33277/65536 MS: 5 ChangeBit-ChangeBit-PersAutoDict-ChangeBinInt-EraseBytes- DE: "&notni"-
#15614	NEW    cov: 8189 ft: 44964 corp: 1121/22Mb lim: 65536 exec/s: 363 rss: 431Mb L: 11388/65536 MS: 3 InsertRepeatedBytes-ChangeBit-CopyPart-
#15635	REDUCE cov: 8189 ft: 44964 corp: 1121/22Mb lim: 65536 exec/s: 355 rss: 431Mb L: 6816/65536 MS: 1 EraseBytes-
#15661	REDUCE cov: 8189 ft: 44964 corp: 1121/22Mb lim: 65536 exec/s: 355 rss: 431Mb L: 19406/65536 MS: 1 EraseBytes-
#15669	NEW    cov: 8189 ft: 44965 corp: 1122/22Mb lim: 65536 exec/s: 356 rss: 431Mb L: 5511/65536 MS: 3 InsertByte-ChangeASCIIInt-CrossOver-
#15741	NEW    cov: 8191 ft: 44967 corp: 1123/22Mb lim: 65536 exec/s: 357 rss: 431Mb L: 5519/65536 MS: 2 ChangeBinInt-CMP- DE: "\000\000\000\000\000\000\000\000"-
#15828	REDUCE cov: 8191 ft: 44967 corp: 1123/22Mb lim: 65536 exec/s: 359 rss: 431Mb L: 8585/65536 MS: 2 PersAutoDict-EraseBytes- DE: "ftp"-
#15844	NEW    cov: 8191 ft: 45153 corp: 1124/22Mb lim: 65536 exec/s: 360 rss: 431Mb L: 58278/65536 MS: 1 CopyPart-
#15900	REDUCE cov: 8191 ft: 45153 corp: 1124/22Mb lim: 65536 exec/s: 361 rss: 431Mb L: 35833/65536 MS: 1 EraseBytes-
#15901	NEW    cov: 8191 ft: 45154 corp: 1125/22Mb lim: 65536 exec/s: 361 rss: 431Mb L: 448/65536 MS: 1 CopyPart-
#15909	REDUCE cov: 8191 ft: 45154 corp: 1125/22Mb lim: 65536 exec/s: 361 rss: 431Mb L: 38148/65536 MS: 3 PersAutoDict-PersAutoDict-EraseBytes- DE: "ngs]"-"\252\262Z\000\240b\000\000"-
#15913	NEW    cov: 8191 ft: 45157 corp: 1126/22Mb lim: 65536 exec/s: 361 rss: 431Mb L: 42385/65536 MS: 4 InsertByte-InsertRepeatedBytes-CMP-EraseBytes- DE: "\001\000c\000\000\271\346~"-
#15955	NEW    cov: 8192 ft: 45158 corp: 1127/22Mb lim: 65536 exec/s: 362 rss: 431Mb L: 5870/65536 MS: 2 InsertByte-ChangeBinInt-
#15963	REDUCE cov: 8192 ft: 45158 corp: 1127/22Mb lim: 65536 exec/s: 362 rss: 431Mb L: 9606/65536 MS: 3 CrossOver-InsertByte-EraseBytes-
#15986	REDUCE cov: 8192 ft: 45204 corp: 1128/22Mb lim: 65536 exec/s: 363 rss: 431Mb L: 39236/65536 MS: 3 CrossOver-EraseBytes-CopyPart-
#16018	NEW    cov: 8192 ft: 45224 corp: 1129/22Mb lim: 65536 exec/s: 364 rss: 431Mb L: 20352/65536 MS: 2 ChangeByte-CrossOver-
#16020	REDUCE cov: 8192 ft: 45226 corp: 1130/22Mb lim: 65536 exec/s: 364 rss: 431Mb L: 35636/65536 MS: 2 PersAutoDict-CrossOver- DE: "&ffilig;"-
#16095	NEW    cov: 8192 ft: 45235 corp: 1131/22Mb lim: 65536 exec/s: 365 rss: 431Mb L: 23703/65536 MS: 5 ShuffleBytes-CopyPart-ChangeBit-CopyPart-InsertByte-
#16096	REDUCE cov: 8192 ft: 45235 corp: 1131/22Mb lim: 65536 exec/s: 365 rss: 431Mb L: 45167/65536 MS: 1 EraseBytes-
#16102	NEW    cov: 8192 ft: 45237 corp: 1132/22Mb lim: 65536 exec/s: 365 rss: 431Mb L: 22876/65536 MS: 1 CopyPart-
#16107	NEW    cov: 8192 ft: 45238 corp: 1133/22Mb lim: 65536 exec/s: 357 rss: 431Mb L: 64924/65536 MS: 5 ChangeByte-ChangeBinInt-ChangeBit-ChangeByte-ChangeByte-
#16118	REDUCE cov: 8192 ft: 45238 corp: 1133/22Mb lim: 65536 exec/s: 358 rss: 431Mb L: 35842/65536 MS: 1 EraseBytes-
#16132	REDUCE cov: 8192 ft: 45239 corp: 1134/22Mb lim: 65536 exec/s: 358 rss: 431Mb L: 28350/65536 MS: 4 ChangeASCIIInt-ChangeBit-ChangeByte-CopyPart-
#16162	REDUCE cov: 8192 ft: 45240 corp: 1135/22Mb lim: 65536 exec/s: 359 rss: 431Mb L: 14544/65536 MS: 5 CrossOver-CMP-CMP-PersAutoDict-CrossOver- DE: "\000\000b`\000\013\015\032"-"&notn"-"\006\000"-
#16164	NEW    cov: 8192 ft: 45241 corp: 1136/22Mb lim: 65536 exec/s: 359 rss: 431Mb L: 13597/65536 MS: 2 CrossOver-CopyPart-
#16185	REDUCE cov: 8192 ft: 45241 corp: 1136/22Mb lim: 65536 exec/s: 359 rss: 431Mb L: 5976/65536 MS: 1 EraseBytes-
#16193	REDUCE cov: 8192 ft: 45251 corp: 1137/22Mb lim: 65536 exec/s: 359 rss: 431Mb L: 14305/65536 MS: 3 InsertByte-PersAutoDict-ChangeBit- DE: "\312\316\037\001\220b\000\000"-
#16217	REDUCE cov: 8192 ft: 45251 corp: 1137/22Mb lim: 65536 exec/s: 360 rss: 431Mb L: 2693/65536 MS: 4 PersAutoDict-PersAutoDict-CopyPart-EraseBytes- DE: "\000\000b`\000\013\015\032"-"6\000"-
#16220	REDUCE cov: 8192 ft: 45251 corp: 1137/22Mb lim: 65536 exec/s: 360 rss: 431Mb L: 11891/65536 MS: 3 InsertByte-InsertByte-EraseBytes-
#16236	REDUCE cov: 8192 ft: 45251 corp: 1137/22Mb lim: 65536 exec/s: 360 rss: 431Mb L: 51356/65536 MS: 1 EraseBytes-
#16248	NEW    cov: 8192 ft: 45259 corp: 1138/22Mb lim: 65536 exec/s: 361 rss: 431Mb L: 29181/65536 MS: 2 ChangeByte-CopyPart-
#16260	REDUCE cov: 8192 ft: 45259 corp: 1138/22Mb lim: 65536 exec/s: 361 rss: 431Mb L: 23603/65536 MS: 2 InsertByte-EraseBytes-
#16269	REDUCE cov: 8192 ft: 45259 corp: 1138/22Mb lim: 65536 exec/s: 361 rss: 431Mb L: 35192/65536 MS: 4 ChangeBit-ChangeBit-CMP-EraseBytes- DE: "\273\266\303\000\340b\000\000"-
#16274	NEW    cov: 8192 ft: 45265 corp: 1139/22Mb lim: 65536 exec/s: 361 rss: 431Mb L: 16876/65536 MS: 5 InsertByte-ShuffleBytes-ChangeByte-ChangeASCIIInt-CrossOver-
#16294	REDUCE cov: 8192 ft: 45265 corp: 1139/22Mb lim: 65536 exec/s: 362 rss: 431Mb L: 6210/65536 MS: 5 ChangeBit-InsertRepeatedBytes-InsertByte-InsertByte-EraseBytes-
#16338	REDUCE cov: 8192 ft: 45265 corp: 1139/22Mb lim: 65536 exec/s: 363 rss: 431Mb L: 58205/65536 MS: 4 PersAutoDict-CrossOver-ChangeBinInt-EraseBytes- DE: "\000\000a\220\0002\201N"-
#16379	REDUCE cov: 8192 ft: 45265 corp: 1139/22Mb lim: 65536 exec/s: 363 rss: 431Mb L: 34729/65536 MS: 1 EraseBytes-
#16384	pulse  cov: 8192 ft: 45265 corp: 1139/22Mb lim: 65536 exec/s: 364 rss: 431Mb
#16402	REDUCE cov: 8192 ft: 45265 corp: 1139/22Mb lim: 65536 exec/s: 364 rss: 431Mb L: 15256/65536 MS: 3 PersAutoDict-ChangeBinInt-EraseBytes- DE: "ent"-
#16423	REDUCE cov: 8192 ft: 45265 corp: 1139/22Mb lim: 65536 exec/s: 364 rss: 431Mb L: 13402/65536 MS: 1 EraseBytes-
#16444	NEW    cov: 8192 ft: 45267 corp: 1140/22Mb lim: 65536 exec/s: 365 rss: 431Mb L: 50184/65536 MS: 1 ChangeBinInt-
#16448	NEW    cov: 8192 ft: 45268 corp: 1141/22Mb lim: 65536 exec/s: 365 rss: 431Mb L: 24375/65536 MS: 4 CrossOver-CrossOver-EraseBytes-CrossOver-
#16450	REDUCE cov: 8192 ft: 45268 corp: 1141/22Mb lim: 65536 exec/s: 365 rss: 431Mb L: 9845/65536 MS: 2 ShuffleBytes-EraseBytes-
#16451	REDUCE cov: 8192 ft: 45268 corp: 1141/22Mb lim: 65536 exec/s: 365 rss: 431Mb L: 22794/65536 MS: 1 EraseBytes-
#16460	NEW    cov: 8192 ft: 45271 corp: 1142/22Mb lim: 65536 exec/s: 365 rss: 431Mb L: 59489/65536 MS: 4 CrossOver-InsertRepeatedBytes-ChangeByte-CMP- DE: "\001\000\177\376\266g\275\330"-
#16514	REDUCE cov: 8192 ft: 45271 corp: 1142/22Mb lim: 65536 exec/s: 359 rss: 431Mb L: 27687/65536 MS: 4 ChangeByte-PersAutoDict-PersAutoDict-EraseBytes- DE: "\342\275g\266\376\177\000\000"-"\001\000\000/"-
#16515	REDUCE cov: 8192 ft: 45271 corp: 1142/22Mb lim: 65536 exec/s: 359 rss: 431Mb L: 32652/65536 MS: 1 EraseBytes-
#16534	REDUCE cov: 8192 ft: 45271 corp: 1142/22Mb lim: 65536 exec/s: 359 rss: 431Mb L: 100/65536 MS: 4 ShuffleBytes-ChangeByte-CMP-EraseBytes- DE: "exampl.ex"-
#16550	REDUCE cov: 8192 ft: 45271 corp: 1142/22Mb lim: 65536 exec/s: 359 rss: 431Mb L: 3817/65536 MS: 1 EraseBytes-
#16559	NEW    cov: 8192 ft: 45272 corp: 1143/22Mb lim: 65536 exec/s: 359 rss: 431Mb L: 23165/65536 MS: 4 ShuffleBytes-CopyPart-InsertByte-CopyPart-
#16573	REDUCE cov: 8192 ft: 45272 corp: 1143/22Mb lim: 65536 exec/s: 360 rss: 431Mb L: 37080/65536 MS: 4 InsertByte-ChangeByte-InsertByte-EraseBytes-
#16599	NEW    cov: 8192 ft: 45273 corp: 1144/22Mb lim: 65536 exec/s: 360 rss: 431Mb L: 2768/65536 MS: 1 CrossOver-
#16603	REDUCE cov: 8192 ft: 45273 corp: 1144/22Mb lim: 65536 exec/s: 360 rss: 431Mb L: 641/65536 MS: 4 InsertByte-InsertByte-InsertByte-EraseBytes-
#16608	REDUCE cov: 8192 ft: 45273 corp: 1144/22Mb lim: 65536 exec/s: 361 rss: 431Mb L: 2475/65536 MS: 5 PersAutoDict-ChangeBinInt-ChangeBinInt-ChangeASCIIInt-EraseBytes- DE: "\326\251\001\000 a\000\000"-
#16627	NEW    cov: 8192 ft: 45279 corp: 1145/22Mb lim: 65536 exec/s: 361 rss: 431Mb L: 62945/65536 MS: 4 CrossOver-ShuffleBytes-ChangeByte-CopyPart-
#16630	REDUCE cov: 8192 ft: 45280 corp: 1146/22Mb lim: 65536 exec/s: 361 rss: 431Mb L: 27222/65536 MS: 3 ChangeByte-CMP-CopyPart- DE: "\272K"-
#16648	NEW    cov: 8192 ft: 45281 corp: 1147/22Mb lim: 65536 exec/s: 361 rss: 431Mb L: 23010/65536 MS: 3 InsertByte-CopyPart-CMP- DE: "Y\250"-
#16658	REDUCE cov: 8192 ft: 45281 corp: 1147/22Mb lim: 65536 exec/s: 362 rss: 431Mb L: 51490/65536 MS: 5 CMP-PersAutoDict-PersAutoDict-ChangeBinInt-EraseBytes- DE: "\377\377\377\377\377\377\377\377"-"\377\001"-"\352\321\212\001Pb\000\000"-
#16676	REDUCE cov: 8192 ft: 45281 corp: 1147/22Mb lim: 65536 exec/s: 362 rss: 431Mb L: 713/65536 MS: 3 ShuffleBytes-InsertRepeatedBytes-EraseBytes-
#16696	REDUCE cov: 8192 ft: 45281 corp: 1147/22Mb lim: 65536 exec/s: 362 rss: 431Mb L: 10837/65536 MS: 5 InsertRepeatedBytes-ChangeBit-InsertByte-InsertRepeatedBytes-EraseBytes-
#16737	REDUCE cov: 8192 ft: 45281 corp: 1147/22Mb lim: 65536 exec/s: 363 rss: 431Mb L: 15111/65536 MS: 1 EraseBytes-
#16739	NEW    cov: 8192 ft: 45300 corp: 1148/22Mb lim: 65536 exec/s: 363 rss: 431Mb L: 16057/65536 MS: 2 EraseBytes-PersAutoDict- DE: "\024\000\000\000"-
#16755	REDUCE cov: 8192 ft: 45300 corp: 1148/22Mb lim: 65536 exec/s: 364 rss: 431Mb L: 45803/65536 MS: 1 EraseBytes-
#16777	NEW    cov: 8194 ft: 45302 corp: 1149/22Mb lim: 65536 exec/s: 364 rss: 431Mb L: 23817/65536 MS: 2 ChangeBit-InsertRepeatedBytes-
#16790	REDUCE cov: 8194 ft: 45306 corp: 1150/22Mb lim: 65536 exec/s: 365 rss: 431Mb L: 16455/65536 MS: 3 ChangeBit-PersAutoDict-CrossOver- DE: "\000\003"-
#16795	REDUCE cov: 8194 ft: 45306 corp: 1150/22Mb lim: 65536 exec/s: 365 rss: 431Mb L: 639/65536 MS: 5 InsertByte-ChangeByte-ChangeByte-PersAutoDict-EraseBytes- DE: "\377\000"-
#16798	NEW    cov: 8194 ft: 45307 corp: 1151/22Mb lim: 65536 exec/s: 365 rss: 431Mb L: 54176/65536 MS: 3 CrossOver-CrossOver-CopyPart-
#16813	REDUCE cov: 8194 ft: 45307 corp: 1151/22Mb lim: 65536 exec/s: 365 rss: 431Mb L: 38506/65536 MS: 5 InsertRepeatedBytes-EraseBytes-ChangeASCIIInt-CMP-CopyPart- DE: "\377\377a\320\000\243\032["-
#16825	REDUCE cov: 8194 ft: 45307 corp: 1151/22Mb lim: 65536 exec/s: 365 rss: 431Mb L: 14441/65536 MS: 2 ShuffleBytes-EraseBytes-
#16837	REDUCE cov: 8194 ft: 45323 corp: 1152/22Mb lim: 65536 exec/s: 366 rss: 431Mb L: 9875/65536 MS: 2 CopyPart-CopyPart-
#16839	NEW    cov: 8209 ft: 45338 corp: 1153/22Mb lim: 65536 exec/s: 366 rss: 431Mb L: 27292/65536 MS: 2 InsertRepeatedBytes-CrossOver-
#16842	NEW    cov: 8209 ft: 45361 corp: 1154/22Mb lim: 65536 exec/s: 366 rss: 431Mb L: 28767/65536 MS: 3 PersAutoDict-PersAutoDict-CopyPart- DE: "\377\377\377\026"-"\000\000\177\376\266g\276G"-
#16857	REDUCE cov: 8209 ft: 45361 corp: 1154/22Mb lim: 65536 exec/s: 366 rss: 431Mb L: 11270/65536 MS: 5 InsertByte-ChangeByte-ChangeByte-ChangeBinInt-EraseBytes-
#16870	REDUCE cov: 8209 ft: 45362 corp: 1155/22Mb lim: 65536 exec/s: 366 rss: 431Mb L: 331/65536 MS: 3 ShuffleBytes-InsertByte-ChangeByte-
#16876	NEW    cov: 8209 ft: 45367 corp: 1156/22Mb lim: 65536 exec/s: 366 rss: 431Mb L: 5448/65536 MS: 1 CopyPart-
#16893	NEW    cov: 8209 ft: 45432 corp: 1157/22Mb lim: 65536 exec/s: 367 rss: 431Mb L: 19946/65536 MS: 2 ChangeByte-CopyPart-
#16899	REDUCE cov: 8209 ft: 45432 corp: 1157/22Mb lim: 65536 exec/s: 367 rss: 431Mb L: 6150/65536 MS: 1 EraseBytes-
#16910	NEW    cov: 8209 ft: 45435 corp: 1158/22Mb lim: 65536 exec/s: 367 rss: 431Mb L: 116/65536 MS: 1 EraseBytes-
#16916	REDUCE cov: 8209 ft: 45472 corp: 1159/22Mb lim: 65536 exec/s: 367 rss: 431Mb L: 640/65536 MS: 1 InsertByte-
#16918	NEW    cov: 8213 ft: 45492 corp: 1160/22Mb lim: 65536 exec/s: 367 rss: 431Mb L: 5785/65536 MS: 2 ChangeBit-CrossOver-
#16981	NEW    cov: 8213 ft: 45548 corp: 1161/22Mb lim: 65536 exec/s: 361 rss: 431Mb L: 27016/65536 MS: 3 CopyPart-ChangeByte-CrossOver-
#16997	NEW    cov: 8213 ft: 45626 corp: 1162/22Mb lim: 65536 exec/s: 361 rss: 431Mb L: 28798/65536 MS: 1 CMP- DE: "pan"-
#17012	REDUCE cov: 8213 ft: 45626 corp: 1162/22Mb lim: 65536 exec/s: 361 rss: 431Mb L: 11298/65536 MS: 5 InsertByte-InsertByte-ChangeBinInt-PersAutoDict-EraseBytes- DE: "w\235"-
#17027	NEW    cov: 8213 ft: 45630 corp: 1163/22Mb lim: 65536 exec/s: 362 rss: 431Mb L: 5525/65536 MS: 5 PersAutoDict-ChangeASCIIInt-CMP-ChangeByte-CopyPart- DE: "\000\000c\000\000Y\364\337"-"&qscr;"-
#17033	NEW    cov: 8213 ft: 45632 corp: 1164/23Mb lim: 65536 exec/s: 362 rss: 431Mb L: 59298/65536 MS: 1 CopyPart-
#17048	NEW    cov: 8213 ft: 45633 corp: 1165/23Mb lim: 65536 exec/s: 362 rss: 431Mb L: 6184/65536 MS: 5 ChangeBit-PersAutoDict-CrossOver-EraseBytes-CrossOver- DE: "_A\000\000"-
#17109	REDUCE cov: 8213 ft: 45633 corp: 1165/23Mb lim: 65536 exec/s: 364 rss: 431Mb L: 6363/65536 MS: 1 EraseBytes-
#17122	NEW    cov: 8214 ft: 45639 corp: 1166/23Mb lim: 65536 exec/s: 364 rss: 431Mb L: 7130/65536 MS: 3 InsertRepeatedBytes-EraseBytes-CrossOver-
#17140	REDUCE cov: 8214 ft: 45687 corp: 1167/23Mb lim: 65536 exec/s: 364 rss: 431Mb L: 28274/65536 MS: 3 InsertRepeatedBytes-InsertByte-CrossOver-
#17156	REDUCE cov: 8214 ft: 45687 corp: 1167/23Mb lim: 65536 exec/s: 365 rss: 431Mb L: 5155/65536 MS: 1 EraseBytes-
#17172	REDUCE cov: 8214 ft: 45687 corp: 1167/23Mb lim: 65536 exec/s: 365 rss: 431Mb L: 6384/65536 MS: 1 EraseBytes-
#17181	NEW    cov: 8214 ft: 45688 corp: 1168/23Mb lim: 65536 exec/s: 365 rss: 431Mb L: 37206/65536 MS: 4 ChangeBinInt-CrossOver-ChangeByte-EraseBytes-
#17185	REDUCE cov: 8214 ft: 45688 corp: 1168/23Mb lim: 65536 exec/s: 365 rss: 431Mb L: 39004/65536 MS: 4 ChangeByte-ChangeByte-ChangeBit-EraseBytes-
#17186	REDUCE cov: 8214 ft: 45689 corp: 1169/23Mb lim: 65536 exec/s: 365 rss: 431Mb L: 13188/65536 MS: 1 PersAutoDict- DE: "\326\251\001\000 a\000\000"-
#17189	NEW    cov: 8214 ft: 45692 corp: 1170/23Mb lim: 65536 exec/s: 365 rss: 431Mb L: 26742/65536 MS: 3 ChangeASCIIInt-PersAutoDict-InsertRepeatedBytes- DE: "\015\000"-
#17190	REDUCE cov: 8215 ft: 45693 corp: 1171/23Mb lim: 65536 exec/s: 365 rss: 431Mb L: 269/65536 MS: 1 ChangeBit-
#17202	NEW    cov: 8215 ft: 45717 corp: 1172/23Mb lim: 65536 exec/s: 366 rss: 431Mb L: 3088/65536 MS: 2 ChangeASCIIInt-CopyPart-
#17207	REDUCE cov: 8215 ft: 45725 corp: 1173/23Mb lim: 65536 exec/s: 366 rss: 431Mb L: 31386/65536 MS: 5 ChangeBit-ChangeByte-ChangeBit-ShuffleBytes-CrossOver-
#17215	REDUCE cov: 8215 ft: 45725 corp: 1173/23Mb lim: 65536 exec/s: 366 rss: 431Mb L: 22484/65536 MS: 3 ChangeBit-ChangeASCIIInt-EraseBytes-
#17226	REDUCE cov: 8215 ft: 45725 corp: 1173/23Mb lim: 65536 exec/s: 366 rss: 431Mb L: 1624/65536 MS: 1 EraseBytes-
#17232	NEW    cov: 8215 ft: 45746 corp: 1174/23Mb lim: 65536 exec/s: 366 rss: 431Mb L: 10471/65536 MS: 1 CrossOver-
#17266	REDUCE cov: 8215 ft: 45746 corp: 1174/23Mb lim: 65536 exec/s: 367 rss: 431Mb L: 6927/65536 MS: 4 ShuffleBytes-ChangeASCIIInt-CopyPart-EraseBytes-
#17277	REDUCE cov: 8215 ft: 45746 corp: 1174/23Mb lim: 65536 exec/s: 367 rss: 431Mb L: 49317/65536 MS: 1 EraseBytes-
#17313	REDUCE cov: 8215 ft: 45746 corp: 1174/23Mb lim: 65536 exec/s: 368 rss: 431Mb L: 3264/65536 MS: 1 EraseBytes-
#17334	REDUCE cov: 8215 ft: 45746 corp: 1174/23Mb lim: 65536 exec/s: 368 rss: 431Mb L: 16594/65536 MS: 1 EraseBytes-
#17336	REDUCE cov: 8215 ft: 45837 corp: 1175/23Mb lim: 65536 exec/s: 368 rss: 431Mb L: 33047/65536 MS: 2 CrossOver-CopyPart-
#17351	NEW    cov: 8215 ft: 45838 corp: 1176/23Mb lim: 65536 exec/s: 369 rss: 431Mb L: 59391/65536 MS: 5 ChangeBinInt-ChangeBinInt-CrossOver-ChangeBinInt-CopyPart-
#17394	REDUCE cov: 8215 ft: 45840 corp: 1177/23Mb lim: 65536 exec/s: 370 rss: 431Mb L: 53051/65536 MS: 3 InsertByte-ChangeByte-CopyPart-
#17406	REDUCE cov: 8215 ft: 45840 corp: 1177/23Mb lim: 65536 exec/s: 370 rss: 431Mb L: 18056/65536 MS: 2 ChangeASCIIInt-EraseBytes-
#17442	REDUCE cov: 8215 ft: 45840 corp: 1177/23Mb lim: 65536 exec/s: 371 rss: 431Mb L: 5658/65536 MS: 1 EraseBytes-
#17456	REDUCE cov: 8215 ft: 45840 corp: 1177/23Mb lim: 65536 exec/s: 363 rss: 431Mb L: 19992/65536 MS: 4 CopyPart-ChangeBinInt-InsertRepeatedBytes-EraseBytes-
#17466	REDUCE cov: 8215 ft: 45840 corp: 1177/23Mb lim: 65536 exec/s: 363 rss: 431Mb L: 27366/65536 MS: 5 CMP-PersAutoDict-CrossOver-EraseBytes-CopyPart- DE: "\323\371"-"\027\000\000\000"-
#17502	NEW    cov: 8215 ft: 45841 corp: 1178/23Mb lim: 65536 exec/s: 364 rss: 431Mb L: 4440/65536 MS: 1 InsertRepeatedBytes-
#17517	REDUCE cov: 8215 ft: 45841 corp: 1178/23Mb lim: 65536 exec/s: 364 rss: 431Mb L: 3135/65536 MS: 5 ShuffleBytes-ChangeBinInt-InsertRepeatedBytes-ChangeASCIIInt-EraseBytes-
#17536	REDUCE cov: 8215 ft: 45841 corp: 1178/23Mb lim: 65536 exec/s: 365 rss: 431Mb L: 24764/65536 MS: 4 ChangeBit-InsertRepeatedBytes-InsertRepeatedBytes-EraseBytes-
#17553	NEW    cov: 8215 ft: 45842 corp: 1179/23Mb lim: 65536 exec/s: 365 rss: 431Mb L: 41080/65536 MS: 2 PersAutoDict-CopyPart- DE: "exampl.ex"-
#17662	NEW    cov: 8215 ft: 45844 corp: 1180/23Mb lim: 65536 exec/s: 367 rss: 431Mb L: 21190/65536 MS: 4 ChangeBinInt-ChangeBinInt-InsertRepeatedBytes-CopyPart-
#17678	REDUCE cov: 8215 ft: 45844 corp: 1180/23Mb lim: 65536 exec/s: 368 rss: 431Mb L: 8471/65536 MS: 1 EraseBytes-
#17721	REDUCE cov: 8215 ft: 45844 corp: 1180/23Mb lim: 65536 exec/s: 369 rss: 431Mb L: 27042/65536 MS: 3 InsertByte-ChangeBit-EraseBytes-
#17741	NEW    cov: 8215 ft: 45845 corp: 1181/23Mb lim: 65536 exec/s: 369 rss: 431Mb L: 3333/65536 MS: 5 EraseBytes-PersAutoDict-ChangeByte-ChangeBit-CMP- DE: "\001J"-"\000\000\000<"-
#17744	NEW    cov: 8215 ft: 45846 corp: 1182/23Mb lim: 65536 exec/s: 369 rss: 431Mb L: 43907/65536 MS: 3 ChangeByte-ChangeBinInt-CopyPart-
#17746	NEW    cov: 8215 ft: 45847 corp: 1183/23Mb lim: 65536 exec/s: 369 rss: 431Mb L: 63020/65536 MS: 2 InsertByte-ChangeBinInt-
#17785	NEW    cov: 8228 ft: 45860 corp: 1184/23Mb lim: 65536 exec/s: 370 rss: 431Mb L: 236/65536 MS: 4 ChangeByte-ChangeBinInt-ShuffleBytes-InsertRepeatedBytes-
#17793	NEW    cov: 8229 ft: 45916 corp: 1185/23Mb lim: 65536 exec/s: 370 rss: 431Mb L: 50308/65536 MS: 3 ChangeBit-CrossOver-ChangeByte-
#17800	NEW    cov: 8229 ft: 45917 corp: 1186/23Mb lim: 65536 exec/s: 370 rss: 431Mb L: 3265/65536 MS: 2 ChangeByte-CrossOver-
#17805	REDUCE cov: 8229 ft: 45917 corp: 1186/23Mb lim: 65536 exec/s: 370 rss: 431Mb L: 34097/65536 MS: 5 CopyPart-ChangeByte-PersAutoDict-ChangeBit-EraseBytes- DE: "\377\377a\320\000\243\032["-
#17812	REDUCE cov: 8229 ft: 45917 corp: 1186/23Mb lim: 65536 exec/s: 371 rss: 431Mb L: 1875/65536 MS: 2 ChangeByte-EraseBytes-
#17820	NEW    cov: 8229 ft: 45919 corp: 1187/23Mb lim: 65536 exec/s: 371 rss: 431Mb L: 35772/65536 MS: 3 ChangeByte-EraseBytes-CopyPart-
#17832	REDUCE cov: 8229 ft: 45919 corp: 1187/23Mb lim: 65536 exec/s: 371 rss: 431Mb L: 8567/65536 MS: 2 InsertByte-EraseBytes-
#17869	NEW    cov: 8229 ft: 45934 corp: 1188/23Mb lim: 65536 exec/s: 372 rss: 431Mb L: 51168/65536 MS: 2 PersAutoDict-CrossOver- DE: "\001\000\000\003"-
#17937	REDUCE cov: 8229 ft: 45934 corp: 1188/23Mb lim: 65536 exec/s: 366 rss: 431Mb L: 1619/65536 MS: 3 CMP-ChangeASCIIInt-EraseBytes- DE: "\001\000bP\001\241S\252"-
#17944	NEW    cov: 8229 ft: 45936 corp: 1189/23Mb lim: 65536 exec/s: 366 rss: 431Mb L: 40792/65536 MS: 2 ShuffleBytes-CrossOver-
#17948	NEW    cov: 8230 ft: 45937 corp: 1190/23Mb lim: 65536 exec/s: 366 rss: 431Mb L: 3066/65536 MS: 4 CMP-ChangeASCIIInt-ChangeASCIIInt-ChangeBinInt- DE: "\000\000\177\376\266g\275\330"-
#17955	REDUCE cov: 8230 ft: 45937 corp: 1190/23Mb lim: 65536 exec/s: 366 rss: 431Mb L: 29451/65536 MS: 2 PersAutoDict-EraseBytes- DE: "Z\314\013\000 b\000\000"-
#17967	REDUCE cov: 8230 ft: 45937 corp: 1190/23Mb lim: 65536 exec/s: 366 rss: 431Mb L: 9817/65536 MS: 2 ChangeByte-EraseBytes-
#18008	REDUCE cov: 8230 ft: 45937 corp: 1190/23Mb lim: 65536 exec/s: 367 rss: 431Mb L: 21272/65536 MS: 1 EraseBytes-
#18044	REDUCE cov: 8230 ft: 45940 corp: 1191/23Mb lim: 65536 exec/s: 368 rss: 431Mb L: 25153/65536 MS: 1 CopyPart-
#18054	REDUCE cov: 8230 ft: 45940 corp: 1191/23Mb lim: 65536 exec/s: 368 rss: 431Mb L: 220/65536 MS: 5 CopyPart-ShuffleBytes-ChangeByte-ChangeBinInt-EraseBytes-
#18057	REDUCE cov: 8230 ft: 45940 corp: 1191/23Mb lim: 65536 exec/s: 368 rss: 431Mb L: 8034/65536 MS: 3 ChangeByte-InsertRepeatedBytes-EraseBytes-
#18062	NEW    cov: 8230 ft: 45959 corp: 1192/23Mb lim: 65536 exec/s: 368 rss: 431Mb L: 42913/65536 MS: 5 InsertByte-ChangeASCIIInt-InsertRepeatedBytes-ChangeASCIIInt-CopyPart-
#18093	REDUCE cov: 8230 ft: 45996 corp: 1193/23Mb lim: 65536 exec/s: 369 rss: 431Mb L: 80/65536 MS: 1 ChangeByte-
#18106	REDUCE cov: 8230 ft: 46053 corp: 1194/23Mb lim: 65536 exec/s: 369 rss: 431Mb L: 28503/65536 MS: 3 ChangeASCIIInt-PersAutoDict-CrossOver- DE: "\272K"-
#18126	REDUCE cov: 8230 ft: 46053 corp: 1194/23Mb lim: 65536 exec/s: 369 rss: 431Mb L: 2891/65536 MS: 5 ChangeASCIIInt-ChangeBit-CMP-InsertByte-EraseBytes- DE: "\000\000\000\035"-
#18196	REDUCE cov: 8230 ft: 46053 corp: 1194/23Mb lim: 65536 exec/s: 371 rss: 431Mb L: 32848/65536 MS: 5 ChangeByte-CopyPart-InsertRepeatedBytes-ShuffleBytes-EraseBytes-
#18197	REDUCE cov: 8230 ft: 46053 corp: 1194/23Mb lim: 65536 exec/s: 371 rss: 431Mb L: 28745/65536 MS: 1 EraseBytes-
#18220	REDUCE cov: 8230 ft: 46053 corp: 1194/23Mb lim: 65536 exec/s: 371 rss: 431Mb L: 68/65536 MS: 3 InsertByte-ChangeBit-EraseBytes-
#18232	REDUCE cov: 8230 ft: 46053 corp: 1194/23Mb lim: 65536 exec/s: 372 rss: 431Mb L: 4782/65536 MS: 2 CMP-EraseBytes- DE: "&ouml;"-
#18254	REDUCE cov: 8230 ft: 46088 corp: 1195/23Mb lim: 65536 exec/s: 372 rss: 431Mb L: 26546/65536 MS: 2 ChangeASCIIInt-CopyPart-
#18264	REDUCE cov: 8230 ft: 46089 corp: 1196/23Mb lim: 65536 exec/s: 372 rss: 431Mb L: 51901/65536 MS: 5 InsertRepeatedBytes-CopyPart-ShuffleBytes-InsertByte-CrossOver-
#18291	REDUCE cov: 8230 ft: 46089 corp: 1196/23Mb lim: 65536 exec/s: 373 rss: 431Mb L: 13888/65536 MS: 2 PersAutoDict-EraseBytes- DE: "\020\000\000\000"-
#18301	NEW    cov: 8230 ft: 46096 corp: 1197/23Mb lim: 65536 exec/s: 373 rss: 431Mb L: 6904/65536 MS: 5 PersAutoDict-ChangeASCIIInt-CopyPart-InsertByte-PersAutoDict- DE: "\377\377~\376\266g\276@"-"\001\000b@\000a\276\227"-
#18302	REDUCE cov: 8233 ft: 46100 corp: 1198/23Mb lim: 65536 exec/s: 373 rss: 431Mb L: 27314/65536 MS: 1 CrossOver-
#18305	NEW    cov: 8233 ft: 46101 corp: 1199/23Mb lim: 65536 exec/s: 373 rss: 431Mb L: 24014/65536 MS: 3 CopyPart-CMP-CrossOver- DE: "&gnapprox;"-
#18308	REDUCE cov: 8233 ft: 46101 corp: 1199/23Mb lim: 65536 exec/s: 373 rss: 431Mb L: 5929/65536 MS: 3 CMP-ShuffleBytes-EraseBytes- DE: "\377\377\377\377\377\377\377\377"-
#18323	REDUCE cov: 8233 ft: 46101 corp: 1199/23Mb lim: 65536 exec/s: 373 rss: 431Mb L: 656/65536 MS: 5 ChangeBinInt-CopyPart-ChangeBinInt-CrossOver-EraseBytes-
#18334	REDUCE cov: 8233 ft: 46101 corp: 1199/23Mb lim: 65536 exec/s: 374 rss: 431Mb L: 17399/65536 MS: 1 EraseBytes-
#18369	REDUCE cov: 8233 ft: 46101 corp: 1199/23Mb lim: 65536 exec/s: 374 rss: 431Mb L: 4061/65536 MS: 5 CrossOver-ShuffleBytes-InsertByte-ChangeASCIIInt-EraseBytes-
#18484	REDUCE cov: 8233 ft: 46101 corp: 1199/23Mb lim: 65536 exec/s: 369 rss: 431Mb L: 18522/65536 MS: 5 EraseBytes-ChangeBit-InsertByte-InsertByte-CopyPart-
#18549	REDUCE cov: 8233 ft: 46101 corp: 1199/23Mb lim: 65536 exec/s: 370 rss: 431Mb L: 8575/65536 MS: 5 ShuffleBytes-InsertRepeatedBytes-CMP-ShuffleBytes-EraseBytes- DE: "&quot;"-
#18572	NEW    cov: 8233 ft: 46116 corp: 1200/23Mb lim: 65536 exec/s: 371 rss: 431Mb L: 17301/65536 MS: 3 ChangeASCIIInt-InsertByte-ChangeByte-
#18603	REDUCE cov: 8233 ft: 46116 corp: 1200/23Mb lim: 65536 exec/s: 372 rss: 431Mb L: 26962/65536 MS: 1 EraseBytes-
#18617	REDUCE cov: 8233 ft: 46116 corp: 1200/23Mb lim: 65536 exec/s: 372 rss: 431Mb L: 1870/65536 MS: 4 CrossOver-InsertByte-ChangeBinInt-EraseBytes-
#18621	NEW    cov: 8233 ft: 46117 corp: 1201/23Mb lim: 65536 exec/s: 372 rss: 431Mb L: 1232/65536 MS: 4 ChangeASCIIInt-ChangeByte-ChangeBit-PersAutoDict- DE: "\011\000\000\000"-
#18626	NEW    cov: 8233 ft: 46134 corp: 1202/23Mb lim: 65536 exec/s: 372 rss: 431Mb L: 7997/65536 MS: 5 CMP-PersAutoDict-ChangeBinInt-ChangeASCIIInt-CopyPart- DE: " '5"-"`)`"-
#18636	REDUCE cov: 8233 ft: 46135 corp: 1203/23Mb lim: 65536 exec/s: 372 rss: 431Mb L: 17887/65536 MS: 5 ChangeByte-ChangeBit-CopyPart-ChangeASCIIInt-CrossOver-
#18640	NEW    cov: 8233 ft: 46208 corp: 1204/23Mb lim: 65536 exec/s: 372 rss: 431Mb L: 34669/65536 MS: 4 CMP-ChangeBinInt-CMP-CopyPart- DE: "\324W\003\001\220b\000\000"-"ext"-
#18649	REDUCE cov: 8233 ft: 46209 corp: 1205/23Mb lim: 65536 exec/s: 372 rss: 431Mb L: 25403/65536 MS: 4 CMP-ShuffleBytes-CopyPart-CrossOver- DE: "\033\000\000\000"-
#18658	NEW    cov: 8233 ft: 46224 corp: 1206/23Mb lim: 65536 exec/s: 373 rss: 431Mb L: 29052/65536 MS: 4 InsertByte-PersAutoDict-EraseBytes-CrossOver- DE: "&gnapprox;"-
#18676	NEW    cov: 8233 ft: 46253 corp: 1207/23Mb lim: 65536 exec/s: 373 rss: 431Mb L: 13824/65536 MS: 3 ChangeASCIIInt-ChangeByte-PersAutoDict- DE: "Z\314\013\000 b\000\000"-
#18714	REDUCE cov: 8233 ft: 46253 corp: 1207/23Mb lim: 65536 exec/s: 374 rss: 431Mb L: 27267/65536 MS: 3 ShuffleBytes-ChangeASCIIInt-EraseBytes-
#18759	NEW    cov: 8233 ft: 46254 corp: 1208/23Mb lim: 65536 exec/s: 375 rss: 431Mb L: 2712/65536 MS: 5 PersAutoDict-CrossOver-CMP-CopyPart-CrossOver- DE: "&Union;"-"=\000\000\000"-
#18779	NEW    cov: 8233 ft: 46264 corp: 1209/23Mb lim: 65536 exec/s: 375 rss: 431Mb L: 44896/65536 MS: 5 PersAutoDict-PersAutoDict-PersAutoDict-CMP-CopyPart- DE: "<![CDATA["-"&Union;"-"&amp;"-"J3:\001\340b\000\000"-
#18784	NEW    cov: 8233 ft: 46278 corp: 1210/24Mb lim: 65536 exec/s: 375 rss: 431Mb L: 44040/65536 MS: 5 CopyPart-ChangeByte-EraseBytes-ShuffleBytes-CrossOver-
#18788	NEW    cov: 8233 ft: 46282 corp: 1211/24Mb lim: 65536 exec/s: 375 rss: 431Mb L: 217/65536 MS: 4 PersAutoDict-ChangeBinInt-CopyPart-CopyPart- DE: "&ouml;"-
#18809	REDUCE cov: 8233 ft: 46282 corp: 1211/23Mb lim: 65536 exec/s: 376 rss: 431Mb L: 35149/65536 MS: 1 EraseBytes-
#18810	REDUCE cov: 8233 ft: 46282 corp: 1211/23Mb lim: 65536 exec/s: 376 rss: 431Mb L: 19096/65536 MS: 1 EraseBytes-
#18811	REDUCE cov: 8233 ft: 46282 corp: 1211/23Mb lim: 65536 exec/s: 376 rss: 431Mb L: 21898/65536 MS: 1 EraseBytes-
#18813	REDUCE cov: 8233 ft: 46282 corp: 1211/23Mb lim: 65536 exec/s: 376 rss: 431Mb L: 5607/65536 MS: 2 PersAutoDict-EraseBytes- DE: "ftp"-
#18821	NEW    cov: 8233 ft: 46283 corp: 1212/24Mb lim: 65536 exec/s: 376 rss: 431Mb L: 54773/65536 MS: 3 InsertByte-InsertRepeatedBytes-CopyPart-
#18824	NEW    cov: 8233 ft: 46284 corp: 1213/24Mb lim: 65536 exec/s: 376 rss: 431Mb L: 5575/65536 MS: 3 ChangeBit-ChangeByte-CopyPart-
#18835	REDUCE cov: 8233 ft: 46284 corp: 1213/24Mb lim: 65536 exec/s: 376 rss: 431Mb L: 1286/65536 MS: 1 EraseBytes-
#18855	REDUCE cov: 8233 ft: 46305 corp: 1214/24Mb lim: 65536 exec/s: 377 rss: 431Mb L: 8706/65536 MS: 5 PersAutoDict-CopyPart-CrossOver-ChangeBinInt-CrossOver- DE: "\377\377\377\037"-
#18883	REDUCE cov: 8233 ft: 46305 corp: 1214/24Mb lim: 65536 exec/s: 377 rss: 431Mb L: 5174/65536 MS: 3 ChangeByte-ShuffleBytes-EraseBytes-
#18897	NEW    cov: 8233 ft: 46313 corp: 1215/24Mb lim: 65536 exec/s: 370 rss: 431Mb L: 60545/65536 MS: 4 InsertByte-PersAutoDict-ChangeASCIIInt-CopyPart- DE: "\001\000bP\001\241S\252"-
#18949	REDUCE cov: 8233 ft: 46313 corp: 1215/24Mb lim: 65536 exec/s: 371 rss: 431Mb L: 6070/65536 MS: 2 ChangeASCIIInt-EraseBytes-
#19019	REDUCE cov: 8233 ft: 46313 corp: 1215/24Mb lim: 65536 exec/s: 372 rss: 431Mb L: 4400/65536 MS: 5 ChangeBit-ChangeASCIIInt-ShuffleBytes-InsertRepeatedBytes-EraseBytes-
#19025	REDUCE cov: 8233 ft: 46313 corp: 1215/24Mb lim: 65536 exec/s: 373 rss: 431Mb L: 5547/65536 MS: 1 EraseBytes-
#19026	REDUCE cov: 8233 ft: 46325 corp: 1216/24Mb lim: 65536 exec/s: 373 rss: 431Mb L: 342/65536 MS: 1 ChangeByte-
#19027	REDUCE cov: 8233 ft: 46325 corp: 1216/24Mb lim: 65536 exec/s: 373 rss: 431Mb L: 28297/65536 MS: 1 EraseBytes-
#19033	REDUCE cov: 8233 ft: 46325 corp: 1216/24Mb lim: 65536 exec/s: 373 rss: 431Mb L: 986/65536 MS: 1 EraseBytes-
#19046	REDUCE cov: 8233 ft: 46325 corp: 1216/24Mb lim: 65536 exec/s: 373 rss: 431Mb L: 2107/65536 MS: 3 InsertRepeatedBytes-ChangeBinInt-EraseBytes-
#19060	NEW    cov: 8233 ft: 46326 corp: 1217/24Mb lim: 65536 exec/s: 373 rss: 431Mb L: 2005/65536 MS: 4 ShuffleBytes-InsertByte-ChangeByte-CMP- DE: "!\000\000\000"-
#19061	REDUCE cov: 8233 ft: 46326 corp: 1217/24Mb lim: 65536 exec/s: 373 rss: 431Mb L: 289/65536 MS: 1 EraseBytes-
#19067	NEW    cov: 8234 ft: 46327 corp: 1218/24Mb lim: 65536 exec/s: 373 rss: 431Mb L: 8719/65536 MS: 1 InsertRepeatedBytes-
#19070	REDUCE cov: 8234 ft: 46327 corp: 1218/24Mb lim: 65536 exec/s: 373 rss: 431Mb L: 781/65536 MS: 3 ShuffleBytes-InsertByte-EraseBytes-
#19096	REDUCE cov: 8234 ft: 46327 corp: 1218/24Mb lim: 65536 exec/s: 374 rss: 431Mb L: 308/65536 MS: 1 EraseBytes-
#19122	NEW    cov: 8234 ft: 46329 corp: 1219/24Mb lim: 65536 exec/s: 374 rss: 431Mb L: 39236/65536 MS: 1 CopyPart-
#19162	NEW    cov: 8234 ft: 46330 corp: 1220/24Mb lim: 65536 exec/s: 375 rss: 431Mb L: 483/65536 MS: 5 EraseBytes-CrossOver-ShuffleBytes-ShuffleBytes-PersAutoDict- DE: "cks]"-
#19183	REDUCE cov: 8234 ft: 46330 corp: 1220/24Mb lim: 65536 exec/s: 376 rss: 431Mb L: 16333/65536 MS: 1 EraseBytes-
#19186	REDUCE cov: 8234 ft: 46333 corp: 1221/24Mb lim: 65536 exec/s: 376 rss: 431Mb L: 21718/65536 MS: 3 ChangeByte-CrossOver-PersAutoDict- DE: "\002\000"-
#19240	NEW    cov: 8243 ft: 46358 corp: 1222/24Mb lim: 65536 exec/s: 377 rss: 431Mb L: 5388/65536 MS: 4 ChangeASCIIInt-ChangeASCIIInt-ChangeByte-ShuffleBytes-
#19241	REDUCE cov: 8243 ft: 46358 corp: 1222/24Mb lim: 65536 exec/s: 377 rss: 431Mb L: 53731/65536 MS: 1 EraseBytes-
#19257	NEW    cov: 8243 ft: 46359 corp: 1223/24Mb lim: 65536 exec/s: 377 rss: 431Mb L: 12267/65536 MS: 1 EraseBytes-
#19261	NEW    cov: 8243 ft: 46360 corp: 1224/24Mb lim: 65536 exec/s: 377 rss: 431Mb L: 27074/65536 MS: 4 ChangeBinInt-InsertRepeatedBytes-CMP-CopyPart- DE: "\247\233\036\000\260b\000\000"-
#19262	REDUCE cov: 8243 ft: 46360 corp: 1224/24Mb lim: 65536 exec/s: 377 rss: 431Mb L: 22727/65536 MS: 1 EraseBytes-
#19268	REDUCE cov: 8243 ft: 46360 corp: 1224/24Mb lim: 65536 exec/s: 377 rss: 431Mb L: 2887/65536 MS: 1 EraseBytes-
#19289	REDUCE cov: 8243 ft: 46360 corp: 1224/24Mb lim: 65536 exec/s: 378 rss: 431Mb L: 367/65536 MS: 1 EraseBytes-
#19292	REDUCE cov: 8243 ft: 46360 corp: 1224/24Mb lim: 65536 exec/s: 378 rss: 431Mb L: 42457/65536 MS: 3 PersAutoDict-ChangeBinInt-EraseBytes- DE: "</+`, `_`"-
#19309	REDUCE cov: 8243 ft: 46360 corp: 1224/24Mb lim: 65536 exec/s: 378 rss: 431Mb L: 19933/65536 MS: 2 ChangeByte-EraseBytes-
#19317	NEW    cov: 8243 ft: 46366 corp: 1225/24Mb lim: 65536 exec/s: 378 rss: 431Mb L: 38298/65536 MS: 3 ShuffleBytes-InsertRepeatedBytes-CrossOver-
#19347	REDUCE cov: 8243 ft: 46366 corp: 1225/24Mb lim: 65536 exec/s: 379 rss: 431Mb L: 5511/65536 MS: 5 ShuffleBytes-InsertRepeatedBytes-PersAutoDict-ChangeASCIIInt-EraseBytes- DE: "\001\000\000\000"-
#19348	REDUCE cov: 8243 ft: 46366 corp: 1225/24Mb lim: 65536 exec/s: 379 rss: 431Mb L: 1427/65536 MS: 1 EraseBytes-
#19357	NEW    cov: 8243 ft: 46405 corp: 1226/24Mb lim: 65536 exec/s: 379 rss: 431Mb L: 53057/65536 MS: 4 ChangeByte-CMP-ChangeBinInt-CrossOver- DE: "\000\000\000\000\000\000\000\000"-
#19365	REDUCE cov: 8243 ft: 46405 corp: 1226/24Mb lim: 65536 exec/s: 379 rss: 431Mb L: 1339/65536 MS: 3 ShuffleBytes-InsertByte-EraseBytes-
#19380	NEW    cov: 8243 ft: 46408 corp: 1227/24Mb lim: 65536 exec/s: 380 rss: 431Mb L: 49897/65536 MS: 5 ChangeBinInt-ChangeASCIIInt-ChangeBit-ChangeASCIIInt-CopyPart-
#19384	NEW    cov: 8243 ft: 46428 corp: 1228/24Mb lim: 65536 exec/s: 380 rss: 431Mb L: 34635/65536 MS: 4 ChangeASCIIInt-ChangeASCIIInt-ChangeBinInt-CrossOver-
#19389	REDUCE cov: 8243 ft: 46428 corp: 1228/24Mb lim: 65536 exec/s: 380 rss: 431Mb L: 8066/65536 MS: 5 InsertRepeatedBytes-ChangeBinInt-ChangeBinInt-EraseBytes-InsertRepeatedBytes-
#19423	REDUCE cov: 8243 ft: 46428 corp: 1228/24Mb lim: 65536 exec/s: 380 rss: 431Mb L: 12437/65536 MS: 4 CMP-ChangeByte-ShuffleBytes-EraseBytes- DE: "<\001ce made"-
#19463	NEW    cov: 8243 ft: 46430 corp: 1229/24Mb lim: 65536 exec/s: 374 rss: 431Mb L: 29058/65536 MS: 5 CrossOver-PersAutoDict-ShuffleBytes-CMP-ChangeBinInt- DE: "\352\321\212\001Pb\000\000"-"&DDotr"-
#19464	REDUCE cov: 8243 ft: 46430 corp: 1229/24Mb lim: 65536 exec/s: 374 rss: 431Mb L: 12081/65536 MS: 1 EraseBytes-
#19470	REDUCE cov: 8243 ft: 46430 corp: 1229/24Mb lim: 65536 exec/s: 374 rss: 431Mb L: 17678/65536 MS: 1 CrossOver-
#19501	REDUCE cov: 8243 ft: 46430 corp: 1229/24Mb lim: 65536 exec/s: 375 rss: 431Mb L: 7643/65536 MS: 1 EraseBytes-
#19502	REDUCE cov: 8243 ft: 46430 corp: 1229/24Mb lim: 65536 exec/s: 375 rss: 431Mb L: 16054/65536 MS: 1 EraseBytes-
#19515	NEW    cov: 8243 ft: 46431 corp: 1230/24Mb lim: 65536 exec/s: 375 rss: 431Mb L: 8784/65536 MS: 3 ChangeBinInt-ShuffleBytes-CopyPart-
#19517	REDUCE cov: 8243 ft: 46431 corp: 1230/24Mb lim: 65536 exec/s: 375 rss: 431Mb L: 20098/65536 MS: 2 ShuffleBytes-EraseBytes-
#19523	NEW    cov: 8244 ft: 46432 corp: 1231/24Mb lim: 65536 exec/s: 375 rss: 431Mb L: 22430/65536 MS: 1 CrossOver-
#19555	NEW    cov: 8244 ft: 46436 corp: 1232/24Mb lim: 65536 exec/s: 376 rss: 431Mb L: 48286/65536 MS: 2 PersAutoDict-CopyPart- DE: "\014\000\000\000"-
#19566	REDUCE cov: 8244 ft: 46438 corp: 1233/24Mb lim: 65536 exec/s: 376 rss: 431Mb L: 14075/65536 MS: 1 CopyPart-
#19569	REDUCE cov: 8244 ft: 46438 corp: 1233/24Mb lim: 65536 exec/s: 376 rss: 431Mb L: 55655/65536 MS: 3 CrossOver-CopyPart-EraseBytes-
#19571	REDUCE cov: 8244 ft: 46438 corp: 1233/24Mb lim: 65536 exec/s: 376 rss: 431Mb L: 6594/65536 MS: 2 ChangeBit-EraseBytes-
#19585	REDUCE cov: 8244 ft: 46438 corp: 1233/24Mb lim: 65536 exec/s: 376 rss: 431Mb L: 30986/65536 MS: 4 CopyPart-ChangeByte-CMP-EraseBytes- DE: "\003\000\000\000"-
#19609	REDUCE cov: 8244 ft: 46438 corp: 1233/24Mb lim: 65536 exec/s: 377 rss: 431Mb L: 1426/65536 MS: 4 ChangeByte-CopyPart-ChangeBinInt-EraseBytes-
#19668	NEW    cov: 8244 ft: 46441 corp: 1234/24Mb lim: 65536 exec/s: 378 rss: 432Mb L: 65089/65536 MS: 4 InsertRepeatedBytes-CrossOver-PersAutoDict-CopyPart- DE: "&ffilig;"-
#19681	REDUCE cov: 8244 ft: 46441 corp: 1234/24Mb lim: 65536 exec/s: 378 rss: 432Mb L: 2084/65536 MS: 3 InsertByte-ChangeBinInt-EraseBytes-
#19691	REDUCE cov: 8245 ft: 46442 corp: 1235/24Mb lim: 65536 exec/s: 378 rss: 432Mb L: 46341/65536 MS: 5 ChangeBit-ChangeBit-ChangeByte-CMP-InsertRepeatedBytes- DE: "<ecture n"-
#19698	REDUCE cov: 8245 ft: 46509 corp: 1236/24Mb lim: 65536 exec/s: 378 rss: 432Mb L: 13849/65536 MS: 2 ChangeByte-CopyPart-
#19828	NEW    cov: 8246 ft: 46576 corp: 1237/24Mb lim: 65536 exec/s: 381 rss: 432Mb L: 34144/65536 MS: 5 PersAutoDict-InsertByte-EraseBytes-ShuffleBytes-InsertRepeatedBytes- DE: "&Union"-
#19837	REDUCE cov: 8246 ft: 46576 corp: 1237/24Mb lim: 65536 exec/s: 381 rss: 432Mb L: 12737/65536 MS: 4 PersAutoDict-ChangeBit-ChangeBit-EraseBytes- DE: "\001\000a\220\000\032\015\220"-
#19915	REDUCE cov: 8246 ft: 46576 corp: 1237/24Mb lim: 65536 exec/s: 382 rss: 432Mb L: 33235/65536 MS: 3 InsertRepeatedBytes-ChangeBinInt-EraseBytes-
#19930	NEW    cov: 8246 ft: 46579 corp: 1238/24Mb lim: 65536 exec/s: 383 rss: 432Mb L: 54780/65536 MS: 5 CopyPart-CMP-ChangeBinInt-CrossOver-CopyPart- DE: "\000\000\000\017"-
#19933	REDUCE cov: 8246 ft: 46579 corp: 1238/24Mb lim: 65536 exec/s: 383 rss: 432Mb L: 18812/65536 MS: 3 ShuffleBytes-ShuffleBytes-EraseBytes-
#19948	REDUCE cov: 8246 ft: 46639 corp: 1239/24Mb lim: 65536 exec/s: 383 rss: 432Mb L: 14157/65536 MS: 5 InsertRepeatedBytes-InsertRepeatedBytes-PersAutoDict-ChangeBinInt-EraseBytes- DE: "\004(\005\000\360b\000\000"-
#19949	REDUCE cov: 8246 ft: 46640 corp: 1240/24Mb lim: 65536 exec/s: 383 rss: 432Mb L: 143/65536 MS: 1 EraseBytes-
#19974	NEW    cov: 8246 ft: 46641 corp: 1241/24Mb lim: 65536 exec/s: 376 rss: 432Mb L: 55654/65536 MS: 5 ChangeBinInt-ChangeASCIIInt-PersAutoDict-ChangeASCIIInt-CopyPart- DE: "\001\000b@\000a\276\227"-
#19989	REDUCE cov: 8246 ft: 46641 corp: 1241/24Mb lim: 65536 exec/s: 377 rss: 432Mb L: 1496/65536 MS: 5 ShuffleBytes-InsertRepeatedBytes-InsertRepeatedBytes-InsertByte-EraseBytes-
#19995	REDUCE cov: 8246 ft: 46641 corp: 1241/24Mb lim: 65536 exec/s: 377 rss: 432Mb L: 179/65536 MS: 1 EraseBytes-
#19999	REDUCE cov: 8246 ft: 46641 corp: 1241/24Mb lim: 65536 exec/s: 377 rss: 432Mb L: 27941/65536 MS: 4 PersAutoDict-ChangeASCIIInt-CopyPart-EraseBytes- DE: "\376\377\377\377"-
#20006	NEW    cov: 8246 ft: 46649 corp: 1242/24Mb lim: 65536 exec/s: 377 rss: 432Mb L: 37046/65536 MS: 2 EraseBytes-CrossOver-
#20010	REDUCE cov: 8246 ft: 46650 corp: 1243/24Mb lim: 65536 exec/s: 377 rss: 432Mb L: 9145/65536 MS: 4 CrossOver-PersAutoDict-CrossOver-ChangeByte- DE: "K\276g\266\376\177\000\000"-
#20027	REDUCE cov: 8246 ft: 46650 corp: 1243/24Mb lim: 65536 exec/s: 377 rss: 432Mb L: 28571/65536 MS: 2 ChangeBit-EraseBytes-
#20033	NEW    cov: 8246 ft: 46651 corp: 1244/24Mb lim: 65536 exec/s: 377 rss: 432Mb L: 160/65536 MS: 1 CopyPart-
#20065	REDUCE cov: 8246 ft: 46652 corp: 1245/24Mb lim: 65536 exec/s: 378 rss: 432Mb L: 813/65536 MS: 2 ChangeByte-CopyPart-
#20067	REDUCE cov: 8246 ft: 46652 corp: 1245/24Mb lim: 65536 exec/s: 378 rss: 432Mb L: 33804/65536 MS: 2 ChangeByte-EraseBytes-
#20090	REDUCE cov: 8246 ft: 46652 corp: 1245/24Mb lim: 65536 exec/s: 379 rss: 433Mb L: 39949/65536 MS: 3 ChangeBinInt-InsertRepeatedBytes-EraseBytes-
#20118	REDUCE cov: 8246 ft: 46652 corp: 1245/24Mb lim: 65536 exec/s: 379 rss: 433Mb L: 36869/65536 MS: 3 ShuffleBytes-CopyPart-EraseBytes-
#20138	REDUCE cov: 8246 ft: 46652 corp: 1245/24Mb lim: 65536 exec/s: 379 rss: 433Mb L: 965/65536 MS: 5 InsertByte-PersAutoDict-ChangeASCIIInt-ShuffleBytes-EraseBytes- DE: "&amp;"-
#20193	REDUCE cov: 8248 ft: 46663 corp: 1246/24Mb lim: 65536 exec/s: 381 rss: 433Mb L: 28587/65536 MS: 5 CMP-ChangeByte-ChangeBit-ChangeBinInt-CrossOver- DE: "\350\014"-
#20207	NEW    cov: 8248 ft: 46665 corp: 1247/24Mb lim: 65536 exec/s: 381 rss: 433Mb L: 13653/65536 MS: 4 InsertByte-ShuffleBytes-CrossOver-CrossOver-
#20237	REDUCE cov: 8248 ft: 46665 corp: 1247/24Mb lim: 65536 exec/s: 381 rss: 433Mb L: 42437/65536 MS: 5 ChangeBit-ChangeASCIIInt-InsertByte-PersAutoDict-EraseBytes- DE: "\000\000b@\000:<\001"-
#20252	NEW    cov: 8249 ft: 46666 corp: 1248/24Mb lim: 65536 exec/s: 382 rss: 433Mb L: 49797/65536 MS: 5 InsertRepeatedBytes-ChangeBinInt-CopyPart-ChangeByte-CrossOver-
#20254	NEW    cov: 8251 ft: 46668 corp: 1249/24Mb lim: 65536 exec/s: 382 rss: 433Mb L: 48559/65536 MS: 2 ChangeByte-CrossOver-
#20258	REDUCE cov: 8251 ft: 46668 corp: 1249/24Mb lim: 65536 exec/s: 382 rss: 433Mb L: 191/65536 MS: 4 CMP-ChangeBinInt-CMP-EraseBytes- DE: "\250!\237\000\360b\000\000"-"\270\000"-
#20266	NEW    cov: 8251 ft: 46669 corp: 1250/24Mb lim: 65536 exec/s: 382 rss: 433Mb L: 9818/65536 MS: 3 PersAutoDict-EraseBytes-CrossOver- DE: "\000\003"-
#20270	NEW    cov: 8251 ft: 46679 corp: 1251/24Mb lim: 65536 exec/s: 382 rss: 433Mb L: 44949/65536 MS: 4 ChangeASCIIInt-CopyPart-InsertByte-CopyPart-
#20312	REDUCE cov: 8251 ft: 46679 corp: 1251/24Mb lim: 65536 exec/s: 383 rss: 434Mb L: 3420/65536 MS: 2 CrossOver-EraseBytes-
#20317	REDUCE cov: 8251 ft: 46692 corp: 1252/24Mb lim: 65536 exec/s: 383 rss: 434Mb L: 35153/65536 MS: 5 InsertByte-ChangeASCIIInt-CrossOver-InsertByte-CopyPart-
#20325	REDUCE cov: 8251 ft: 46692 corp: 1252/24Mb lim: 65536 exec/s: 383 rss: 434Mb L: 24929/65536 MS: 3 InsertRepeatedBytes-ChangeBinInt-EraseBytes-
#20333	NEW    cov: 8251 ft: 46693 corp: 1253/24Mb lim: 65536 exec/s: 383 rss: 434Mb L: 34734/65536 MS: 3 InsertRepeatedBytes-CMP-CopyPart- DE: "\000\000\000\000\000\000\000\000"-
#20359	REDUCE cov: 8251 ft: 46693 corp: 1253/24Mb lim: 65536 exec/s: 384 rss: 434Mb L: 35258/65536 MS: 1 EraseBytes-
#20383	REDUCE cov: 8251 ft: 46693 corp: 1253/24Mb lim: 65536 exec/s: 384 rss: 434Mb L: 14742/65536 MS: 4 CrossOver-PersAutoDict-CMP-EraseBytes- DE: "\001\000a\220\000\032\015\220"-"\356\0021\000\220b\000\000"-
#20415	REDUCE cov: 8251 ft: 46693 corp: 1253/24Mb lim: 65536 exec/s: 385 rss: 434Mb L: 3973/65536 MS: 2 ChangeBinInt-EraseBytes-
#20437	REDUCE cov: 8251 ft: 46693 corp: 1253/24Mb lim: 65536 exec/s: 385 rss: 434Mb L: 1583/65536 MS: 2 PersAutoDict-EraseBytes- DE: "ock"-
#20438	NEW    cov: 8251 ft: 46694 corp: 1254/24Mb lim: 65536 exec/s: 385 rss: 434Mb L: 65536/65536 MS: 1 CopyPart-
#20462	NEW    cov: 8251 ft: 46695 corp: 1255/24Mb lim: 65536 exec/s: 386 rss: 434Mb L: 7749/65536 MS: 4 ChangeBinInt-CrossOver-PersAutoDict-CrossOver- DE: "block"-
#20484	REDUCE cov: 8251 ft: 46700 corp: 1256/24Mb lim: 65536 exec/s: 379 rss: 434Mb L: 39958/65536 MS: 2 ChangeBinInt-CopyPart-
#20501	REDUCE cov: 8251 ft: 46700 corp: 1256/24Mb lim: 65536 exec/s: 379 rss: 434Mb L: 963/65536 MS: 2 ChangeBinInt-EraseBytes-
#20504	REDUCE cov: 8251 ft: 46700 corp: 1256/24Mb lim: 65536 exec/s: 379 rss: 434Mb L: 16384/65536 MS: 3 InsertRepeatedBytes-InsertByte-EraseBytes-
#20528	REDUCE cov: 8251 ft: 46700 corp: 1256/24Mb lim: 65536 exec/s: 380 rss: 434Mb L: 14245/65536 MS: 4 CrossOver-ChangeBinInt-ShuffleBytes-CrossOver-
#20549	REDUCE cov: 8251 ft: 46700 corp: 1256/24Mb lim: 65536 exec/s: 380 rss: 434Mb L: 33289/65536 MS: 1 EraseBytes-
#20553	NEW    cov: 8252 ft: 46701 corp: 1257/25Mb lim: 65536 exec/s: 380 rss: 434Mb L: 60160/65536 MS: 4 ShuffleBytes-ChangeASCIIInt-ChangeBinInt-ChangeBinInt-
#20567	REDUCE cov: 8252 ft: 46703 corp: 1258/25Mb lim: 65536 exec/s: 380 rss: 434Mb L: 28444/65536 MS: 4 CrossOver-CopyPart-CMP-PersAutoDict- DE: "\001\000\000\000\000\000\000\000"-"\000\012"-
#20571	REDUCE cov: 8252 ft: 46703 corp: 1258/25Mb lim: 65536 exec/s: 380 rss: 434Mb L: 794/65536 MS: 4 CopyPart-ChangeByte-InsertByte-EraseBytes-
#20592	REDUCE cov: 8254 ft: 46705 corp: 1259/25Mb lim: 65536 exec/s: 381 rss: 434Mb L: 57099/65536 MS: 1 ChangeByte-
#20606	REDUCE cov: 8254 ft: 46705 corp: 1259/25Mb lim: 65536 exec/s: 381 rss: 434Mb L: 29484/65536 MS: 4 PersAutoDict-ChangeBinInt-ChangeBinInt-EraseBytes- DE: ".\000\000\000"-
#20611	REDUCE cov: 8254 ft: 46705 corp: 1259/25Mb lim: 65536 exec/s: 381 rss: 434Mb L: 25731/65536 MS: 5 InsertRepeatedBytes-ChangeBinInt-InsertRepeatedBytes-InsertRepeatedBytes-EraseBytes-
#20625	NEW    cov: 8254 ft: 46722 corp: 1260/25Mb lim: 65536 exec/s: 381 rss: 434Mb L: 43268/65536 MS: 4 ChangeByte-PersAutoDict-ChangeBit-CopyPart- DE: "\000\000a\220\0002\201N"-
#20651	REDUCE cov: 8254 ft: 46722 corp: 1260/25Mb lim: 65536 exec/s: 382 rss: 434Mb L: 6066/65536 MS: 1 EraseBytes-
#20655	NEW    cov: 8254 ft: 46723 corp: 1261/25Mb lim: 65536 exec/s: 382 rss: 434Mb L: 13363/65536 MS: 4 InsertRepeatedBytes-InsertRepeatedBytes-ChangeASCIIInt-CrossOver-
#20672	REDUCE cov: 8254 ft: 46723 corp: 1261/25Mb lim: 65536 exec/s: 382 rss: 434Mb L: 14709/65536 MS: 2 ChangeBit-EraseBytes-
#20682	NEW    cov: 8254 ft: 46733 corp: 1262/25Mb lim: 65536 exec/s: 383 rss: 434Mb L: 53613/65536 MS: 5 CrossOver-ChangeASCIIInt-CopyPart-CopyPart-CrossOver-
#20719	REDUCE cov: 8254 ft: 46733 corp: 1262/25Mb lim: 65536 exec/s: 383 rss: 434Mb L: 10698/65536 MS: 2 CMP-EraseBytes- DE: "&Differ"-
#20721	REDUCE cov: 8254 ft: 46733 corp: 1262/25Mb lim: 65536 exec/s: 383 rss: 434Mb L: 156/65536 MS: 2 InsertByte-EraseBytes-
#20733	NEW    cov: 8254 ft: 46743 corp: 1263/25Mb lim: 65536 exec/s: 383 rss: 434Mb L: 64531/65536 MS: 2 InsertRepeatedBytes-ChangeBinInt-
#20734	REDUCE cov: 8285 ft: 46775 corp: 1264/25Mb lim: 65536 exec/s: 383 rss: 434Mb L: 5469/65536 MS: 1 CrossOver-
#20766	REDUCE cov: 8285 ft: 46775 corp: 1264/25Mb lim: 65536 exec/s: 384 rss: 434Mb L: 23226/65536 MS: 2 ChangeByte-EraseBytes-
#20786	REDUCE cov: 8286 ft: 46776 corp: 1265/25Mb lim: 65536 exec/s: 384 rss: 434Mb L: 28968/65536 MS: 5 ChangeBit-CMP-PersAutoDict-InsertRepeatedBytes-InsertRepeatedBytes- DE: "ftp"-"\377\377\377+"-
#20788	REDUCE cov: 8286 ft: 46776 corp: 1265/25Mb lim: 65536 exec/s: 384 rss: 434Mb L: 14093/65536 MS: 2 ShuffleBytes-EraseBytes-
#20802	REDUCE cov: 8286 ft: 46776 corp: 1265/25Mb lim: 65536 exec/s: 385 rss: 434Mb L: 1663/65536 MS: 4 InsertByte-ShuffleBytes-ChangeBit-EraseBytes-
#20827	REDUCE cov: 8286 ft: 46776 corp: 1265/25Mb lim: 65536 exec/s: 385 rss: 434Mb L: 501/65536 MS: 5 CMP-PersAutoDict-PersAutoDict-ChangeASCIIInt-EraseBytes- DE: "\225\330"-"\015\000\000\000"-"J3:\001\340b\000\000"-
#20842	REDUCE cov: 8286 ft: 46776 corp: 1265/25Mb lim: 65536 exec/s: 385 rss: 434Mb L: 12354/65536 MS: 5 ShuffleBytes-ChangeBinInt-ShuffleBytes-CopyPart-EraseBytes-
#20863	NEW    cov: 8286 ft: 46782 corp: 1266/25Mb lim: 65536 exec/s: 386 rss: 434Mb L: 65536/65536 MS: 1 PersAutoDict- DE: "\001\000\000?"-
#20885	REDUCE cov: 8286 ft: 46864 corp: 1267/25Mb lim: 65536 exec/s: 386 rss: 434Mb L: 539/65536 MS: 2 CopyPart-CopyPart-
#20892	NEW    cov: 8286 ft: 46871 corp: 1268/25Mb lim: 65536 exec/s: 386 rss: 434Mb L: 33159/65536 MS: 2 ChangeBinInt-CopyPart-
#20900	REDUCE cov: 8286 ft: 46873 corp: 1269/25Mb lim: 65536 exec/s: 387 rss: 434Mb L: 40614/65536 MS: 3 PersAutoDict-CrossOver-CopyPart- DE: "\000\000b\300\000rp\353"-
#20901	REDUCE cov: 8286 ft: 46873 corp: 1269/25Mb lim: 65536 exec/s: 387 rss: 434Mb L: 624/65536 MS: 1 EraseBytes-
#20902	REDUCE cov: 8286 ft: 46873 corp: 1269/25Mb lim: 65536 exec/s: 387 rss: 434Mb L: 1493/65536 MS: 1 EraseBytes-
#20904	REDUCE cov: 8286 ft: 46873 corp: 1269/25Mb lim: 65536 exec/s: 387 rss: 434Mb L: 94/65536 MS: 2 ChangeASCIIInt-EraseBytes-
#20915	NEW    cov: 8310 ft: 46897 corp: 1270/25Mb lim: 65536 exec/s: 380 rss: 434Mb L: 65536/65536 MS: 1 CopyPart-
#20917	REDUCE cov: 8310 ft: 46897 corp: 1270/25Mb lim: 65536 exec/s: 380 rss: 434Mb L: 28396/65536 MS: 2 ShuffleBytes-EraseBytes-
#20944	NEW    cov: 8310 ft: 46898 corp: 1271/25Mb lim: 65536 exec/s: 380 rss: 434Mb L: 62144/65536 MS: 2 ChangeBit-CrossOver-
#20959	REDUCE cov: 8310 ft: 46947 corp: 1272/25Mb lim: 65536 exec/s: 381 rss: 434Mb L: 62053/65536 MS: 5 ChangeByte-ChangeBinInt-CMP-ShuffleBytes-CopyPart- DE: "&gna"-
#20988	REDUCE cov: 8310 ft: 46947 corp: 1272/25Mb lim: 65536 exec/s: 381 rss: 434Mb L: 39018/65536 MS: 4 ChangeASCIIInt-PersAutoDict-CopyPart-EraseBytes- DE: "\324W\003\001\220b\000\000"-
#21036	NEW    cov: 8310 ft: 46948 corp: 1273/25Mb lim: 65536 exec/s: 382 rss: 434Mb L: 45803/65536 MS: 3 CMP-PersAutoDict-CopyPart- DE: "&DotDo"-"\342\275g\266\376\177\000\000"-
#21070	REDUCE cov: 8310 ft: 46948 corp: 1273/25Mb lim: 65536 exec/s: 383 rss: 434Mb L: 51538/65536 MS: 4 InsertRepeatedBytes-ChangeBit-PersAutoDict-EraseBytes- DE: "\377\001"-
#21089	REDUCE cov: 8310 ft: 46953 corp: 1274/25Mb lim: 65536 exec/s: 383 rss: 434Mb L: 12828/65536 MS: 4 CrossOver-ChangeBinInt-InsertByte-CrossOver-
#21132	NEW    cov: 8310 ft: 46955 corp: 1275/25Mb lim: 65536 exec/s: 384 rss: 434Mb L: 32708/65536 MS: 3 ChangeBinInt-ChangeASCIIInt-ChangeBinInt-
#21144	NEW    cov: 8310 ft: 46956 corp: 1276/25Mb lim: 65536 exec/s: 384 rss: 434Mb L: 4593/65536 MS: 2 ChangeBit-CMP- DE: "8\000\000\000"-
#21225	NEW    cov: 8310 ft: 46957 corp: 1277/25Mb lim: 65536 exec/s: 385 rss: 434Mb L: 15040/65536 MS: 1 CrossOver-
#21248	REDUCE cov: 8310 ft: 46957 corp: 1277/25Mb lim: 65536 exec/s: 386 rss: 434Mb L: 372/65536 MS: 3 ChangeASCIIInt-CrossOver-EraseBytes-
#21254	REDUCE cov: 8310 ft: 46957 corp: 1277/25Mb lim: 65536 exec/s: 386 rss: 434Mb L: 56635/65536 MS: 1 EraseBytes-
#21262	NEW    cov: 8310 ft: 46959 corp: 1278/25Mb lim: 65536 exec/s: 386 rss: 434Mb L: 38709/65536 MS: 3 PersAutoDict-ChangeASCIIInt-CrossOver- DE: "\376\377\377\377"-
#21265	NEW    cov: 8310 ft: 47037 corp: 1279/25Mb lim: 65536 exec/s: 386 rss: 434Mb L: 35252/65536 MS: 3 ChangeASCIIInt-PersAutoDict-CopyPart- DE: "\024\000\000\000"-
#21307	REDUCE cov: 8310 ft: 47038 corp: 1280/25Mb lim: 65536 exec/s: 380 rss: 434Mb L: 46719/65536 MS: 2 InsertRepeatedBytes-CopyPart-
#21310	NEW    cov: 8312 ft: 47040 corp: 1281/25Mb lim: 65536 exec/s: 380 rss: 434Mb L: 11305/65536 MS: 3 CopyPart-CrossOver-CrossOver-
#21320	REDUCE cov: 8312 ft: 47040 corp: 1281/25Mb lim: 65536 exec/s: 380 rss: 434Mb L: 16553/65536 MS: 5 PersAutoDict-ChangeByte-CopyPart-InsertByte-EraseBytes- DE: "\001\000\000?"-
#21355	NEW    cov: 8312 ft: 47048 corp: 1282/25Mb lim: 65536 exec/s: 381 rss: 434Mb L: 11228/65536 MS: 5 ChangeBit-ChangeASCIIInt-PersAutoDict-CrossOver-PersAutoDict- DE: "\370\324\235\000\240b\000\000"-"\000\000\000\017"-
#21406	REDUCE cov: 8312 ft: 47048 corp: 1282/25Mb lim: 65536 exec/s: 382 rss: 434Mb L: 5399/65536 MS: 1 EraseBytes-
#21424	NEW    cov: 8312 ft: 47204 corp: 1283/25Mb lim: 65536 exec/s: 382 rss: 434Mb L: 29637/65536 MS: 3 InsertRepeatedBytes-EraseBytes-CopyPart-
#21436	REDUCE cov: 8312 ft: 47204 corp: 1283/25Mb lim: 65536 exec/s: 382 rss: 434Mb L: 5780/65536 MS: 2 ChangeByte-EraseBytes-
#21442	REDUCE cov: 8312 ft: 47204 corp: 1283/25Mb lim: 65536 exec/s: 382 rss: 434Mb L: 16944/65536 MS: 1 EraseBytes-
#21465	NEW    cov: 8312 ft: 47242 corp: 1284/25Mb lim: 65536 exec/s: 383 rss: 434Mb L: 42642/65536 MS: 3 CrossOver-PersAutoDict-CopyPart- DE: "\320D\000\000 a\000\000"-
#21474	NEW    cov: 8321 ft: 47252 corp: 1285/25Mb lim: 65536 exec/s: 383 rss: 434Mb L: 32802/65536 MS: 4 ShuffleBytes-ChangeByte-CrossOver-ChangeBinInt-
#21482	REDUCE cov: 8321 ft: 47252 corp: 1285/25Mb lim: 65536 exec/s: 383 rss: 434Mb L: 5407/65536 MS: 3 InsertRepeatedBytes-ChangeBinInt-EraseBytes-
#21485	REDUCE cov: 8321 ft: 47252 corp: 1285/25Mb lim: 65536 exec/s: 383 rss: 434Mb L: 5210/65536 MS: 3 ChangeBit-ChangeASCIIInt-EraseBytes-
#21509	NEW    cov: 8322 ft: 47253 corp: 1286/25Mb lim: 65536 exec/s: 384 rss: 434Mb L: 21730/65536 MS: 4 ChangeBit-CMP-InsertRepeatedBytes-InsertRepeatedBytes- DE: "\000\000\177\376\266g\275\330"-
#21527	REDUCE cov: 8322 ft: 47253 corp: 1286/25Mb lim: 65536 exec/s: 384 rss: 434Mb L: 22395/65536 MS: 3 CopyPart-ChangeASCIIInt-EraseBytes-
#21533	REDUCE cov: 8322 ft: 47253 corp: 1286/25Mb lim: 65536 exec/s: 384 rss: 434Mb L: 8034/65536 MS: 1 EraseBytes-
#21570	REDUCE cov: 8322 ft: 47253 corp: 1286/25Mb lim: 65536 exec/s: 385 rss: 434Mb L: 31063/65536 MS: 2 ShuffleBytes-EraseBytes-
#21583	REDUCE cov: 8322 ft: 47263 corp: 1287/25Mb lim: 65536 exec/s: 385 rss: 434Mb L: 2467/65536 MS: 3 InsertRepeatedBytes-InsertRepeatedBytes-CopyPart-
#21587	REDUCE cov: 8322 ft: 47264 corp: 1288/25Mb lim: 65536 exec/s: 385 rss: 434Mb L: 309/65536 MS: 4 CMP-ChangeBinInt-CopyPart-ChangeByte- DE: "\001\000\000\000"-
#21603	REDUCE cov: 8322 ft: 47264 corp: 1288/25Mb lim: 65536 exec/s: 385 rss: 434Mb L: 31087/65536 MS: 1 EraseBytes-
#21653	REDUCE cov: 8322 ft: 47264 corp: 1288/25Mb lim: 65536 exec/s: 386 rss: 434Mb L: 7561/65536 MS: 5 ChangeASCIIInt-ChangeBit-InsertByte-ChangeBit-EraseBytes-
#21674	NEW    cov: 8322 ft: 47270 corp: 1289/25Mb lim: 65536 exec/s: 387 rss: 434Mb L: 18587/65536 MS: 1 CopyPart-
#21680	NEW    cov: 8322 ft: 47272 corp: 1290/25Mb lim: 65536 exec/s: 387 rss: 434Mb L: 46418/65536 MS: 1 CrossOver-
#21689	REDUCE cov: 8322 ft: 47274 corp: 1291/25Mb lim: 65536 exec/s: 387 rss: 434Mb L: 42512/65536 MS: 4 ChangeByte-CMP-InsertRepeatedBytes-CMP- DE: "\254)_\000\340b\000\000"-"\002\000"-
#21690	REDUCE cov: 8322 ft: 47274 corp: 1291/25Mb lim: 65536 exec/s: 387 rss: 434Mb L: 1251/65536 MS: 1 EraseBytes-
#21746	REDUCE cov: 8322 ft: 47274 corp: 1291/25Mb lim: 65536 exec/s: 388 rss: 434Mb L: 5399/65536 MS: 1 EraseBytes-
#21749	NEW    cov: 8322 ft: 47279 corp: 1292/25Mb lim: 65536 exec/s: 388 rss: 434Mb L: 39496/65536 MS: 3 CMP-ChangeBinInt-CopyPart- DE: "\001\000\000\000\000\000\000\000"-
#21764	REDUCE cov: 8322 ft: 47279 corp: 1292/25Mb lim: 65536 exec/s: 388 rss: 434Mb L: 239/65536 MS: 5 ShuffleBytes-ShuffleBytes-PersAutoDict-CMP-EraseBytes- DE: "\001\000\000?"-"rip"-
#21773	REDUCE cov: 8322 ft: 47305 corp: 1293/26Mb lim: 65536 exec/s: 388 rss: 435Mb L: 7686/65536 MS: 4 ChangeByte-ChangeBit-ChangeBinInt-CopyPart-
#21774	NEW    cov: 8322 ft: 47312 corp: 1294/26Mb lim: 65536 exec/s: 388 rss: 435Mb L: 218/65536 MS: 1 EraseBytes-
#21783	NEW    cov: 8322 ft: 47313 corp: 1295/26Mb lim: 65536 exec/s: 388 rss: 435Mb L: 13334/65536 MS: 4 ChangeBinInt-ChangeBinInt-CMP-EraseBytes- DE: "\035\000\000\000"-
#21785	NEW    cov: 8322 ft: 47576 corp: 1296/26Mb lim: 65536 exec/s: 389 rss: 435Mb L: 64400/65536 MS: 2 CMP-CopyPart- DE: "\001\000bp\000&\354\373"-
#21794	REDUCE cov: 8322 ft: 47576 corp: 1296/26Mb lim: 65536 exec/s: 389 rss: 435Mb L: 262/65536 MS: 4 ChangeBit-ChangeBinInt-ChangeByte-EraseBytes-
#21820	REDUCE cov: 8322 ft: 47576 corp: 1296/26Mb lim: 65536 exec/s: 382 rss: 435Mb L: 19092/65536 MS: 1 EraseBytes-
#21826	NEW    cov: 8322 ft: 47578 corp: 1297/26Mb lim: 65536 exec/s: 382 rss: 436Mb L: 48303/65536 MS: 1 CopyPart-
#21827	REDUCE cov: 8322 ft: 47578 corp: 1297/26Mb lim: 65536 exec/s: 382 rss: 436Mb L: 167/65536 MS: 1 EraseBytes-
#21840	NEW    cov: 8323 ft: 47589 corp: 1298/26Mb lim: 65536 exec/s: 383 rss: 436Mb L: 43992/65536 MS: 3 CMP-ChangeASCIIInt-CopyPart- DE: "http"-
#21848	REDUCE cov: 8323 ft: 47589 corp: 1298/26Mb lim: 65536 exec/s: 383 rss: 436Mb L: 32473/65536 MS: 3 ChangeBit-ChangeBinInt-EraseBytes-
#21858	REDUCE cov: 8323 ft: 47589 corp: 1298/26Mb lim: 65536 exec/s: 383 rss: 436Mb L: 399/65536 MS: 5 PersAutoDict-InsertByte-PersAutoDict-ChangeBit-EraseBytes- DE: "\375\000\000\000\200`\000\000"-"m**"-
#21871	NEW    cov: 8323 ft: 47590 corp: 1299/26Mb lim: 65536 exec/s: 383 rss: 436Mb L: 42570/65536 MS: 3 CrossOver-CopyPart-CrossOver-
#21894	REDUCE cov: 8323 ft: 47590 corp: 1299/26Mb lim: 65536 exec/s: 384 rss: 436Mb L: 14871/65536 MS: 3 PersAutoDict-ChangeASCIIInt-EraseBytes- DE: "&Differen"-
#21918	NEW    cov: 8323 ft: 47619 corp: 1300/26Mb lim: 65536 exec/s: 384 rss: 436Mb L: 33564/65536 MS: 4 InsertRepeatedBytes-PersAutoDict-ShuffleBytes-CopyPart- DE: "G,B\000`b\000\000"-
#21943	REDUCE cov: 8323 ft: 47619 corp: 1300/26Mb lim: 65536 exec/s: 384 rss: 436Mb L: 26490/65536 MS: 5 InsertRepeatedBytes-CrossOver-InsertRepeatedBytes-CMP-EraseBytes- DE: "\331\275g\266\376\177\000\000"-
#21962	REDUCE cov: 8324 ft: 47620 corp: 1301/26Mb lim: 65536 exec/s: 385 rss: 436Mb L: 357/65536 MS: 4 PersAutoDict-InsertRepeatedBytes-ChangeBit-InsertRepeatedBytes- DE: "&ffilig;"-
#21978	REDUCE cov: 8324 ft: 47620 corp: 1301/26Mb lim: 65536 exec/s: 385 rss: 436Mb L: 35225/65536 MS: 1 EraseBytes-
#21998	REDUCE cov: 8324 ft: 47620 corp: 1301/26Mb lim: 65536 exec/s: 385 rss: 436Mb L: 26680/65536 MS: 5 ChangeBinInt-ChangeByte-ChangeByte-InsertRepeatedBytes-EraseBytes-
#22018	REDUCE cov: 8324 ft: 47620 corp: 1301/26Mb lim: 65536 exec/s: 386 rss: 436Mb L: 9693/65536 MS: 5 InsertByte-CMP-ShuffleBytes-PersAutoDict-EraseBytes- DE: "\001\000\000\000\000\000\000\000"-"]]>"-
#22082	NEW    cov: 8324 ft: 47621 corp: 1302/26Mb lim: 65536 exec/s: 387 rss: 436Mb L: 14922/65536 MS: 4 ChangeBit-ChangeBinInt-CrossOver-InsertRepeatedBytes-
#22089	REDUCE cov: 8324 ft: 47621 corp: 1302/26Mb lim: 65536 exec/s: 387 rss: 436Mb L: 15782/65536 MS: 2 ShuffleBytes-EraseBytes-
#22166	NEW    cov: 8328 ft: 47639 corp: 1303/26Mb lim: 65536 exec/s: 388 rss: 436Mb L: 26279/65536 MS: 2 PersAutoDict-CopyPart- DE: "\231\357\001\000\200a\000\000"-
#22188	REDUCE cov: 8328 ft: 47639 corp: 1303/26Mb lim: 65536 exec/s: 389 rss: 436Mb L: 51038/65536 MS: 2 PersAutoDict-EraseBytes- DE: "K\276g\266\376\177\000\000"-
#22194	REDUCE cov: 8328 ft: 47639 corp: 1303/26Mb lim: 65536 exec/s: 389 rss: 436Mb L: 31530/65536 MS: 1 EraseBytes-
#22218	REDUCE cov: 8328 ft: 47639 corp: 1303/26Mb lim: 65536 exec/s: 389 rss: 436Mb L: 7033/65536 MS: 4 InsertRepeatedBytes-ChangeByte-ShuffleBytes-EraseBytes-
#22223	REDUCE cov: 8328 ft: 47639 corp: 1303/26Mb lim: 65536 exec/s: 389 rss: 436Mb L: 13465/65536 MS: 5 PersAutoDict-PersAutoDict-ChangeByte-ChangeBit-EraseBytes- DE: "\001\000bP\001\241S\252"-"ftp"-
#22246	NEW    cov: 8328 ft: 47709 corp: 1304/26Mb lim: 65536 exec/s: 390 rss: 436Mb L: 7426/65536 MS: 3 ChangeBinInt-ChangeByte-CopyPart-
#22267	REDUCE cov: 8328 ft: 47709 corp: 1304/26Mb lim: 65536 exec/s: 390 rss: 436Mb L: 53099/65536 MS: 1 EraseBytes-
#22288	REDUCE cov: 8328 ft: 47709 corp: 1304/26Mb lim: 65536 exec/s: 384 rss: 436Mb L: 26455/65536 MS: 1 EraseBytes-
#22296	REDUCE cov: 8328 ft: 47709 corp: 1304/26Mb lim: 65536 exec/s: 384 rss: 436Mb L: 35008/65536 MS: 3 ChangeASCIIInt-ShuffleBytes-EraseBytes-
#22316	REDUCE cov: 8328 ft: 47709 corp: 1304/26Mb lim: 65536 exec/s: 384 rss: 436Mb L: 260/65536 MS: 5 ChangeByte-ChangeBinInt-InsertByte-InsertByte-EraseBytes-
#22368	REDUCE cov: 8328 ft: 47709 corp: 1304/26Mb lim: 65536 exec/s: 385 rss: 436Mb L: 31970/65536 MS: 2 InsertRepeatedBytes-EraseBytes-
#22382	NEW    cov: 8328 ft: 47710 corp: 1305/26Mb lim: 65536 exec/s: 385 rss: 436Mb L: 22628/65536 MS: 4 InsertByte-ChangeByte-ChangeByte-CopyPart-
#22401	NEW    cov: 8328 ft: 47711 corp: 1306/26Mb lim: 65536 exec/s: 386 rss: 436Mb L: 65536/65536 MS: 4 CrossOver-PersAutoDict-ChangeASCIIInt-CrossOver- DE: "\252\262Z\000\240b\000\000"-
#22429	NEW    cov: 8328 ft: 47720 corp: 1307/26Mb lim: 65536 exec/s: 386 rss: 436Mb L: 43173/65536 MS: 3 CMP-ChangeBit-PersAutoDict- DE: "\377\274"-"!\033"-
#22442	REDUCE cov: 8328 ft: 47721 corp: 1308/26Mb lim: 65536 exec/s: 386 rss: 436Mb L: 38161/65536 MS: 3 ChangeBinInt-InsertRepeatedBytes-CrossOver-
#22464	NEW    cov: 8329 ft: 47722 corp: 1309/26Mb lim: 65536 exec/s: 387 rss: 436Mb L: 13034/65536 MS: 2 CrossOver-ChangeBinInt-
#22502	REDUCE cov: 8329 ft: 47722 corp: 1309/26Mb lim: 65536 exec/s: 387 rss: 436Mb L: 15040/65536 MS: 3 EraseBytes-ChangeByte-CopyPart-
#22530	REDUCE cov: 8329 ft: 47722 corp: 1309/26Mb lim: 65536 exec/s: 388 rss: 436Mb L: 40061/65536 MS: 3 InsertRepeatedBytes-InsertRepeatedBytes-CrossOver-
#22543	REDUCE cov: 8329 ft: 47722 corp: 1309/26Mb lim: 65536 exec/s: 388 rss: 436Mb L: 120/65536 MS: 3 ChangeByte-CMP-EraseBytes- DE: "\000."-
#22557	REDUCE cov: 8329 ft: 47732 corp: 1310/26Mb lim: 65536 exec/s: 388 rss: 436Mb L: 27132/65536 MS: 4 PersAutoDict-InsertRepeatedBytes-ChangeBit-CrossOver- DE: "]]>"-
#22558	REDUCE cov: 8329 ft: 47732 corp: 1310/26Mb lim: 65536 exec/s: 388 rss: 436Mb L: 4817/65536 MS: 1 EraseBytes-
#22597	NEW    cov: 8332 ft: 47735 corp: 1311/26Mb lim: 65536 exec/s: 389 rss: 436Mb L: 18522/65536 MS: 4 CrossOver-ChangeByte-InsertRepeatedBytes-PersAutoDict- DE: "Z\314\013\000 b\000\000"-
#22605	NEW    cov: 8332 ft: 47752 corp: 1312/26Mb lim: 65536 exec/s: 389 rss: 436Mb L: 16323/65536 MS: 3 ChangeBinInt-ChangeASCIIInt-EraseBytes-
#22664	NEW    cov: 8332 ft: 47780 corp: 1313/26Mb lim: 65536 exec/s: 390 rss: 437Mb L: 12322/65536 MS: 4 ShuffleBytes-InsertByte-CopyPart-PersAutoDict- DE: "\000\000b\240\000\210\033\332"-
#22684	NEW    cov: 8332 ft: 47788 corp: 1314/26Mb lim: 65536 exec/s: 391 rss: 437Mb L: 26564/65536 MS: 5 CMP-PersAutoDict-CopyPart-ChangeByte-CopyPart- DE: "\003\253"-"\035\000\000\000"-
#22708	NEW    cov: 8332 ft: 47814 corp: 1315/26Mb lim: 65536 exec/s: 391 rss: 437Mb L: 26744/65536 MS: 4 PersAutoDict-CMP-ChangeByte-CrossOver- DE: "graph"-"\377\377"-
#22725	REDUCE cov: 8332 ft: 47814 corp: 1315/26Mb lim: 65536 exec/s: 391 rss: 437Mb L: 9784/65536 MS: 2 InsertByte-EraseBytes-
#22732	REDUCE cov: 8333 ft: 47824 corp: 1316/26Mb lim: 65536 exec/s: 391 rss: 437Mb L: 18616/65536 MS: 2 ChangeBit-InsertRepeatedBytes-
#22740	NEW    cov: 8333 ft: 47825 corp: 1317/26Mb lim: 65536 exec/s: 392 rss: 437Mb L: 7166/65536 MS: 3 CopyPart-CMP-CrossOver- DE: "\303+\000\000\320`\000\000"-
#22797	REDUCE cov: 8333 ft: 47825 corp: 1317/26Mb lim: 65536 exec/s: 386 rss: 437Mb L: 7052/65536 MS: 2 ShuffleBytes-EraseBytes-
#22810	REDUCE cov: 8333 ft: 47825 corp: 1317/26Mb lim: 65536 exec/s: 386 rss: 437Mb L: 4733/65536 MS: 3 ChangeBinInt-ChangeBinInt-EraseBytes-
#22848	NEW    cov: 8333 ft: 47833 corp: 1318/26Mb lim: 65536 exec/s: 387 rss: 437Mb L: 17206/65536 MS: 3 ChangeByte-CrossOver-CopyPart-
#22880	REDUCE cov: 8333 ft: 47833 corp: 1318/26Mb lim: 65536 exec/s: 387 rss: 437Mb L: 4382/65536 MS: 2 ChangeASCIIInt-EraseBytes-
#22882	NEW    cov: 8333 ft: 47837 corp: 1319/26Mb lim: 65536 exec/s: 387 rss: 437Mb L: 660/65536 MS: 2 ChangeBit-CMP- DE: "i\301'\000pa\000\000"-
#22902	REDUCE cov: 8333 ft: 47838 corp: 1320/26Mb lim: 65536 exec/s: 388 rss: 437Mb L: 55/65536 MS: 5 ChangeBinInt-PersAutoDict-CrossOver-CMP-EraseBytes- DE: "\376\377\377\377"-"\001K"-
#23067	REDUCE cov: 8334 ft: 47839 corp: 1321/26Mb lim: 65536 exec/s: 390 rss: 437Mb L: 29484/65536 MS: 5 ChangeBinInt-ChangeASCIIInt-ShuffleBytes-CrossOver-ChangeBit-
#23085	REDUCE cov: 8334 ft: 47839 corp: 1321/26Mb lim: 65536 exec/s: 391 rss: 437Mb L: 127/65536 MS: 3 CMP-CopyPart-EraseBytes- DE: "\377\377\3776"-
#23110	NEW    cov: 8334 ft: 47845 corp: 1322/26Mb lim: 65536 exec/s: 391 rss: 437Mb L: 49853/65536 MS: 5 ShuffleBytes-InsertRepeatedBytes-ChangeBinInt-CMP-CopyPart- DE: "\000\000\177\376\266g\276<"-
#23111	REDUCE cov: 8334 ft: 47845 corp: 1322/26Mb lim: 65536 exec/s: 391 rss: 437Mb L: 58704/65536 MS: 1 EraseBytes-
#23112	REDUCE cov: 8334 ft: 47845 corp: 1322/26Mb lim: 65536 exec/s: 391 rss: 437Mb L: 34690/65536 MS: 1 EraseBytes-
#23117	REDUCE cov: 8334 ft: 47845 corp: 1322/26Mb lim: 65536 exec/s: 391 rss: 437Mb L: 24536/65536 MS: 5 ChangeByte-ChangeBit-ShuffleBytes-CopyPart-EraseBytes-
#23146	NEW    cov: 8334 ft: 47861 corp: 1323/26Mb lim: 65536 exec/s: 392 rss: 437Mb L: 16979/65536 MS: 4 InsertRepeatedBytes-ShuffleBytes-CrossOver-CrossOver-
#23168	REDUCE cov: 8334 ft: 47863 corp: 1324/26Mb lim: 65536 exec/s: 392 rss: 437Mb L: 43362/65536 MS: 2 CrossOver-CrossOver-
#23189	REDUCE cov: 8334 ft: 47863 corp: 1324/26Mb lim: 65536 exec/s: 393 rss: 437Mb L: 18674/65536 MS: 1 EraseBytes-
#23209	NEW    cov: 8334 ft: 47864 corp: 1325/26Mb lim: 65536 exec/s: 393 rss: 437Mb L: 3528/65536 MS: 5 PersAutoDict-ChangeByte-InsertByte-CMP-PersAutoDict- DE: "\000\000b@\000:<\001"-"\012\036\207\000\000b\000\000"-"\001\000c\000\000\271\346~"-
#23214	REDUCE cov: 8334 ft: 47864 corp: 1325/26Mb lim: 65536 exec/s: 393 rss: 437Mb L: 2897/65536 MS: 5 CrossOver-ChangeByte-CopyPart-ShuffleBytes-EraseBytes-
#23227	NEW    cov: 8334 ft: 47866 corp: 1326/26Mb lim: 65536 exec/s: 393 rss: 437Mb L: 33382/65536 MS: 3 ChangeASCIIInt-CrossOver-EraseBytes-
#23230	REDUCE cov: 8334 ft: 47866 corp: 1326/26Mb lim: 65536 exec/s: 393 rss: 437Mb L: 40430/65536 MS: 3 ChangeASCIIInt-InsertRepeatedBytes-EraseBytes-
#23257	NEW    cov: 8334 ft: 47867 corp: 1327/26Mb lim: 65536 exec/s: 387 rss: 437Mb L: 2471/65536 MS: 2 ChangeBit-CMP- DE: "\226\011\000\000"-
#23278	REDUCE cov: 8334 ft: 47867 corp: 1327/26Mb lim: 65536 exec/s: 387 rss: 437Mb L: 1312/65536 MS: 1 EraseBytes-
#23280	NEW    cov: 8334 ft: 47880 corp: 1328/26Mb lim: 65536 exec/s: 388 rss: 437Mb L: 4726/65536 MS: 2 ChangeBinInt-CopyPart-
#23302	REDUCE cov: 8334 ft: 47880 corp: 1328/26Mb lim: 65536 exec/s: 388 rss: 437Mb L: 7521/65536 MS: 2 InsertRepeatedBytes-EraseBytes-
#23308	REDUCE cov: 8334 ft: 47880 corp: 1328/26Mb lim: 65536 exec/s: 388 rss: 437Mb L: 552/65536 MS: 1 EraseBytes-
#23316	REDUCE cov: 8334 ft: 47911 corp: 1329/26Mb lim: 65536 exec/s: 388 rss: 437Mb L: 24441/65536 MS: 3 CopyPart-PersAutoDict-CopyPart- DE: "\000\000\177\376\266g\276G"-
#23337	REDUCE cov: 8334 ft: 47911 corp: 1329/26Mb lim: 65536 exec/s: 388 rss: 437Mb L: 42970/65536 MS: 1 EraseBytes-
#23347	NEW    cov: 8335 ft: 47916 corp: 1330/26Mb lim: 65536 exec/s: 389 rss: 437Mb L: 4959/65536 MS: 5 InsertRepeatedBytes-InsertRepeatedBytes-ShuffleBytes-ShuffleBytes-InsertRepeatedBytes-
#23359	NEW    cov: 8335 ft: 47931 corp: 1331/26Mb lim: 65536 exec/s: 389 rss: 437Mb L: 6642/65536 MS: 2 ChangeBinInt-CopyPart-
#23374	NEW    cov: 8335 ft: 47934 corp: 1332/26Mb lim: 65536 exec/s: 389 rss: 437Mb L: 21534/65536 MS: 5 ChangeByte-CMP-ChangeBit-PersAutoDict-CopyPart- DE: "other"-"/\000\000\000"-
#23420	REDUCE cov: 8335 ft: 47934 corp: 1332/26Mb lim: 65536 exec/s: 390 rss: 437Mb L: 7109/65536 MS: 1 EraseBytes-
#23433	REDUCE cov: 8335 ft: 47934 corp: 1332/26Mb lim: 65536 exec/s: 390 rss: 437Mb L: 19826/65536 MS: 3 CrossOver-ChangeASCIIInt-EraseBytes-
#23442	NEW    cov: 8335 ft: 47935 corp: 1333/26Mb lim: 65536 exec/s: 390 rss: 437Mb L: 3242/65536 MS: 4 EraseBytes-InsertRepeatedBytes-ShuffleBytes-CMP- DE: "&Integral;"-
#23445	REDUCE cov: 8335 ft: 47935 corp: 1333/26Mb lim: 65536 exec/s: 390 rss: 437Mb L: 331/65536 MS: 3 CopyPart-InsertByte-EraseBytes-
#23458	NEW    cov: 8335 ft: 47978 corp: 1334/26Mb lim: 65536 exec/s: 390 rss: 437Mb L: 54041/65536 MS: 3 CrossOver-CrossOver-CopyPart-
#23470	REDUCE cov: 8335 ft: 47978 corp: 1334/26Mb lim: 65536 exec/s: 391 rss: 437Mb L: 591/65536 MS: 2 ShuffleBytes-EraseBytes-
#23487	NEW    cov: 8335 ft: 47979 corp: 1335/26Mb lim: 65536 exec/s: 391 rss: 437Mb L: 46426/65536 MS: 2 ChangeBinInt-CMP- DE: "\377\377a\340\000\311\271O"-
#23498	REDUCE cov: 8335 ft: 47979 corp: 1335/26Mb lim: 65536 exec/s: 391 rss: 437Mb L: 43575/65536 MS: 1 EraseBytes-
#23543	REDUCE cov: 8335 ft: 47980 corp: 1336/26Mb lim: 65536 exec/s: 392 rss: 437Mb L: 252/65536 MS: 5 InsertRepeatedBytes-ChangeBinInt-InsertByte-CopyPart-ChangeByte-
#23547	REDUCE cov: 8335 ft: 47980 corp: 1336/26Mb lim: 65536 exec/s: 392 rss: 437Mb L: 15479/65536 MS: 4 PersAutoDict-ChangeByte-InsertRepeatedBytes-EraseBytes- DE: "\001\000b\200\000.x\304"-
#23553	REDUCE cov: 8335 ft: 47980 corp: 1336/26Mb lim: 65536 exec/s: 392 rss: 437Mb L: 3788/65536 MS: 1 EraseBytes-
#23604	NEW    cov: 8335 ft: 47985 corp: 1337/26Mb lim: 65536 exec/s: 393 rss: 437Mb L: 8768/65536 MS: 1 CopyPart-
#23629	REDUCE cov: 8335 ft: 47985 corp: 1337/26Mb lim: 65536 exec/s: 393 rss: 437Mb L: 245/65536 MS: 5 InsertRepeatedBytes-InsertByte-PersAutoDict-EraseBytes-EraseBytes- DE: "&notn"-
#23634	REDUCE cov: 8335 ft: 47985 corp: 1337/26Mb lim: 65536 exec/s: 393 rss: 437Mb L: 52334/65536 MS: 5 ChangeBinInt-CopyPart-ChangeByte-CMP-CrossOver- DE: "\003\000\000\000"-
#23640	REDUCE cov: 8335 ft: 47985 corp: 1337/26Mb lim: 65536 exec/s: 394 rss: 437Mb L: 57738/65536 MS: 1 EraseBytes-
#23662	NEW    cov: 8335 ft: 48013 corp: 1338/26Mb lim: 65536 exec/s: 394 rss: 437Mb L: 44827/65536 MS: 2 InsertRepeatedBytes-CrossOver-
#23714	REDUCE cov: 8335 ft: 48013 corp: 1338/26Mb lim: 65536 exec/s: 388 rss: 437Mb L: 62796/65536 MS: 2 CMP-EraseBytes- DE: "lock]"-
#23776	REDUCE cov: 8335 ft: 48013 corp: 1338/26Mb lim: 65536 exec/s: 389 rss: 437Mb L: 9553/65536 MS: 2 PersAutoDict-EraseBytes- DE: "8\000\000\000"-
#23792	NEW    cov: 8335 ft: 48014 corp: 1339/26Mb lim: 65536 exec/s: 390 rss: 437Mb L: 28350/65536 MS: 1 ChangeBinInt-
#23825	NEW    cov: 8335 ft: 48061 corp: 1340/26Mb lim: 65536 exec/s: 390 rss: 437Mb L: 49982/65536 MS: 3 ShuffleBytes-ChangeByte-CopyPart-
#23847	NEW    cov: 8335 ft: 48129 corp: 1341/26Mb lim: 65536 exec/s: 390 rss: 437Mb L: 46858/65536 MS: 2 CrossOver-CopyPart-
#23898	REDUCE cov: 8335 ft: 48129 corp: 1341/26Mb lim: 65536 exec/s: 391 rss: 437Mb L: 8555/65536 MS: 1 EraseBytes-
#23901	NEW    cov: 8336 ft: 48163 corp: 1342/26Mb lim: 65536 exec/s: 391 rss: 437Mb L: 27098/65536 MS: 3 ShuffleBytes-InsertRepeatedBytes-CrossOver-
#23956	REDUCE cov: 8336 ft: 48163 corp: 1342/26Mb lim: 65536 exec/s: 392 rss: 437Mb L: 25717/65536 MS: 5 ChangeASCIIInt-PersAutoDict-InsertByte-InsertByte-EraseBytes- DE: "<![CDATA["-
#23980	REDUCE cov: 8336 ft: 48163 corp: 1342/26Mb lim: 65536 exec/s: 393 rss: 437Mb L: 56513/65536 MS: 4 InsertRepeatedBytes-EraseBytes-ChangeByte-CopyPart-
#23996	REDUCE cov: 8336 ft: 48163 corp: 1342/26Mb lim: 65536 exec/s: 393 rss: 437Mb L: 44691/65536 MS: 1 EraseBytes-
#24017	REDUCE cov: 8336 ft: 48163 corp: 1342/26Mb lim: 65536 exec/s: 393 rss: 437Mb L: 74/65536 MS: 1 EraseBytes-
#24018	REDUCE cov: 8336 ft: 48163 corp: 1342/26Mb lim: 65536 exec/s: 393 rss: 437Mb L: 30097/65536 MS: 1 EraseBytes-
#24061	NEW    cov: 8336 ft: 48167 corp: 1343/27Mb lim: 65536 exec/s: 394 rss: 437Mb L: 55038/65536 MS: 3 CMP-ChangeBit-CopyPart- DE: "ing"-
#24076	REDUCE cov: 8336 ft: 48169 corp: 1344/27Mb lim: 65536 exec/s: 394 rss: 437Mb L: 520/65536 MS: 5 CMP-PersAutoDict-CopyPart-InsertRepeatedBytes-ChangeBit- DE: "\377\377a@\000?\035\252"-" '5"-
#24122	REDUCE cov: 8336 ft: 48169 corp: 1344/27Mb lim: 65536 exec/s: 395 rss: 437Mb L: 436/65536 MS: 1 EraseBytes-
#24141	NEW    cov: 8336 ft: 48170 corp: 1345/27Mb lim: 65536 exec/s: 395 rss: 437Mb L: 150/65536 MS: 4 ShuffleBytes-EraseBytes-ChangeBit-CopyPart-
#24160	REDUCE cov: 8336 ft: 48172 corp: 1346/27Mb lim: 65536 exec/s: 396 rss: 437Mb L: 272/65536 MS: 4 ShuffleBytes-CopyPart-InsertRepeatedBytes-CopyPart-
#24163	REDUCE cov: 8336 ft: 48172 corp: 1346/27Mb lim: 65536 exec/s: 396 rss: 437Mb L: 3717/65536 MS: 3 ShuffleBytes-ShuffleBytes-EraseBytes-
#24186	REDUCE cov: 8336 ft: 48172 corp: 1346/27Mb lim: 65536 exec/s: 396 rss: 437Mb L: 328/65536 MS: 3 ChangeByte-PersAutoDict-EraseBytes- DE: "&Dopf;"-
#24189	REDUCE cov: 8336 ft: 48172 corp: 1346/27Mb lim: 65536 exec/s: 396 rss: 437Mb L: 18117/65536 MS: 3 ShuffleBytes-CMP-EraseBytes- DE: "language-"-
#24200	REDUCE cov: 8336 ft: 48172 corp: 1346/27Mb lim: 65536 exec/s: 390 rss: 437Mb L: 331/65536 MS: 1 EraseBytes-
#24263	REDUCE cov: 8336 ft: 48172 corp: 1346/27Mb lim: 65536 exec/s: 391 rss: 437Mb L: 18990/65536 MS: 3 InsertByte-CopyPart-EraseBytes-
#24265	REDUCE cov: 8336 ft: 48172 corp: 1346/26Mb lim: 65536 exec/s: 391 rss: 437Mb L: 38882/65536 MS: 2 ChangeBinInt-EraseBytes-
#24290	NEW    cov: 8336 ft: 48173 corp: 1347/27Mb lim: 65536 exec/s: 391 rss: 437Mb L: 23670/65536 MS: 5 ChangeBit-ShuffleBytes-InsertRepeatedBytes-CrossOver-CopyPart-
#24326	NEW    cov: 8336 ft: 48174 corp: 1348/27Mb lim: 65536 exec/s: 392 rss: 437Mb L: 50314/65536 MS: 1 CopyPart-
#24328	NEW    cov: 8336 ft: 48178 corp: 1349/27Mb lim: 65536 exec/s: 392 rss: 437Mb L: 11631/65536 MS: 2 ChangeBinInt-ChangeBit-
#24349	REDUCE cov: 8336 ft: 48178 corp: 1349/27Mb lim: 65536 exec/s: 392 rss: 437Mb L: 24887/65536 MS: 1 EraseBytes-
#24363	REDUCE cov: 8336 ft: 48178 corp: 1349/27Mb lim: 65536 exec/s: 392 rss: 437Mb L: 33093/65536 MS: 4 ChangeBinInt-InsertByte-ChangeBinInt-EraseBytes-
#24369	REDUCE cov: 8336 ft: 48178 corp: 1349/27Mb lim: 65536 exec/s: 393 rss: 437Mb L: 20826/65536 MS: 1 EraseBytes-
#24371	REDUCE cov: 8336 ft: 48178 corp: 1349/27Mb lim: 65536 exec/s: 393 rss: 437Mb L: 2724/65536 MS: 2 ChangeASCIIInt-EraseBytes-
#24381	REDUCE cov: 8336 ft: 48178 corp: 1349/27Mb lim: 65536 exec/s: 393 rss: 437Mb L: 12060/65536 MS: 5 PersAutoDict-ShuffleBytes-ShuffleBytes-ShuffleBytes-EraseBytes- DE: "\377#"-
#24419	REDUCE cov: 8336 ft: 48178 corp: 1349/27Mb lim: 65536 exec/s: 393 rss: 437Mb L: 10656/65536 MS: 3 CrossOver-ChangeBit-EraseBytes-
#24430	REDUCE cov: 8336 ft: 48178 corp: 1349/27Mb lim: 65536 exec/s: 394 rss: 437Mb L: 33003/65536 MS: 1 EraseBytes-
#24449	REDUCE cov: 8336 ft: 48178 corp: 1349/27Mb lim: 65536 exec/s: 394 rss: 437Mb L: 17198/65536 MS: 4 PersAutoDict-PersAutoDict-ShuffleBytes-EraseBytes- DE: "\001\000\000?"-"\000\000\000<"-
#24545	REDUCE cov: 8336 ft: 48178 corp: 1349/27Mb lim: 65536 exec/s: 395 rss: 437Mb L: 46511/65536 MS: 1 EraseBytes-
#24584	NEW    cov: 8336 ft: 48179 corp: 1350/27Mb lim: 65536 exec/s: 396 rss: 437Mb L: 23794/65536 MS: 4 ChangeASCIIInt-ChangeBit-ChangeByte-CMP- DE: "\333\\"-
#24596	NEW    cov: 8336 ft: 48181 corp: 1351/27Mb lim: 65536 exec/s: 390 rss: 437Mb L: 73/65536 MS: 2 CopyPart-EraseBytes-
#24625	REDUCE cov: 8336 ft: 48181 corp: 1351/27Mb lim: 65536 exec/s: 390 rss: 437Mb L: 11643/65536 MS: 4 ShuffleBytes-InsertByte-InsertRepeatedBytes-EraseBytes-
#24640	REDUCE cov: 8336 ft: 48182 corp: 1352/27Mb lim: 65536 exec/s: 391 rss: 437Mb L: 18461/65536 MS: 5 PersAutoDict-CMP-ChangeByte-CrossOver-CopyPart- DE: "\001J"-"\341\000\000\000"-
#24651	REDUCE cov: 8336 ft: 48182 corp: 1352/27Mb lim: 65536 exec/s: 391 rss: 437Mb L: 11983/65536 MS: 1 EraseBytes-
#24668	REDUCE cov: 8336 ft: 48182 corp: 1352/27Mb lim: 65536 exec/s: 391 rss: 437Mb L: 737/65536 MS: 2 ShuffleBytes-EraseBytes-
#24682	NEW    cov: 8336 ft: 48183 corp: 1353/27Mb lim: 65536 exec/s: 391 rss: 437Mb L: 64970/65536 MS: 4 ChangeBit-ShuffleBytes-ChangeBinInt-PersAutoDict- DE: "\001\000b\200\000.x\304"-
#24705	REDUCE cov: 8336 ft: 48183 corp: 1353/27Mb lim: 65536 exec/s: 392 rss: 437Mb L: 3361/65536 MS: 3 ChangeByte-ChangeByte-EraseBytes-
#24732	NEW    cov: 8336 ft: 48184 corp: 1354/27Mb lim: 65536 exec/s: 392 rss: 437Mb L: 57871/65536 MS: 2 ShuffleBytes-CopyPart-
#24748	REDUCE cov: 8336 ft: 48184 corp: 1354/27Mb lim: 65536 exec/s: 392 rss: 437Mb L: 13142/65536 MS: 1 EraseBytes-
#24765	REDUCE cov: 8336 ft: 48184 corp: 1354/27Mb lim: 65536 exec/s: 393 rss: 437Mb L: 31309/65536 MS: 2 InsertRepeatedBytes-EraseBytes-
#24821	REDUCE cov: 8336 ft: 48184 corp: 1354/27Mb lim: 65536 exec/s: 393 rss: 438Mb L: 288/65536 MS: 1 EraseBytes-
#24837	REDUCE cov: 8336 ft: 48184 corp: 1354/27Mb lim: 65536 exec/s: 394 rss: 438Mb L: 6608/65536 MS: 1 EraseBytes-
#24848	REDUCE cov: 8336 ft: 48184 corp: 1354/27Mb lim: 65536 exec/s: 394 rss: 438Mb L: 10163/65536 MS: 1 EraseBytes-
#24896	NEW    cov: 8336 ft: 48185 corp: 1355/27Mb lim: 65536 exec/s: 395 rss: 438Mb L: 49914/65536 MS: 3 ChangeByte-CopyPart-CrossOver-
#24911	REDUCE cov: 8336 ft: 48185 corp: 1355/27Mb lim: 65536 exec/s: 395 rss: 438Mb L: 25067/65536 MS: 5 InsertRepeatedBytes-ChangeASCIIInt-ChangeASCIIInt-CMP-EraseBytes- DE: "]\361$\000\300b\000\000"-
#24918	NEW    cov: 8336 ft: 48190 corp: 1356/27Mb lim: 65536 exec/s: 395 rss: 438Mb L: 28393/65536 MS: 2 ChangeBinInt-CopyPart-
#24928	REDUCE cov: 8336 ft: 48190 corp: 1356/27Mb lim: 65536 exec/s: 395 rss: 438Mb L: 44857/65536 MS: 5 CMP-PersAutoDict-CMP-ChangeASCIIInt-EraseBytes- DE: "\001\000b \000p\255b"-"\003\000\000\000"-"\000\000\177\376\266g\275\330"-
#24949	REDUCE cov: 8336 ft: 48190 corp: 1356/27Mb lim: 65536 exec/s: 396 rss: 438Mb L: 266/65536 MS: 1 EraseBytes-
#24959	REDUCE cov: 8336 ft: 48190 corp: 1356/27Mb lim: 65536 exec/s: 396 rss: 438Mb L: 31605/65536 MS: 5 ChangeBinInt-ShuffleBytes-ChangeBit-ChangeBinInt-EraseBytes-
#24964	REDUCE cov: 8336 ft: 48190 corp: 1356/27Mb lim: 65536 exec/s: 396 rss: 438Mb L: 54875/65536 MS: 5 CMP-InsertByte-InsertByte-ChangeBinInt-EraseBytes- DE: "t\375y\000\300b\000\000"-
#24986	NEW    cov: 8336 ft: 48198 corp: 1357/27Mb lim: 65536 exec/s: 396 rss: 438Mb L: 59106/65536 MS: 2 CopyPart-CopyPart-
#25005	REDUCE cov: 8336 ft: 48198 corp: 1357/27Mb lim: 65536 exec/s: 396 rss: 438Mb L: 8252/65536 MS: 4 ChangeBinInt-CMP-PersAutoDict-EraseBytes- DE: "\357\273\277"-"]\361$\000\300b\000\000"-
#25025	NEW    cov: 8336 ft: 48204 corp: 1358/27Mb lim: 65536 exec/s: 391 rss: 438Mb L: 39237/65536 MS: 5 InsertByte-ChangeASCIIInt-ShuffleBytes-CMP-CopyPart- DE: "<![CDATA["-
#25031	REDUCE cov: 8336 ft: 48212 corp: 1359/27Mb lim: 65536 exec/s: 391 rss: 438Mb L: 120/65536 MS: 1 CopyPart-
#25049	REDUCE cov: 8336 ft: 48212 corp: 1359/27Mb lim: 65536 exec/s: 391 rss: 438Mb L: 22537/65536 MS: 3 InsertByte-CMP-CrossOver- DE: "\000\000b\300\001\266qM"-
#25056	NEW    cov: 8336 ft: 48214 corp: 1360/27Mb lim: 65536 exec/s: 391 rss: 438Mb L: 619/65536 MS: 2 ChangeASCIIInt-CMP- DE: "\001\000a`\000\007\205\302"-
#25067	REDUCE cov: 8336 ft: 48223 corp: 1361/27Mb lim: 65536 exec/s: 391 rss: 438Mb L: 9854/65536 MS: 1 CMP- DE: "<https://"-
#25077	NEW    cov: 8337 ft: 48230 corp: 1362/27Mb lim: 65536 exec/s: 391 rss: 438Mb L: 20326/65536 MS: 5 EraseBytes-ChangeASCIIInt-CrossOver-PersAutoDict-InsertByte- DE: "exampl.ex"-
#25079	REDUCE cov: 8337 ft: 48230 corp: 1362/27Mb lim: 65536 exec/s: 391 rss: 438Mb L: 14826/65536 MS: 2 ChangeASCIIInt-EraseBytes-
#25124	REDUCE cov: 8337 ft: 48230 corp: 1362/27Mb lim: 65536 exec/s: 392 rss: 438Mb L: 29331/65536 MS: 5 ShuffleBytes-PersAutoDict-ChangeASCIIInt-ShuffleBytes-EraseBytes- DE: "\341\000\000\000"-
#25133	REDUCE cov: 8337 ft: 48231 corp: 1363/27Mb lim: 65536 exec/s: 392 rss: 438Mb L: 2196/65536 MS: 4 ChangeBit-InsertByte-CopyPart-CopyPart-
#25134	REDUCE cov: 8337 ft: 48243 corp: 1364/27Mb lim: 65536 exec/s: 392 rss: 438Mb L: 48990/65536 MS: 1 CrossOver-
#25141	REDUCE cov: 8337 ft: 48243 corp: 1364/27Mb lim: 65536 exec/s: 392 rss: 439Mb L: 30648/65536 MS: 2 InsertRepeatedBytes-EraseBytes-
#25173	REDUCE cov: 8337 ft: 48243 corp: 1364/27Mb lim: 65536 exec/s: 393 rss: 439Mb L: 5052/65536 MS: 2 ShuffleBytes-EraseBytes-
#25210	REDUCE cov: 8337 ft: 48243 corp: 1364/27Mb lim: 65536 exec/s: 393 rss: 439Mb L: 18170/65536 MS: 2 ChangeASCIIInt-EraseBytes-
#25264	NEW    cov: 8338 ft: 48283 corp: 1365/27Mb lim: 65536 exec/s: 394 rss: 439Mb L: 11837/65536 MS: 4 ChangeByte-InsertByte-InsertByte-ChangeByte-
#25290	REDUCE cov: 8338 ft: 48283 corp: 1365/27Mb lim: 65536 exec/s: 395 rss: 439Mb L: 3424/65536 MS: 1 EraseBytes-
#25329	REDUCE cov: 8338 ft: 48283 corp: 1365/27Mb lim: 65536 exec/s: 395 rss: 439Mb L: 34308/65536 MS: 4 ChangeASCIIInt-ChangeByte-CMP-EraseBytes- DE: "\001\000b\320\001\012=9"-
#25349	REDUCE cov: 8338 ft: 48283 corp: 1365/27Mb lim: 65536 exec/s: 396 rss: 439Mb L: 2630/65536 MS: 5 ChangeBinInt-InsertRepeatedBytes-InsertRepeatedBytes-ChangeBit-EraseBytes-
#25362	NEW    cov: 8338 ft: 48308 corp: 1366/27Mb lim: 65536 exec/s: 396 rss: 439Mb L: 54337/65536 MS: 3 ChangeBit-CMP-CopyPart- DE: "\227\330"-
#25365	REDUCE cov: 8338 ft: 48308 corp: 1366/27Mb lim: 65536 exec/s: 396 rss: 439Mb L: 23807/65536 MS: 3 ChangeBit-PersAutoDict-EraseBytes- DE: "\273\266\303\000\340b\000\000"-
#25417	NEW    cov: 8338 ft: 48334 corp: 1367/27Mb lim: 65536 exec/s: 391 rss: 439Mb L: 49854/65536 MS: 2 InsertByte-CopyPart-
#25431	REDUCE cov: 8338 ft: 48334 corp: 1367/27Mb lim: 65536 exec/s: 391 rss: 439Mb L: 22761/65536 MS: 4 InsertRepeatedBytes-EraseBytes-EraseBytes-CopyPart-
#25441	NEW    cov: 8338 ft: 48335 corp: 1368/27Mb lim: 65536 exec/s: 391 rss: 439Mb L: 29163/65536 MS: 5 ChangeBinInt-CMP-CrossOver-CopyPart-CopyPart- DE: "\327\363.\001\340b\000\000"-
#25444	NEW    cov: 8643 ft: 48652 corp: 1369/27Mb lim: 65536 exec/s: 391 rss: 439Mb L: 43355/65536 MS: 3 PersAutoDict-CrossOver-CrossOver- DE: "\377\377~\376\266g\276@"-
#25467	REDUCE cov: 8644 ft: 48653 corp: 1370/27Mb lim: 65536 exec/s: 391 rss: 439Mb L: 3592/65536 MS: 3 ChangeBit-ChangeBit-ChangeBit-
#25473	REDUCE cov: 8644 ft: 48653 corp: 1370/27Mb lim: 65536 exec/s: 391 rss: 439Mb L: 12505/65536 MS: 1 EraseBytes-
#25512	REDUCE cov: 8644 ft: 48655 corp: 1371/27Mb lim: 65536 exec/s: 392 rss: 439Mb L: 7269/65536 MS: 4 InsertRepeatedBytes-PersAutoDict-CMP-InsertByte- DE: "\000\000\177\376\266g\276<"-"\001\000b@\000Z\375I"-
#25531	NEW    cov: 8644 ft: 48658 corp: 1372/27Mb lim: 65536 exec/s: 392 rss: 439Mb L: 42651/65536 MS: 4 CMP-PersAutoDict-InsertByte-CopyPart- DE: ";\177\000\000 a\000\000"-"<ecture n"-
#25535	REDUCE cov: 8644 ft: 48658 corp: 1372/27Mb lim: 65536 exec/s: 392 rss: 439Mb L: 4407/65536 MS: 4 PersAutoDict-InsertRepeatedBytes-CrossOver-EraseBytes- DE: "\377\377\3776"-
#25576	REDUCE cov: 8644 ft: 48658 corp: 1372/27Mb lim: 65536 exec/s: 393 rss: 439Mb L: 384/65536 MS: 1 EraseBytes-
#25591	REDUCE cov: 8644 ft: 48660 corp: 1373/27Mb lim: 65536 exec/s: 393 rss: 439Mb L: 13892/65536 MS: 5 CMP-CMP-ChangeASCIIInt-ChangeBit-CopyPart- DE: "\000\000b \000\253\324O"-"\001\000\000\027"-
#25617	REDUCE cov: 8644 ft: 48660 corp: 1373/27Mb lim: 65536 exec/s: 394 rss: 439Mb L: 118/65536 MS: 1 EraseBytes-
#25654	REDUCE cov: 8644 ft: 48660 corp: 1373/27Mb lim: 65536 exec/s: 394 rss: 439Mb L: 233/65536 MS: 2 PersAutoDict-EraseBytes- DE: "\357\273\277"-
#25656	REDUCE cov: 8644 ft: 48660 corp: 1373/27Mb lim: 65536 exec/s: 394 rss: 439Mb L: 30828/65536 MS: 2 PersAutoDict-EraseBytes- DE: "J3:\001\340b\000\000"-
#25727	REDUCE cov: 8644 ft: 48660 corp: 1373/27Mb lim: 65536 exec/s: 395 rss: 439Mb L: 3264/65536 MS: 1 EraseBytes-
#25732	REDUCE cov: 8644 ft: 48660 corp: 1373/27Mb lim: 65536 exec/s: 395 rss: 439Mb L: 4841/65536 MS: 5 InsertByte-InsertRepeatedBytes-InsertByte-ShuffleBytes-EraseBytes-
#25738	REDUCE cov: 8644 ft: 48664 corp: 1374/27Mb lim: 65536 exec/s: 395 rss: 439Mb L: 28116/65536 MS: 1 EraseBytes-
#25742	REDUCE cov: 8644 ft: 48664 corp: 1374/27Mb lim: 65536 exec/s: 396 rss: 439Mb L: 10726/65536 MS: 4 PersAutoDict-CMP-CrossOver-EraseBytes- DE: "\377\037"-"\000\015"-
#25748	REDUCE cov: 8644 ft: 48664 corp: 1374/27Mb lim: 65536 exec/s: 396 rss: 439Mb L: 13245/65536 MS: 1 EraseBytes-
#25793	REDUCE cov: 8644 ft: 48664 corp: 1374/27Mb lim: 65536 exec/s: 396 rss: 439Mb L: 19142/65536 MS: 5 PersAutoDict-PersAutoDict-CrossOver-PersAutoDict-EraseBytes- DE: "\001\000a\220\000\032\015\220"-"\024\000\000\000"-"ing"-
#25817	NEW    cov: 8644 ft: 48669 corp: 1375/27Mb lim: 65536 exec/s: 397 rss: 439Mb L: 22512/65536 MS: 4 PersAutoDict-ChangeByte-ChangeByte-InsertRepeatedBytes- DE: "\001\000b\200\000.x\304"-
#25842	REDUCE cov: 8644 ft: 48669 corp: 1375/27Mb lim: 65536 exec/s: 397 rss: 439Mb L: 509/65536 MS: 5 InsertByte-PersAutoDict-ChangeByte-ChangeByte-EraseBytes- DE: "exampl.ex"-
#25848	NEW    cov: 8645 ft: 48671 corp: 1376/27Mb lim: 65536 exec/s: 397 rss: 439Mb L: 65536/65536 MS: 1 CrossOver-
#25876	REDUCE cov: 8645 ft: 48672 corp: 1377/27Mb lim: 65536 exec/s: 398 rss: 439Mb L: 63169/65536 MS: 3 CrossOver-ChangeByte-CopyPart-
#26015	NEW    cov: 8645 ft: 48690 corp: 1378/27Mb lim: 65536 exec/s: 394 rss: 439Mb L: 19343/65536 MS: 4 InsertRepeatedBytes-ChangeBit-ChangeASCIIInt-EraseBytes-
#26108	NEW    cov: 8645 ft: 48692 corp: 1379/27Mb lim: 65536 exec/s: 395 rss: 439Mb L: 21631/65536 MS: 3 PersAutoDict-ChangeBit-CrossOver- DE: "\227\330"-
#26156	REDUCE cov: 8645 ft: 48692 corp: 1379/27Mb lim: 65536 exec/s: 396 rss: 439Mb L: 14121/65536 MS: 3 ChangeBit-CopyPart-EraseBytes-
#26157	REDUCE cov: 8645 ft: 48692 corp: 1379/27Mb lim: 65536 exec/s: 396 rss: 439Mb L: 43639/65536 MS: 1 EraseBytes-
#26176	NEW    cov: 8645 ft: 48710 corp: 1380/27Mb lim: 65536 exec/s: 396 rss: 439Mb L: 55877/65536 MS: 4 ChangeASCIIInt-ShuffleBytes-CrossOver-CopyPart-
#26183	NEW    cov: 8652 ft: 48720 corp: 1381/27Mb lim: 65536 exec/s: 396 rss: 439Mb L: 32490/65536 MS: 2 ChangeBinInt-CrossOver-
#26202	REDUCE cov: 8652 ft: 48720 corp: 1381/27Mb lim: 65536 exec/s: 397 rss: 439Mb L: 33698/65536 MS: 4 InsertRepeatedBytes-ChangeBit-ChangeBinInt-EraseBytes-
#26204	NEW    cov: 8653 ft: 48721 corp: 1382/27Mb lim: 65536 exec/s: 397 rss: 439Mb L: 14289/65536 MS: 2 ShuffleBytes-InsertByte-
#26210	REDUCE cov: 8653 ft: 48721 corp: 1382/27Mb lim: 65536 exec/s: 397 rss: 439Mb L: 13737/65536 MS: 1 EraseBytes-
#26276	NEW    cov: 8653 ft: 48723 corp: 1383/27Mb lim: 65536 exec/s: 398 rss: 439Mb L: 415/65536 MS: 1 PersAutoDict- DE: "\324W\003\001\220b\000\000"-
#26280	REDUCE cov: 8653 ft: 48724 corp: 1384/27Mb lim: 65536 exec/s: 398 rss: 439Mb L: 5298/65536 MS: 4 PersAutoDict-InsertByte-ChangeBinInt-CopyPart- DE: "ftp"-
#26328	NEW    cov: 8653 ft: 48767 corp: 1385/27Mb lim: 65536 exec/s: 398 rss: 439Mb L: 14363/65536 MS: 3 InsertByte-InsertByte-CopyPart-
#26329	REDUCE cov: 8653 ft: 48767 corp: 1385/27Mb lim: 65536 exec/s: 398 rss: 439Mb L: 11331/65536 MS: 1 EraseBytes-
#26348	NEW    cov: 8653 ft: 48768 corp: 1386/27Mb lim: 65536 exec/s: 399 rss: 439Mb L: 34345/65536 MS: 4 ChangeByte-CMP-InsertByte-InsertRepeatedBytes- DE: "\001\000b\320\000EI\234"-
#26380	REDUCE cov: 8653 ft: 48770 corp: 1387/27Mb lim: 65536 exec/s: 393 rss: 439Mb L: 6364/65536 MS: 2 ChangeBinInt-EraseBytes-
#26405	REDUCE cov: 8653 ft: 48770 corp: 1387/27Mb lim: 65536 exec/s: 394 rss: 439Mb L: 1786/65536 MS: 5 InsertByte-ChangeASCIIInt-InsertByte-PersAutoDict-EraseBytes- DE: "\377\377\377\026"-
#26413	REDUCE cov: 8653 ft: 48770 corp: 1387/27Mb lim: 65536 exec/s: 394 rss: 439Mb L: 20108/65536 MS: 3 InsertRepeatedBytes-ChangeASCIIInt-EraseBytes-
#26433	REDUCE cov: 8653 ft: 48770 corp: 1387/27Mb lim: 65536 exec/s: 394 rss: 439Mb L: 19751/65536 MS: 5 ChangeBinInt-ShuffleBytes-InsertByte-InsertByte-EraseBytes-
#26440	REDUCE cov: 8653 ft: 48770 corp: 1387/27Mb lim: 65536 exec/s: 394 rss: 439Mb L: 5761/65536 MS: 2 PersAutoDict-EraseBytes- DE: "\000\000\000<"-
#26453	REDUCE cov: 8653 ft: 48770 corp: 1387/27Mb lim: 65536 exec/s: 394 rss: 439Mb L: 46560/65536 MS: 3 ChangeBinInt-ChangeASCIIInt-EraseBytes-
#26476	NEW    cov: 8653 ft: 48772 corp: 1388/27Mb lim: 65536 exec/s: 395 rss: 439Mb L: 46017/65536 MS: 3 InsertByte-CrossOver-CrossOver-
#26519	NEW    cov: 8653 ft: 48799 corp: 1389/27Mb lim: 65536 exec/s: 395 rss: 439Mb L: 34685/65536 MS: 3 ChangeASCIIInt-ChangeBit-CopyPart-
#26619	REDUCE cov: 8653 ft: 48800 corp: 1390/27Mb lim: 65536 exec/s: 397 rss: 439Mb L: 51322/65536 MS: 5 CopyPart-ChangeByte-InsertByte-ChangeBinInt-CopyPart-
#26624	NEW    cov: 8653 ft: 48802 corp: 1391/28Mb lim: 65536 exec/s: 397 rss: 439Mb L: 48486/65536 MS: 5 ChangeBit-InsertByte-ChangeASCIIInt-ChangeBinInt-EraseBytes-
#26626	REDUCE cov: 8653 ft: 48802 corp: 1391/28Mb lim: 65536 exec/s: 397 rss: 439Mb L: 17182/65536 MS: 2 ChangeBinInt-EraseBytes-
#26628	NEW    cov: 8653 ft: 48809 corp: 1392/28Mb lim: 65536 exec/s: 397 rss: 439Mb L: 17301/65536 MS: 2 ChangeBit-CopyPart-
#26651	REDUCE cov: 8653 ft: 48809 corp: 1392/28Mb lim: 65536 exec/s: 397 rss: 439Mb L: 533/65536 MS: 3 CopyPart-CopyPart-EraseBytes-
#26667	REDUCE cov: 8653 ft: 48809 corp: 1392/28Mb lim: 65536 exec/s: 398 rss: 439Mb L: 15037/65536 MS: 1 EraseBytes-
#26704	REDUCE cov: 8653 ft: 48809 corp: 1392/28Mb lim: 65536 exec/s: 398 rss: 439Mb L: 327/65536 MS: 2 PersAutoDict-EraseBytes- DE: "\000."-
#26730	REDUCE cov: 8653 ft: 48809 corp: 1392/28Mb lim: 65536 exec/s: 398 rss: 439Mb L: 42780/65536 MS: 1 EraseBytes-
#26735	REDUCE cov: 8653 ft: 48809 corp: 1392/27Mb lim: 65536 exec/s: 399 rss: 439Mb L: 38585/65536 MS: 5 ShuffleBytes-InsertRepeatedBytes-InsertRepeatedBytes-ShuffleBytes-EraseBytes-
#26741	NEW    cov: 8653 ft: 48810 corp: 1393/28Mb lim: 65536 exec/s: 399 rss: 439Mb L: 3597/65536 MS: 1 InsertRepeatedBytes-
#26743	REDUCE cov: 8653 ft: 48811 corp: 1394/28Mb lim: 65536 exec/s: 399 rss: 439Mb L: 42788/65536 MS: 2 PersAutoDict-PersAutoDict- DE: "\001\000c\000\000\271\346~"-"ext"-
#26784	REDUCE cov: 8653 ft: 48811 corp: 1394/28Mb lim: 65536 exec/s: 399 rss: 439Mb L: 5673/65536 MS: 1 EraseBytes-
#26808	REDUCE cov: 8653 ft: 48811 corp: 1394/28Mb lim: 65536 exec/s: 400 rss: 439Mb L: 32508/65536 MS: 4 InsertByte-ChangeByte-InsertRepeatedBytes-EraseBytes-
#26822	REDUCE cov: 8653 ft: 48811 corp: 1394/28Mb lim: 65536 exec/s: 400 rss: 439Mb L: 8530/65536 MS: 4 PersAutoDict-ChangeASCIIInt-ChangeBinInt-EraseBytes- DE: "\377\377a\340\000\311\271O"-
#26836	REDUCE cov: 8653 ft: 48811 corp: 1394/28Mb lim: 65536 exec/s: 394 rss: 439Mb L: 18854/65536 MS: 4 PersAutoDict-ChangeBinInt-InsertByte-EraseBytes- DE: "\377\377u\257"-
#26863	REDUCE cov: 8653 ft: 48811 corp: 1394/28Mb lim: 65536 exec/s: 395 rss: 439Mb L: 42928/65536 MS: 2 InsertRepeatedBytes-CrossOver-
#26864	NEW    cov: 8653 ft: 48815 corp: 1395/28Mb lim: 65536 exec/s: 395 rss: 439Mb L: 51958/65536 MS: 1 CopyPart-
#26892	NEW    cov: 8653 ft: 48821 corp: 1396/28Mb lim: 65536 exec/s: 395 rss: 439Mb L: 51113/65536 MS: 3 InsertRepeatedBytes-ChangeBinInt-CopyPart-
#27012	REDUCE cov: 8653 ft: 48821 corp: 1396/28Mb lim: 65536 exec/s: 397 rss: 439Mb L: 47320/65536 MS: 5 InsertRepeatedBytes-ChangeASCIIInt-CrossOver-ChangeASCIIInt-EraseBytes-
#27054	REDUCE cov: 8653 ft: 48821 corp: 1396/28Mb lim: 65536 exec/s: 397 rss: 439Mb L: 3478/65536 MS: 2 PersAutoDict-EraseBytes- DE: " \245"-
#27117	REDUCE cov: 8653 ft: 48821 corp: 1396/28Mb lim: 65536 exec/s: 398 rss: 439Mb L: 24133/65536 MS: 3 ChangeASCIIInt-CMP-CrossOver- DE: "M\276g\266\376\177\000\000"-
#27128	REDUCE cov: 8653 ft: 48821 corp: 1396/28Mb lim: 65536 exec/s: 398 rss: 439Mb L: 5486/65536 MS: 1 EraseBytes-
#27167	NEW    cov: 8653 ft: 48826 corp: 1397/28Mb lim: 65536 exec/s: 399 rss: 440Mb L: 43069/65536 MS: 4 ShuffleBytes-CrossOver-InsertByte-PersAutoDict- DE: "\000\003"-
#27204	NEW    cov: 8653 ft: 48857 corp: 1398/28Mb lim: 65536 exec/s: 400 rss: 440Mb L: 51958/65536 MS: 2 ChangeASCIIInt-CopyPart-
#27205	REDUCE cov: 8653 ft: 48857 corp: 1398/28Mb lim: 65536 exec/s: 400 rss: 440Mb L: 57129/65536 MS: 1 EraseBytes-
#27210	REDUCE cov: 8653 ft: 48857 corp: 1398/28Mb lim: 65536 exec/s: 400 rss: 440Mb L: 1520/65536 MS: 5 ChangeASCIIInt-ShuffleBytes-InsertRepeatedBytes-CMP-EraseBytes- DE: "&\011U\000\320a\000\000"-
#27212	NEW    cov: 8653 ft: 48858 corp: 1399/28Mb lim: 65536 exec/s: 400 rss: 440Mb L: 10980/65536 MS: 2 PersAutoDict-CopyPart- DE: "\247\233\036\000\260b\000\000"-
#27233	REDUCE cov: 8653 ft: 48858 corp: 1399/28Mb lim: 65536 exec/s: 400 rss: 440Mb L: 40387/65536 MS: 1 EraseBytes-
#27248	REDUCE cov: 8653 ft: 48859 corp: 1400/28Mb lim: 65536 exec/s: 400 rss: 440Mb L: 1984/65536 MS: 5 ChangeASCIIInt-ChangeASCIIInt-CMP-PersAutoDict-CopyPart- DE: "\216\015\007\000\240a\000\000"-"\377\000"-
#27260	REDUCE cov: 8653 ft: 48859 corp: 1400/28Mb lim: 65536 exec/s: 400 rss: 440Mb L: 24191/65536 MS: 2 ChangeASCIIInt-EraseBytes-
#27306	REDUCE cov: 8653 ft: 48859 corp: 1400/28Mb lim: 65536 exec/s: 401 rss: 440Mb L: 34959/65536 MS: 1 EraseBytes-
#27316	REDUCE cov: 8653 ft: 48859 corp: 1400/28Mb lim: 65536 exec/s: 401 rss: 440Mb L: 30575/65536 MS: 5 ChangeByte-ChangeBit-ChangeASCIIInt-PersAutoDict-EraseBytes- DE: "<nd doubl"-
#27328	REDUCE cov: 8653 ft: 48859 corp: 1400/28Mb lim: 65536 exec/s: 401 rss: 440Mb L: 47612/65536 MS: 2 ChangeBinInt-EraseBytes-
#27331	NEW    cov: 8654 ft: 48865 corp: 1401/28Mb lim: 65536 exec/s: 401 rss: 440Mb L: 25765/65536 MS: 3 PersAutoDict-ShuffleBytes-CrossOver- DE: "\333\\"-
#27362	REDUCE cov: 8654 ft: 48865 corp: 1401/28Mb lim: 65536 exec/s: 396 rss: 440Mb L: 590/65536 MS: 1 EraseBytes-
#27386	NEW    cov: 8654 ft: 48866 corp: 1402/28Mb lim: 65536 exec/s: 396 rss: 440Mb L: 41314/65536 MS: 4 CrossOver-ChangeASCIIInt-PersAutoDict-InsertRepeatedBytes- DE: "\377\377\377\001"-
#27389	REDUCE cov: 8654 ft: 48866 corp: 1402/28Mb lim: 65536 exec/s: 396 rss: 440Mb L: 21920/65536 MS: 3 CrossOver-CMP-EraseBytes- DE: "&Darr;"-
#27399	REDUCE cov: 8654 ft: 48866 corp: 1402/28Mb lim: 65536 exec/s: 397 rss: 440Mb L: 64457/65536 MS: 5 CMP-PersAutoDict-ChangeBit-InsertByte-EraseBytes- DE: "\000\000\000\002"-"\001J"-
#27486	NEW    cov: 8654 ft: 48870 corp: 1403/28Mb lim: 65536 exec/s: 398 rss: 440Mb L: 15848/65536 MS: 2 ShuffleBytes-CrossOver-
#27489	REDUCE cov: 8654 ft: 48871 corp: 1404/28Mb lim: 65536 exec/s: 398 rss: 440Mb L: 5071/65536 MS: 3 InsertRepeatedBytes-CrossOver-CopyPart-
#27499	REDUCE cov: 8654 ft: 48871 corp: 1404/28Mb lim: 65536 exec/s: 398 rss: 440Mb L: 57367/65536 MS: 5 PersAutoDict-ChangeByte-ChangeBit-ChangeASCIIInt-EraseBytes- DE: "\247P"-
#27516	REDUCE cov: 8654 ft: 48871 corp: 1404/28Mb lim: 65536 exec/s: 398 rss: 440Mb L: 9465/65536 MS: 2 ChangeBinInt-EraseBytes-
#27541	REDUCE cov: 8654 ft: 48877 corp: 1405/28Mb lim: 65536 exec/s: 399 rss: 440Mb L: 49111/65536 MS: 5 ChangeByte-ChangeBinInt-InsertRepeatedBytes-CMP-CopyPart- DE: "@\230"-
#27549	NEW    cov: 8688 ft: 48911 corp: 1406/28Mb lim: 65536 exec/s: 399 rss: 440Mb L: 491/65536 MS: 3 CopyPart-CMP-CopyPart- DE: "\337\001\000\000"-
#27556	REDUCE cov: 8688 ft: 48911 corp: 1406/28Mb lim: 65536 exec/s: 399 rss: 440Mb L: 35656/65536 MS: 2 ChangeBit-EraseBytes-
#27558	NEW    cov: 8689 ft: 48912 corp: 1407/28Mb lim: 65536 exec/s: 399 rss: 440Mb L: 56728/65536 MS: 2 ChangeBinInt-CrossOver-
#27570	REDUCE cov: 8689 ft: 48912 corp: 1407/28Mb lim: 65536 exec/s: 399 rss: 440Mb L: 918/65536 MS: 2 InsertByte-EraseBytes-
#27582	REDUCE cov: 8689 ft: 48912 corp: 1407/28Mb lim: 65536 exec/s: 399 rss: 440Mb L: 14540/65536 MS: 2 ChangeByte-EraseBytes-
#27662	NEW    cov: 8689 ft: 48915 corp: 1408/28Mb lim: 65536 exec/s: 400 rss: 440Mb L: 36301/65536 MS: 5 InsertRepeatedBytes-PersAutoDict-ShuffleBytes-CrossOver-CopyPart- DE: ";\012\000\000"-
#27667	NEW    cov: 8689 ft: 48925 corp: 1409/28Mb lim: 65536 exec/s: 400 rss: 440Mb L: 35527/65536 MS: 5 InsertRepeatedBytes-CMP-InsertRepeatedBytes-CopyPart-CrossOver- DE: "9\252"-
#27668	REDUCE cov: 8689 ft: 48925 corp: 1409/28Mb lim: 65536 exec/s: 400 rss: 440Mb L: 9722/65536 MS: 1 EraseBytes-
#27669	REDUCE cov: 8689 ft: 48925 corp: 1409/28Mb lim: 65536 exec/s: 401 rss: 440Mb L: 28999/65536 MS: 1 EraseBytes-
#27671	NEW    cov: 8689 ft: 48953 corp: 1410/28Mb lim: 65536 exec/s: 401 rss: 440Mb L: 61873/65536 MS: 2 CMP-CopyPart- DE: "\003\000\000\000"-
#27674	NEW    cov: 8689 ft: 48955 corp: 1411/28Mb lim: 65536 exec/s: 401 rss: 440Mb L: 4499/65536 MS: 3 ChangeASCIIInt-ChangeBinInt-EraseBytes-
#27684	REDUCE cov: 8689 ft: 48955 corp: 1411/28Mb lim: 65536 exec/s: 401 rss: 440Mb L: 13796/65536 MS: 5 ShuffleBytes-ChangeASCIIInt-PersAutoDict-InsertRepeatedBytes-EraseBytes- DE: "\014\000\000\000"-
#27710	NEW    cov: 8689 ft: 48961 corp: 1412/28Mb lim: 65536 exec/s: 401 rss: 440Mb L: 42118/65536 MS: 1 CopyPart-
#27729	NEW    cov: 8689 ft: 48964 corp: 1413/28Mb lim: 65536 exec/s: 401 rss: 440Mb L: 38160/65536 MS: 4 ChangeByte-PersAutoDict-CrossOver-CopyPart- DE: "\015\000\000\000"-
#27760	NEW    cov: 8689 ft: 48965 corp: 1414/28Mb lim: 65536 exec/s: 396 rss: 440Mb L: 28454/65536 MS: 1 CopyPart-
#27795	REDUCE cov: 8690 ft: 48966 corp: 1415/28Mb lim: 65536 exec/s: 397 rss: 440Mb L: 29626/65536 MS: 5 ShuffleBytes-ChangeByte-ChangeASCIIInt-ChangeByte-CrossOver-
#27799	REDUCE cov: 8690 ft: 48966 corp: 1415/28Mb lim: 65536 exec/s: 397 rss: 440Mb L: 11449/65536 MS: 4 ChangeByte-ChangeBinInt-CMP-EraseBytes- DE: "ock"-
#27835	REDUCE cov: 8690 ft: 48966 corp: 1415/28Mb lim: 65536 exec/s: 397 rss: 440Mb L: 18593/65536 MS: 1 EraseBytes-
#27851	REDUCE cov: 8690 ft: 48966 corp: 1415/28Mb lim: 65536 exec/s: 397 rss: 440Mb L: 610/65536 MS: 1 EraseBytes-
#27860	REDUCE cov: 8690 ft: 48966 corp: 1415/28Mb lim: 65536 exec/s: 398 rss: 440Mb L: 27737/65536 MS: 4 PersAutoDict-ChangeByte-PersAutoDict-EraseBytes- DE: "\007\000"-"\001\000\000/"-
#27885	REDUCE cov: 8690 ft: 48966 corp: 1415/28Mb lim: 65536 exec/s: 398 rss: 440Mb L: 957/65536 MS: 5 InsertRepeatedBytes-ChangeByte-InsertRepeatedBytes-ChangeASCIIInt-EraseBytes-
#27905	REDUCE cov: 8690 ft: 48966 corp: 1415/28Mb lim: 65536 exec/s: 398 rss: 440Mb L: 15433/65536 MS: 5 ChangeASCIIInt-PersAutoDict-ShuffleBytes-ChangeBinInt-EraseBytes- DE: "\011\000\000\000"-
#27987	REDUCE cov: 8690 ft: 48966 corp: 1415/28Mb lim: 65536 exec/s: 399 rss: 440Mb L: 2849/65536 MS: 2 ChangeBit-EraseBytes-
#28021	REDUCE cov: 8690 ft: 48966 corp: 1415/28Mb lim: 65536 exec/s: 400 rss: 440Mb L: 57731/65536 MS: 4 CMP-InsertByte-InsertRepeatedBytes-EraseBytes- DE: "\377\377a\320\0010R\037"-
#28051	NEW    cov: 8691 ft: 48967 corp: 1416/28Mb lim: 65536 exec/s: 400 rss: 440Mb L: 12501/65536 MS: 5 CopyPart-ChangeASCIIInt-CMP-ShuffleBytes-PersAutoDict- DE: "\001\000bp\000g\001\273"-"\000\000b`\000\013\015\032"-
#28058	REDUCE cov: 8691 ft: 48967 corp: 1416/28Mb lim: 65536 exec/s: 400 rss: 440Mb L: 6378/65536 MS: 2 EraseBytes-EraseBytes-
#28073	REDUCE cov: 8691 ft: 48967 corp: 1416/28Mb lim: 65536 exec/s: 401 rss: 440Mb L: 119/65536 MS: 5 CMP-PersAutoDict-CrossOver-CMP-EraseBytes- DE: "\010\276g\266\376\177\000\000"-"\000\001"-"\001\000"-
#28087	REDUCE cov: 8691 ft: 48967 corp: 1416/28Mb lim: 65536 exec/s: 401 rss: 440Mb L: 7141/65536 MS: 4 InsertRepeatedBytes-PersAutoDict-CMP-EraseBytes- DE: "lock]"-"&range"-
#28104	REDUCE cov: 8691 ft: 48967 corp: 1416/28Mb lim: 65536 exec/s: 401 rss: 440Mb L: 16944/65536 MS: 2 InsertByte-EraseBytes-
#28131	REDUCE cov: 8691 ft: 48973 corp: 1417/28Mb lim: 65536 exec/s: 401 rss: 440Mb L: 25920/65536 MS: 2 EraseBytes-CopyPart-
#28145	REDUCE cov: 8691 ft: 48973 corp: 1417/28Mb lim: 65536 exec/s: 402 rss: 440Mb L: 653/65536 MS: 4 ChangeByte-ChangeASCIIInt-ChangeByte-EraseBytes-
#28149	REDUCE cov: 8691 ft: 48973 corp: 1417/28Mb lim: 65536 exec/s: 402 rss: 440Mb L: 57619/65536 MS: 4 InsertRepeatedBytes-InsertRepeatedBytes-ShuffleBytes-EraseBytes-
#28189	REDUCE cov: 8691 ft: 48973 corp: 1417/28Mb lim: 65536 exec/s: 397 rss: 440Mb L: 31268/65536 MS: 5 ChangeASCIIInt-ChangeASCIIInt-InsertByte-ChangeBinInt-EraseBytes-
#28198	NEW    cov: 8691 ft: 48980 corp: 1418/28Mb lim: 65536 exec/s: 397 rss: 440Mb L: 18121/65536 MS: 4 CrossOver-ShuffleBytes-ChangeBit-CopyPart-
#28201	NEW    cov: 8691 ft: 48982 corp: 1419/28Mb lim: 65536 exec/s: 397 rss: 440Mb L: 65227/65536 MS: 3 ChangeASCIIInt-InsertByte-CopyPart-
#28236	REDUCE cov: 8691 ft: 48982 corp: 1419/28Mb lim: 65536 exec/s: 397 rss: 440Mb L: 23069/65536 MS: 5 InsertByte-InsertRepeatedBytes-InsertRepeatedBytes-ChangeASCIIInt-EraseBytes-
#28238	REDUCE cov: 8691 ft: 48982 corp: 1419/28Mb lim: 65536 exec/s: 397 rss: 440Mb L: 31338/65536 MS: 2 ChangeByte-EraseBytes-
#28280	REDUCE cov: 8691 ft: 48982 corp: 1419/28Mb lim: 65536 exec/s: 398 rss: 440Mb L: 9245/65536 MS: 2 ChangeASCIIInt-EraseBytes-
#28287	REDUCE cov: 8691 ft: 48982 corp: 1419/28Mb lim: 65536 exec/s: 398 rss: 440Mb L: 24515/65536 MS: 2 ChangeASCIIInt-EraseBytes-
#28314	REDUCE cov: 8691 ft: 48982 corp: 1419/28Mb lim: 65536 exec/s: 398 rss: 440Mb L: 44887/65536 MS: 2 ShuffleBytes-EraseBytes-
#28333	REDUCE cov: 8691 ft: 48982 corp: 1419/28Mb lim: 65536 exec/s: 399 rss: 440Mb L: 10434/65536 MS: 4 CMP-PersAutoDict-ChangeASCIIInt-EraseBytes- DE: "&Cacute;"-";\012\000\000"-
#28368	NEW    cov: 8693 ft: 48985 corp: 1420/28Mb lim: 65536 exec/s: 399 rss: 440Mb L: 65514/65536 MS: 5 CMP-ChangeBinInt-ShuffleBytes-CrossOver-PersAutoDict- DE: "\357\273\277"-"&\011U\000\320a\000\000"-
#28375	REDUCE cov: 8693 ft: 48985 corp: 1420/28Mb lim: 65536 exec/s: 399 rss: 440Mb L: 1934/65536 MS: 2 ShuffleBytes-EraseBytes-
#28382	REDUCE cov: 8693 ft: 48985 corp: 1420/28Mb lim: 65536 exec/s: 399 rss: 440Mb L: 12099/65536 MS: 2 CMP-EraseBytes- DE: "\312\011\001\000@a\000\000"-
#28423	REDUCE cov: 8693 ft: 48985 corp: 1420/28Mb lim: 65536 exec/s: 400 rss: 440Mb L: 557/65536 MS: 1 EraseBytes-
#28455	REDUCE cov: 8693 ft: 48985 corp: 1420/28Mb lim: 65536 exec/s: 400 rss: 440Mb L: 13232/65536 MS: 2 ChangeByte-EraseBytes-
#28499	NEW    cov: 8693 ft: 48986 corp: 1421/28Mb lim: 65536 exec/s: 401 rss: 440Mb L: 2713/65536 MS: 4 ChangeByte-InsertByte-ChangeASCIIInt-CrossOver-
#28540	REDUCE cov: 8693 ft: 48986 corp: 1421/28Mb lim: 65536 exec/s: 401 rss: 440Mb L: 32083/65536 MS: 1 EraseBytes-
#28550	NEW    cov: 8693 ft: 48987 corp: 1422/28Mb lim: 65536 exec/s: 402 rss: 440Mb L: 59621/65536 MS: 5 PersAutoDict-CopyPart-InsertRepeatedBytes-CopyPart-CrossOver- DE: "\377\377a\320\000\243\032["-
#28572	REDUCE cov: 8693 ft: 48991 corp: 1423/28Mb lim: 65536 exec/s: 396 rss: 440Mb L: 23042/65536 MS: 2 PersAutoDict-CrossOver- DE: "\001\000b\320\001\012=9"-
#28606	REDUCE cov: 8693 ft: 48991 corp: 1423/28Mb lim: 65536 exec/s: 397 rss: 440Mb L: 8301/65536 MS: 4 ChangeByte-PersAutoDict-ShuffleBytes-EraseBytes- DE: "&gt;"-
#28623	REDUCE cov: 8693 ft: 48991 corp: 1423/28Mb lim: 65536 exec/s: 397 rss: 440Mb L: 55275/65536 MS: 2 CMP-EraseBytes- DE: "\000\000b`\000\037\250~"-
#28647	REDUCE cov: 8693 ft: 48991 corp: 1423/28Mb lim: 65536 exec/s: 397 rss: 440Mb L: 40994/65536 MS: 4 ShuffleBytes-ChangeBinInt-ChangeBit-EraseBytes-
#28689	REDUCE cov: 8693 ft: 48991 corp: 1423/28Mb lim: 65536 exec/s: 398 rss: 440Mb L: 42643/65536 MS: 2 PersAutoDict-EraseBytes- DE: "\000\012"-
#28702	REDUCE cov: 8693 ft: 48991 corp: 1423/28Mb lim: 65536 exec/s: 398 rss: 440Mb L: 3156/65536 MS: 3 CMP-ChangeByte-EraseBytes- DE: "\275\343Y\000\340b\000\000"-
#28805	NEW    cov: 8693 ft: 49008 corp: 1424/28Mb lim: 65536 exec/s: 400 rss: 440Mb L: 11954/65536 MS: 3 CopyPart-ChangeBit-CopyPart-
#28806	REDUCE cov: 8693 ft: 49008 corp: 1424/28Mb lim: 65536 exec/s: 400 rss: 440Mb L: 10192/65536 MS: 1 EraseBytes-
#28833	NEW    cov: 8693 ft: 49009 corp: 1425/28Mb lim: 65536 exec/s: 400 rss: 440Mb L: 24085/65536 MS: 2 ChangeBit-PersAutoDict- DE: "\006\000"-
#28841	NEW    cov: 8693 ft: 49016 corp: 1426/28Mb lim: 65536 exec/s: 400 rss: 440Mb L: 48537/65536 MS: 3 ChangeASCIIInt-InsertRepeatedBytes-CopyPart-
#28862	NEW    cov: 8693 ft: 49020 corp: 1427/28Mb lim: 65536 exec/s: 400 rss: 440Mb L: 8719/65536 MS: 1 InsertRepeatedBytes-
#28868	NEW    cov: 8697 ft: 49095 corp: 1428/28Mb lim: 65536 exec/s: 400 rss: 440Mb L: 54206/65536 MS: 1 CrossOver-
#28886	REDUCE cov: 8697 ft: 49095 corp: 1428/28Mb lim: 65536 exec/s: 401 rss: 440Mb L: 14107/65536 MS: 3 PersAutoDict-ChangeASCIIInt-EraseBytes- DE: "\000."-
#28901	REDUCE cov: 8697 ft: 49096 corp: 1429/28Mb lim: 65536 exec/s: 401 rss: 440Mb L: 828/65536 MS: 5 ChangeBit-InsertRepeatedBytes-InsertRepeatedBytes-ShuffleBytes-EraseBytes-
#28911	NEW    cov: 8697 ft: 49097 corp: 1430/28Mb lim: 65536 exec/s: 401 rss: 440Mb L: 31333/65536 MS: 5 CopyPart-ShuffleBytes-EraseBytes-InsertRepeatedBytes-EraseBytes-
#28930	NEW    cov: 8697 ft: 49112 corp: 1431/28Mb lim: 65536 exec/s: 401 rss: 440Mb L: 55213/65536 MS: 4 ChangeBit-CrossOver-InsertRepeatedBytes-CMP- DE: "\000\000b\360\000F\333\235"-
#28939	NEW    cov: 8697 ft: 49118 corp: 1432/28Mb lim: 65536 exec/s: 401 rss: 440Mb L: 53846/65536 MS: 4 CrossOver-PersAutoDict-PersAutoDict-CopyPart- DE: "\221\232\215\214"-"!\000\000\000"-
#28945	REDUCE cov: 8697 ft: 49118 corp: 1432/28Mb lim: 65536 exec/s: 402 rss: 440Mb L: 18447/65536 MS: 1 EraseBytes-
#28956	REDUCE cov: 8697 ft: 49118 corp: 1432/28Mb lim: 65536 exec/s: 402 rss: 440Mb L: 5934/65536 MS: 1 EraseBytes-
#29001	NEW    cov: 8697 ft: 49119 corp: 1433/28Mb lim: 65536 exec/s: 402 rss: 440Mb L: 35485/65536 MS: 5 ShuffleBytes-ShuffleBytes-InsertByte-CrossOver-ChangeBinInt-
#29020	REDUCE cov: 8697 ft: 49119 corp: 1433/28Mb lim: 65536 exec/s: 403 rss: 440Mb L: 37050/65536 MS: 4 CopyPart-InsertByte-CopyPart-EraseBytes-
#29025	REDUCE cov: 8698 ft: 49120 corp: 1434/28Mb lim: 65536 exec/s: 403 rss: 440Mb L: 79/65536 MS: 5 ChangeBit-ChangeBit-CrossOver-EraseBytes-PersAutoDict- DE: "\241\0361\000`b\000\000"-
#29031	REDUCE cov: 8698 ft: 49120 corp: 1434/28Mb lim: 65536 exec/s: 397 rss: 440Mb L: 5114/65536 MS: 1 EraseBytes-
#29032	REDUCE cov: 8698 ft: 49120 corp: 1434/28Mb lim: 65536 exec/s: 397 rss: 440Mb L: 30/65536 MS: 1 EraseBytes-
#29040	NEW    cov: 8698 ft: 49121 corp: 1435/29Mb lim: 65536 exec/s: 397 rss: 440Mb L: 64016/65536 MS: 3 ShuffleBytes-PersAutoDict-CopyPart- DE: "\001\000bP\001\241S\252"-
#29089	NEW    cov: 8698 ft: 49125 corp: 1436/29Mb lim: 65536 exec/s: 398 rss: 440Mb L: 6744/65536 MS: 4 CrossOver-ChangeByte-ShuffleBytes-CrossOver-
#29090	NEW    cov: 8698 ft: 49146 corp: 1437/29Mb lim: 65536 exec/s: 398 rss: 440Mb L: 60928/65536 MS: 1 CopyPart-
#29116	REDUCE cov: 8698 ft: 49146 corp: 1437/29Mb lim: 65536 exec/s: 398 rss: 440Mb L: 2745/65536 MS: 1 EraseBytes-
#29117	REDUCE cov: 8698 ft: 49146 corp: 1437/29Mb lim: 65536 exec/s: 398 rss: 440Mb L: 33115/65536 MS: 1 EraseBytes-
#29134	REDUCE cov: 8698 ft: 49146 corp: 1437/29Mb lim: 65536 exec/s: 399 rss: 440Mb L: 23492/65536 MS: 2 CrossOver-EraseBytes-
#29143	NEW    cov: 8698 ft: 49161 corp: 1438/29Mb lim: 65536 exec/s: 399 rss: 440Mb L: 13495/65536 MS: 4 CrossOver-ChangeBinInt-ChangeASCIIInt-CrossOver-
#29154	REDUCE cov: 8698 ft: 49161 corp: 1438/29Mb lim: 65536 exec/s: 399 rss: 440Mb L: 1575/65536 MS: 1 EraseBytes-
#29172	REDUCE cov: 8698 ft: 49161 corp: 1438/29Mb lim: 65536 exec/s: 399 rss: 440Mb L: 15890/65536 MS: 3 InsertRepeatedBytes-ChangeBinInt-EraseBytes-
#29193	REDUCE cov: 8698 ft: 49161 corp: 1438/29Mb lim: 65536 exec/s: 399 rss: 440Mb L: 2493/65536 MS: 1 EraseBytes-
#29196	NEW    cov: 8698 ft: 49162 corp: 1439/29Mb lim: 65536 exec/s: 399 rss: 440Mb L: 28588/65536 MS: 3 InsertRepeatedBytes-PersAutoDict-CrossOver- DE: "\024\000\000\000"-
#29212	REDUCE cov: 8698 ft: 49162 corp: 1439/29Mb lim: 65536 exec/s: 400 rss: 440Mb L: 3980/65536 MS: 1 EraseBytes-
#29226	REDUCE cov: 8698 ft: 49162 corp: 1439/29Mb lim: 65536 exec/s: 400 rss: 440Mb L: 62170/65536 MS: 4 CMP-InsertByte-ShuffleBytes-EraseBytes- DE: "\004\000\000\000\000\000\000\000"-
#29238	REDUCE cov: 8698 ft: 49162 corp: 1439/29Mb lim: 65536 exec/s: 400 rss: 440Mb L: 9897/65536 MS: 2 PersAutoDict-EraseBytes- DE: "t\375y\000\300b\000\000"-
#29248	REDUCE cov: 8698 ft: 49162 corp: 1439/29Mb lim: 65536 exec/s: 400 rss: 440Mb L: 4369/65536 MS: 5 CrossOver-ChangeBit-EraseBytes-InsertByte-EraseBytes-
#29279	REDUCE cov: 8698 ft: 49191 corp: 1440/29Mb lim: 65536 exec/s: 401 rss: 440Mb L: 23807/65536 MS: 1 CopyPart-
#29335	REDUCE cov: 8698 ft: 49191 corp: 1440/29Mb lim: 65536 exec/s: 401 rss: 440Mb L: 7280/65536 MS: 1 EraseBytes-
#29347	REDUCE cov: 8698 ft: 49192 corp: 1441/29Mb lim: 65536 exec/s: 402 rss: 440Mb L: 9817/65536 MS: 2 ChangeASCIIInt-CopyPart-
#29424	REDUCE cov: 8698 ft: 49192 corp: 1441/29Mb lim: 65536 exec/s: 403 rss: 440Mb L: 683/65536 MS: 2 PersAutoDict-EraseBytes- DE: "\000\001"-
#29454	NEW    cov: 8698 ft: 49196 corp: 1442/29Mb lim: 65536 exec/s: 403 rss: 440Mb L: 53104/65536 MS: 5 PersAutoDict-PersAutoDict-EraseBytes-ChangeASCIIInt-CopyPart- DE: "</+`, `_`"-"nes"-
#29455	REDUCE cov: 8698 ft: 49211 corp: 1443/29Mb lim: 65536 exec/s: 403 rss: 440Mb L: 24515/65536 MS: 1 ShuffleBytes-
#29463	REDUCE cov: 8698 ft: 49211 corp: 1443/29Mb lim: 65536 exec/s: 403 rss: 440Mb L: 22790/65536 MS: 3 ShuffleBytes-ShuffleBytes-EraseBytes-
#29475	REDUCE cov: 8698 ft: 49211 corp: 1443/29Mb lim: 65536 exec/s: 403 rss: 440Mb L: 6995/65536 MS: 2 ChangeBinInt-EraseBytes-
#29520	NEW    cov: 8698 ft: 49249 corp: 1444/29Mb lim: 65536 exec/s: 398 rss: 440Mb L: 54547/65536 MS: 5 PersAutoDict-InsertByte-ChangeBinInt-ChangeByte-CopyPart- DE: "/\000\000\000"-
#29523	NEW    cov: 8698 ft: 49250 corp: 1445/29Mb lim: 65536 exec/s: 398 rss: 440Mb L: 17022/65536 MS: 3 ShuffleBytes-ChangeASCIIInt-EraseBytes-
#29536	NEW    cov: 8698 ft: 49254 corp: 1446/29Mb lim: 65536 exec/s: 399 rss: 440Mb L: 51725/65536 MS: 3 CMP-CMP-CrossOver- DE: "\001\000\000\000"-"\000\006"-
#29547	REDUCE cov: 8698 ft: 49254 corp: 1446/29Mb lim: 65536 exec/s: 399 rss: 440Mb L: 45545/65536 MS: 1 EraseBytes-
#29565	REDUCE cov: 8698 ft: 49254 corp: 1446/29Mb lim: 65536 exec/s: 399 rss: 440Mb L: 4939/65536 MS: 3 InsertRepeatedBytes-CopyPart-EraseBytes-
#29566	REDUCE cov: 8698 ft: 49254 corp: 1446/29Mb lim: 65536 exec/s: 399 rss: 440Mb L: 18909/65536 MS: 1 EraseBytes-
#29569	REDUCE cov: 8698 ft: 49254 corp: 1446/29Mb lim: 65536 exec/s: 399 rss: 440Mb L: 13483/65536 MS: 3 CrossOver-CopyPart-EraseBytes-
#29646	REDUCE cov: 8698 ft: 49257 corp: 1447/29Mb lim: 65536 exec/s: 400 rss: 440Mb L: 23114/65536 MS: 2 InsertRepeatedBytes-CopyPart-
#29647	NEW    cov: 8699 ft: 49258 corp: 1448/29Mb lim: 65536 exec/s: 400 rss: 440Mb L: 124/65536 MS: 1 PersAutoDict- DE: "\370\324\235\000\240b\000\000"-
#29649	REDUCE cov: 8699 ft: 49258 corp: 1448/29Mb lim: 65536 exec/s: 400 rss: 440Mb L: 443/65536 MS: 2 ChangeBinInt-EraseBytes-
#29651	REDUCE cov: 8699 ft: 49258 corp: 1448/29Mb lim: 65536 exec/s: 400 rss: 440Mb L: 18462/65536 MS: 2 CMP-EraseBytes- DE: "\357\273\277"-
#29710	REDUCE cov: 8700 ft: 49259 corp: 1449/29Mb lim: 65536 exec/s: 401 rss: 440Mb L: 17183/65536 MS: 4 ChangeByte-InsertByte-ChangeByte-PersAutoDict- DE: "\000\000b`\000\013\015\032"-
#29713	NEW    cov: 8700 ft: 49260 corp: 1450/29Mb lim: 65536 exec/s: 401 rss: 440Mb L: 39240/65536 MS: 3 ShuffleBytes-CrossOver-CopyPart-
#29745	NEW    cov: 8702 ft: 49264 corp: 1451/29Mb lim: 65536 exec/s: 401 rss: 440Mb L: 8823/65536 MS: 2 ChangeByte-InsertRepeatedBytes-
#29748	REDUCE cov: 8702 ft: 49264 corp: 1451/29Mb lim: 65536 exec/s: 402 rss: 440Mb L: 9368/65536 MS: 3 ChangeASCIIInt-CopyPart-EraseBytes-
#29765	REDUCE cov: 8702 ft: 49264 corp: 1451/29Mb lim: 65536 exec/s: 402 rss: 440Mb L: 9970/65536 MS: 2 ChangeASCIIInt-EraseBytes-
#29799	REDUCE cov: 8702 ft: 49264 corp: 1451/29Mb lim: 65536 exec/s: 402 rss: 440Mb L: 2049/65536 MS: 4 PersAutoDict-PersAutoDict-ShuffleBytes-EraseBytes- DE: "&ffilig;"-"\000\000b\240\000\210\033\332"-
#29832	REDUCE cov: 8702 ft: 49264 corp: 1451/29Mb lim: 65536 exec/s: 403 rss: 440Mb L: 49286/65536 MS: 3 ChangeASCIIInt-CrossOver-EraseBytes-
#29838	NEW    cov: 8703 ft: 49265 corp: 1452/29Mb lim: 65536 exec/s: 403 rss: 440Mb L: 7166/65536 MS: 1 ShuffleBytes-
#29860	REDUCE cov: 8703 ft: 49265 corp: 1452/29Mb lim: 65536 exec/s: 403 rss: 440Mb L: 53808/65536 MS: 2 ChangeBinInt-EraseBytes-
#29869	REDUCE cov: 8703 ft: 49265 corp: 1452/29Mb lim: 65536 exec/s: 403 rss: 440Mb L: 5479/65536 MS: 4 CopyPart-CopyPart-PersAutoDict-EraseBytes- DE: " \000"-
#29876	NEW    cov: 8703 ft: 49270 corp: 1453/29Mb lim: 65536 exec/s: 403 rss: 440Mb L: 1272/65536 MS: 2 CopyPart-InsertRepeatedBytes-
#29889	REDUCE cov: 8703 ft: 49270 corp: 1453/29Mb lim: 65536 exec/s: 403 rss: 440Mb L: 34551/65536 MS: 3 ChangeASCIIInt-ShuffleBytes-EraseBytes-
#29892	REDUCE cov: 8703 ft: 49270 corp: 1453/29Mb lim: 65536 exec/s: 403 rss: 440Mb L: 17020/65536 MS: 3 ChangeBinInt-CMP-EraseBytes- DE: "\024\000\000\000"-
#29893	REDUCE cov: 8703 ft: 49270 corp: 1453/29Mb lim: 65536 exec/s: 403 rss: 440Mb L: 14978/65536 MS: 1 EraseBytes-
#29935	REDUCE cov: 8703 ft: 49270 corp: 1453/29Mb lim: 65536 exec/s: 404 rss: 440Mb L: 4577/65536 MS: 2 ChangeBinInt-EraseBytes-
#29954	NEW    cov: 8703 ft: 49271 corp: 1454/29Mb lim: 65536 exec/s: 404 rss: 440Mb L: 6359/65536 MS: 4 InsertByte-ChangeByte-ShuffleBytes-CopyPart-
#30014	REDUCE cov: 8703 ft: 49271 corp: 1454/29Mb lim: 65536 exec/s: 400 rss: 440Mb L: 2406/65536 MS: 5 InsertRepeatedBytes-PersAutoDict-InsertByte-CMP-EraseBytes- DE: "\342\275g\266\376\177\000\000"-"&Clockwi"-
#30061	REDUCE cov: 8703 ft: 49281 corp: 1455/29Mb lim: 65536 exec/s: 400 rss: 440Mb L: 4609/65536 MS: 2 CrossOver-EraseBytes-
#30073	REDUCE cov: 8703 ft: 49281 corp: 1455/29Mb lim: 65536 exec/s: 400 rss: 440Mb L: 3794/65536 MS: 2 ShuffleBytes-EraseBytes-
#30078	REDUCE cov: 8703 ft: 49282 corp: 1456/29Mb lim: 65536 exec/s: 401 rss: 440Mb L: 35001/65536 MS: 5 CMP-ChangeBit-EraseBytes-ShuffleBytes-EraseBytes- DE: "P\257F\000\000b\000\000"-
#30112	NEW    cov: 8703 ft: 49283 corp: 1457/29Mb lim: 65536 exec/s: 401 rss: 440Mb L: 28363/65536 MS: 4 PersAutoDict-InsertRepeatedBytes-CMP-CopyPart- DE: "\330}+\000\200b\000\000"-"\001!"-
#30147	NEW    cov: 8703 ft: 49314 corp: 1458/29Mb lim: 65536 exec/s: 401 rss: 440Mb L: 18768/65536 MS: 5 ChangeBit-CopyPart-CrossOver-ChangeByte-ChangeByte-
#30161	REDUCE cov: 8703 ft: 49318 corp: 1459/29Mb lim: 65536 exec/s: 402 rss: 440Mb L: 494/65536 MS: 4 ChangeBinInt-ShuffleBytes-ShuffleBytes-InsertRepeatedBytes-
#30180	REDUCE cov: 8703 ft: 49318 corp: 1459/29Mb lim: 65536 exec/s: 402 rss: 440Mb L: 7435/65536 MS: 4 CrossOver-CMP-ChangeBit-EraseBytes- DE: "\001$"-
#30188	REDUCE cov: 8703 ft: 49318 corp: 1459/29Mb lim: 65536 exec/s: 402 rss: 440Mb L: 36284/65536 MS: 3 ChangeBinInt-ChangeBit-EraseBytes-
#30189	REDUCE cov: 8703 ft: 49318 corp: 1459/29Mb lim: 65536 exec/s: 402 rss: 440Mb L: 11686/65536 MS: 1 EraseBytes-
#30218	NEW    cov: 8704 ft: 49319 corp: 1460/29Mb lim: 65536 exec/s: 402 rss: 440Mb L: 55915/65536 MS: 4 ChangeBinInt-ChangeByte-ChangeBit-EraseBytes-
#30236	REDUCE cov: 8704 ft: 49319 corp: 1460/29Mb lim: 65536 exec/s: 403 rss: 440Mb L: 4215/65536 MS: 3 PersAutoDict-ChangeBinInt-EraseBytes- DE: "\000\000\000\002"-
#30264	REDUCE cov: 8704 ft: 49319 corp: 1460/29Mb lim: 65536 exec/s: 403 rss: 440Mb L: 11182/65536 MS: 3 PersAutoDict-ChangeBinInt-EraseBytes- DE: "\377\377\377\001"-
#30320	REDUCE cov: 8704 ft: 49319 corp: 1460/29Mb lim: 65536 exec/s: 404 rss: 440Mb L: 24358/65536 MS: 1 EraseBytes-
#30364	REDUCE cov: 8704 ft: 49319 corp: 1460/29Mb lim: 65536 exec/s: 404 rss: 440Mb L: 31922/65536 MS: 4 ChangeBinInt-InsertRepeatedBytes-ChangeByte-EraseBytes-
#30365	REDUCE cov: 8704 ft: 49319 corp: 1460/29Mb lim: 65536 exec/s: 404 rss: 440Mb L: 7082/65536 MS: 1 EraseBytes-
#30418	REDUCE cov: 8704 ft: 49319 corp: 1460/29Mb lim: 65536 exec/s: 405 rss: 440Mb L: 4377/65536 MS: 3 InsertByte-InsertRepeatedBytes-EraseBytes-
#30420	REDUCE cov: 8704 ft: 49319 corp: 1460/29Mb lim: 65536 exec/s: 405 rss: 440Mb L: 9063/65536 MS: 2 ChangeByte-EraseBytes-
#30436	NEW    cov: 8704 ft: 49336 corp: 1461/29Mb lim: 65536 exec/s: 405 rss: 440Mb L: 16399/65536 MS: 1 CrossOver-
#30453	REDUCE cov: 8704 ft: 49336 corp: 1461/29Mb lim: 65536 exec/s: 406 rss: 440Mb L: 8517/65536 MS: 2 CopyPart-EraseBytes-
#30476	NEW    cov: 8704 ft: 49349 corp: 1462/29Mb lim: 65536 exec/s: 401 rss: 440Mb L: 35477/65536 MS: 3 InsertByte-ShuffleBytes-CopyPart-
#30490	REDUCE cov: 8704 ft: 49349 corp: 1462/29Mb lim: 65536 exec/s: 401 rss: 440Mb L: 143/65536 MS: 4 ChangeByte-PersAutoDict-PersAutoDict-EraseBytes- DE: "\000\000b\300\000rp\353"-"G,B\000`b\000\000"-
#30552	REDUCE cov: 8704 ft: 49349 corp: 1462/29Mb lim: 65536 exec/s: 402 rss: 440Mb L: 1741/65536 MS: 2 InsertByte-EraseBytes-
#30583	REDUCE cov: 8704 ft: 49349 corp: 1462/29Mb lim: 65536 exec/s: 402 rss: 440Mb L: 2593/65536 MS: 1 EraseBytes-
#30589	REDUCE cov: 8704 ft: 49349 corp: 1462/29Mb lim: 65536 exec/s: 402 rss: 440Mb L: 10574/65536 MS: 1 EraseBytes-
#30597	REDUCE cov: 8704 ft: 49349 corp: 1462/29Mb lim: 65536 exec/s: 402 rss: 440Mb L: 20032/65536 MS: 3 PersAutoDict-ChangeBit-EraseBytes- DE: "\000\000a\340\000M\363_"-
#30599	REDUCE cov: 8704 ft: 49349 corp: 1462/29Mb lim: 65536 exec/s: 402 rss: 440Mb L: 10494/65536 MS: 2 ChangeBinInt-EraseBytes-
#30646	REDUCE cov: 8704 ft: 49349 corp: 1462/29Mb lim: 65536 exec/s: 403 rss: 440Mb L: 2756/65536 MS: 2 ChangeByte-EraseBytes-
#30648	REDUCE cov: 8704 ft: 49349 corp: 1462/29Mb lim: 65536 exec/s: 403 rss: 440Mb L: 11644/65536 MS: 2 CopyPart-EraseBytes-
#30672	NEW    cov: 8704 ft: 49390 corp: 1463/29Mb lim: 65536 exec/s: 403 rss: 440Mb L: 18741/65536 MS: 4 PersAutoDict-ChangeASCIIInt-InsertByte-ChangeBit- DE: "\001\000\000\000"-
#30683	REDUCE cov: 8704 ft: 49390 corp: 1463/29Mb lim: 65536 exec/s: 403 rss: 440Mb L: 36307/65536 MS: 1 EraseBytes-
#30710	REDUCE cov: 8704 ft: 49390 corp: 1463/29Mb lim: 65536 exec/s: 404 rss: 440Mb L: 7250/65536 MS: 2 ChangeByte-EraseBytes-
#30732	REDUCE cov: 8704 ft: 49393 corp: 1464/29Mb lim: 65536 exec/s: 404 rss: 440Mb L: 40993/65536 MS: 2 ShuffleBytes-CopyPart-
#30780	REDUCE cov: 8704 ft: 49393 corp: 1464/29Mb lim: 65536 exec/s: 405 rss: 440Mb L: 23320/65536 MS: 3 InsertRepeatedBytes-ChangeBit-EraseBytes-
#30821	REDUCE cov: 8704 ft: 49393 corp: 1464/29Mb lim: 65536 exec/s: 405 rss: 440Mb L: 7482/65536 MS: 1 EraseBytes-
#30850	REDUCE cov: 8704 ft: 49393 corp: 1464/29Mb lim: 65536 exec/s: 405 rss: 440Mb L: 6779/65536 MS: 4 CMP-InsertRepeatedBytes-ChangeASCIIInt-EraseBytes- DE: "\000\257"-
#30901	REDUCE cov: 8704 ft: 49393 corp: 1464/29Mb lim: 65536 exec/s: 406 rss: 440Mb L: 49980/65536 MS: 1 CrossOver-
#30916	NEW    cov: 8704 ft: 49394 corp: 1465/29Mb lim: 65536 exec/s: 401 rss: 440Mb L: 2493/65536 MS: 5 ShuffleBytes-ChangeASCIIInt-ChangeBinInt-ChangeBit-EraseBytes-
#30922	REDUCE cov: 8704 ft: 49394 corp: 1465/29Mb lim: 65536 exec/s: 401 rss: 440Mb L: 41241/65536 MS: 1 EraseBytes-
#30932	NEW    cov: 8704 ft: 49395 corp: 1466/29Mb lim: 65536 exec/s: 401 rss: 440Mb L: 52647/65536 MS: 5 InsertByte-PersAutoDict-ChangeByte-CrossOver-CrossOver- DE: "https"-
#30948	REDUCE cov: 8704 ft: 49395 corp: 1466/29Mb lim: 65536 exec/s: 401 rss: 440Mb L: 10461/65536 MS: 1 EraseBytes-
#30975	NEW    cov: 8704 ft: 49396 corp: 1467/29Mb lim: 65536 exec/s: 402 rss: 440Mb L: 15955/65536 MS: 2 ChangeByte-CrossOver-
#30977	REDUCE cov: 8704 ft: 49396 corp: 1467/29Mb lim: 65536 exec/s: 402 rss: 440Mb L: 36183/65536 MS: 2 ShuffleBytes-EraseBytes-
#31008	REDUCE cov: 8704 ft: 49396 corp: 1467/29Mb lim: 65536 exec/s: 402 rss: 440Mb L: 6569/65536 MS: 1 EraseBytes-
#31036	REDUCE cov: 8704 ft: 49396 corp: 1467/29Mb lim: 65536 exec/s: 403 rss: 440Mb L: 1130/65536 MS: 3 ChangeASCIIInt-PersAutoDict-EraseBytes- DE: "&ouml;"-
#31056	REDUCE cov: 8704 ft: 49396 corp: 1467/29Mb lim: 65536 exec/s: 403 rss: 440Mb L: 83/65536 MS: 5 ShuffleBytes-ChangeBit-ChangeBinInt-ChangeBit-EraseBytes-
#31068	REDUCE cov: 8704 ft: 49396 corp: 1467/29Mb lim: 65536 exec/s: 403 rss: 440Mb L: 3638/65536 MS: 2 ChangeBinInt-EraseBytes-
#31097	REDUCE cov: 8705 ft: 49397 corp: 1468/29Mb lim: 65536 exec/s: 403 rss: 440Mb L: 634/65536 MS: 4 InsertRepeatedBytes-ChangeBit-CopyPart-ChangeBit-
#31264	REDUCE cov: 8705 ft: 49397 corp: 1468/29Mb lim: 65536 exec/s: 406 rss: 440Mb L: 26974/65536 MS: 2 CMP-EraseBytes- DE: "4\000"-
#31285	REDUCE cov: 8705 ft: 49397 corp: 1468/29Mb lim: 65536 exec/s: 406 rss: 440Mb L: 3996/65536 MS: 1 EraseBytes-
#31296	REDUCE cov: 8705 ft: 49397 corp: 1468/29Mb lim: 65536 exec/s: 406 rss: 440Mb L: 17681/65536 MS: 1 EraseBytes-
#31392	REDUCE cov: 8706 ft: 49398 corp: 1469/29Mb lim: 65536 exec/s: 407 rss: 440Mb L: 1137/65536 MS: 1 InsertByte-
#31405	REDUCE cov: 8706 ft: 49398 corp: 1469/29Mb lim: 65536 exec/s: 407 rss: 440Mb L: 40353/65536 MS: 3 InsertByte-ChangeBit-EraseBytes-
#31440	REDUCE cov: 8706 ft: 49398 corp: 1469/29Mb lim: 65536 exec/s: 403 rss: 440Mb L: 4447/65536 MS: 5 CMP-ChangeBit-PersAutoDict-CrossOver-EraseBytes- DE: "Ls)"-"\000\000bp\0008]("-
#31447	REDUCE cov: 8706 ft: 49398 corp: 1469/29Mb lim: 65536 exec/s: 403 rss: 440Mb L: 15557/65536 MS: 2 PersAutoDict-EraseBytes- DE: "\001K"-
#31458	REDUCE cov: 8706 ft: 49398 corp: 1469/29Mb lim: 65536 exec/s: 403 rss: 440Mb L: 16264/65536 MS: 1 EraseBytes-
#31469	REDUCE cov: 8706 ft: 49398 corp: 1469/29Mb lim: 65536 exec/s: 403 rss: 440Mb L: 65351/65536 MS: 1 EraseBytes-
#31474	REDUCE cov: 8706 ft: 49400 corp: 1470/29Mb lim: 65536 exec/s: 403 rss: 440Mb L: 30659/65536 MS: 5 InsertRepeatedBytes-InsertRepeatedBytes-ChangeByte-CrossOver-ShuffleBytes-
#31475	NEW    cov: 8706 ft: 49401 corp: 1471/29Mb lim: 65536 exec/s: 403 rss: 440Mb L: 17361/65536 MS: 1 InsertRepeatedBytes-
#31499	REDUCE cov: 8706 ft: 49402 corp: 1472/29Mb lim: 65536 exec/s: 403 rss: 440Mb L: 37246/65536 MS: 4 PersAutoDict-ChangeBinInt-EraseBytes-CrossOver- DE: "\003\253"-
#31535	NEW    cov: 8717 ft: 49430 corp: 1473/29Mb lim: 65536 exec/s: 404 rss: 440Mb L: 56786/65536 MS: 1 CopyPart-
#31545	REDUCE cov: 8717 ft: 49430 corp: 1473/29Mb lim: 65536 exec/s: 404 rss: 440Mb L: 23279/65536 MS: 5 ShuffleBytes-PersAutoDict-ShuffleBytes-CopyPart-EraseBytes- DE: "\000\000\000\000\000\000\000\000"-
#31587	REDUCE cov: 8717 ft: 49430 corp: 1473/29Mb lim: 65536 exec/s: 404 rss: 440Mb L: 36508/65536 MS: 2 ShuffleBytes-EraseBytes-
#31620	REDUCE cov: 8717 ft: 49430 corp: 1473/29Mb lim: 65536 exec/s: 405 rss: 440Mb L: 1952/65536 MS: 3 ShuffleBytes-InsertRepeatedBytes-EraseBytes-
#31632	REDUCE cov: 8717 ft: 49430 corp: 1473/29Mb lim: 65536 exec/s: 405 rss: 440Mb L: 18268/65536 MS: 2 InsertByte-EraseBytes-
#31652	REDUCE cov: 8717 ft: 49430 corp: 1473/29Mb lim: 65536 exec/s: 405 rss: 440Mb L: 23763/65536 MS: 5 ShuffleBytes-InsertByte-ChangeBit-PersAutoDict-EraseBytes- DE: "\2055"-
#31716	NEW    cov: 8717 ft: 49518 corp: 1474/29Mb lim: 65536 exec/s: 406 rss: 440Mb L: 60558/65536 MS: 4 ChangeBinInt-ChangeBit-ChangeByte-CopyPart-
#31741	REDUCE cov: 8717 ft: 49518 corp: 1474/29Mb lim: 65536 exec/s: 406 rss: 440Mb L: 18838/65536 MS: 5 InsertByte-ChangeBinInt-PersAutoDict-ChangeBit-EraseBytes- DE: "\247\233\036\000\260b\000\000"-
#31760	NEW    cov: 8717 ft: 49520 corp: 1475/29Mb lim: 65536 exec/s: 407 rss: 440Mb L: 52376/65536 MS: 4 ChangeASCIIInt-InsertByte-CopyPart-CopyPart-
#31767	REDUCE cov: 8717 ft: 49520 corp: 1475/29Mb lim: 65536 exec/s: 407 rss: 440Mb L: 47900/65536 MS: 2 ShuffleBytes-EraseBytes-
#31770	REDUCE cov: 8717 ft: 49520 corp: 1475/29Mb lim: 65536 exec/s: 407 rss: 440Mb L: 18701/65536 MS: 3 ChangeBinInt-ChangeByte-EraseBytes-
#31802	REDUCE cov: 8717 ft: 49521 corp: 1476/29Mb lim: 65536 exec/s: 407 rss: 440Mb L: 18147/65536 MS: 2 CMP-CopyPart- DE: "\004\000"-
#31834	NEW    cov: 8717 ft: 49546 corp: 1477/29Mb lim: 65536 exec/s: 408 rss: 440Mb L: 62119/65536 MS: 2 CMP-CopyPart- DE: "\030;\016\000\340b\000\000"-
#31841	REDUCE cov: 8717 ft: 49546 corp: 1477/29Mb lim: 65536 exec/s: 408 rss: 440Mb L: 32691/65536 MS: 2 ShuffleBytes-EraseBytes-
#31843	REDUCE cov: 8717 ft: 49564 corp: 1478/29Mb lim: 65536 exec/s: 408 rss: 440Mb L: 44272/65536 MS: 2 ChangeBit-CopyPart-
#31895	NEW    cov: 8717 ft: 49581 corp: 1479/29Mb lim: 65536 exec/s: 403 rss: 440Mb L: 16911/65536 MS: 2 InsertByte-CopyPart-
#31896	REDUCE cov: 8717 ft: 49582 corp: 1480/29Mb lim: 65536 exec/s: 403 rss: 440Mb L: 61022/65536 MS: 1 CopyPart-
#31947	NEW    cov: 8717 ft: 49594 corp: 1481/29Mb lim: 65536 exec/s: 404 rss: 440Mb L: 60929/65536 MS: 1 InsertByte-
#32068	REDUCE cov: 8717 ft: 49594 corp: 1481/29Mb lim: 65536 exec/s: 405 rss: 441Mb L: 14691/65536 MS: 1 EraseBytes-
#32084	NEW    cov: 8717 ft: 49598 corp: 1482/29Mb lim: 65536 exec/s: 406 rss: 441Mb L: 48077/65536 MS: 1 CopyPart-
#32121	REDUCE cov: 8717 ft: 49598 corp: 1482/29Mb lim: 65536 exec/s: 406 rss: 441Mb L: 19658/65536 MS: 2 ChangeBinInt-EraseBytes-
#32130	NEW    cov: 8717 ft: 49599 corp: 1483/30Mb lim: 65536 exec/s: 406 rss: 441Mb L: 17434/65536 MS: 4 ShuffleBytes-ChangeByte-InsertRepeatedBytes-CopyPart-
#32137	REDUCE cov: 8717 ft: 49599 corp: 1483/30Mb lim: 65536 exec/s: 406 rss: 441Mb L: 701/65536 MS: 2 ChangeBinInt-EraseBytes-
#32213	REDUCE cov: 8717 ft: 49600 corp: 1484/30Mb lim: 65536 exec/s: 407 rss: 441Mb L: 2049/65536 MS: 1 CopyPart-
#32225	REDUCE cov: 8717 ft: 49600 corp: 1484/30Mb lim: 65536 exec/s: 407 rss: 441Mb L: 27129/65536 MS: 2 CopyPart-EraseBytes-
#32238	REDUCE cov: 8717 ft: 49601 corp: 1485/30Mb lim: 65536 exec/s: 408 rss: 441Mb L: 189/65536 MS: 3 EraseBytes-ChangeBit-ChangeBit-
#32264	NEW    cov: 8717 ft: 49602 corp: 1486/30Mb lim: 65536 exec/s: 408 rss: 441Mb L: 64568/65536 MS: 1 CopyPart-
#32306	REDUCE cov: 8717 ft: 49603 corp: 1487/30Mb lim: 65536 exec/s: 403 rss: 441Mb L: 29711/65536 MS: 2 CopyPart-ChangeBinInt-
#32307	REDUCE cov: 8735 ft: 49644 corp: 1488/30Mb lim: 65536 exec/s: 403 rss: 441Mb L: 8577/65536 MS: 1 CMP- DE: "t\007"-
#32309	REDUCE cov: 8735 ft: 49644 corp: 1488/30Mb lim: 65536 exec/s: 403 rss: 441Mb L: 9164/65536 MS: 2 CopyPart-EraseBytes-
#32315	REDUCE cov: 8735 ft: 49644 corp: 1488/30Mb lim: 65536 exec/s: 403 rss: 441Mb L: 611/65536 MS: 1 EraseBytes-
#32368	REDUCE cov: 8735 ft: 49644 corp: 1488/30Mb lim: 65536 exec/s: 404 rss: 443Mb L: 14970/65536 MS: 3 ChangeByte-InsertRepeatedBytes-EraseBytes-
#32413	REDUCE cov: 8735 ft: 49644 corp: 1488/30Mb lim: 65536 exec/s: 405 rss: 443Mb L: 40635/65536 MS: 5 CMP-PersAutoDict-CMP-CrossOver-EraseBytes- DE: "k\264\375\000\360b\000\000"-"&DDotr"-"\001\016"-
#32443	REDUCE cov: 8735 ft: 49644 corp: 1488/30Mb lim: 65536 exec/s: 405 rss: 443Mb L: 1914/65536 MS: 5 ChangeBinInt-ChangeBit-InsertByte-ChangeByte-EraseBytes-
#32453	NEW    cov: 8735 ft: 49645 corp: 1489/30Mb lim: 65536 exec/s: 405 rss: 443Mb L: 63646/65536 MS: 5 ChangeBit-CMP-ChangeASCIIInt-CopyPart-CopyPart- DE: "\377\377\377\377\377\377\377\377"-
#32459	REDUCE cov: 8735 ft: 49645 corp: 1489/30Mb lim: 65536 exec/s: 405 rss: 443Mb L: 29519/65536 MS: 1 EraseBytes-
#32467	NEW    cov: 8735 ft: 49654 corp: 1490/30Mb lim: 65536 exec/s: 405 rss: 443Mb L: 62736/65536 MS: 3 InsertRepeatedBytes-ChangeBit-CopyPart-
#32478	REDUCE cov: 8735 ft: 49654 corp: 1490/30Mb lim: 65536 exec/s: 405 rss: 443Mb L: 12079/65536 MS: 1 EraseBytes-
#32494	REDUCE cov: 8735 ft: 49654 corp: 1490/30Mb lim: 65536 exec/s: 406 rss: 443Mb L: 3491/65536 MS: 1 EraseBytes-
#32499	REDUCE cov: 8735 ft: 49654 corp: 1490/30Mb lim: 65536 exec/s: 406 rss: 443Mb L: 2088/65536 MS: 5 ChangeBit-InsertByte-CrossOver-ChangeByte-EraseBytes-
#32528	REDUCE cov: 8735 ft: 49654 corp: 1490/30Mb lim: 65536 exec/s: 406 rss: 443Mb L: 4823/65536 MS: 4 InsertByte-CMP-ChangeASCIIInt-EraseBytes- DE: "\014\000\000\000"-
#32541	REDUCE cov: 8735 ft: 49654 corp: 1490/30Mb lim: 65536 exec/s: 406 rss: 443Mb L: 43140/65536 MS: 3 ChangeASCIIInt-ChangeBit-CrossOver-
#32568	NEW    cov: 8741 ft: 49660 corp: 1491/30Mb lim: 65536 exec/s: 407 rss: 443Mb L: 28180/65536 MS: 2 CrossOver-EraseBytes-
#32664	REDUCE cov: 8741 ft: 49660 corp: 1491/30Mb lim: 65536 exec/s: 408 rss: 443Mb L: 28234/65536 MS: 1 EraseBytes-
#32675	REDUCE cov: 8741 ft: 49660 corp: 1491/30Mb lim: 65536 exec/s: 408 rss: 443Mb L: 6119/65536 MS: 1 EraseBytes-
#32676	REDUCE cov: 8741 ft: 49660 corp: 1491/30Mb lim: 65536 exec/s: 408 rss: 443Mb L: 19211/65536 MS: 1 EraseBytes-
#32696	REDUCE cov: 8741 ft: 49660 corp: 1491/30Mb lim: 65536 exec/s: 408 rss: 443Mb L: 30983/65536 MS: 5 ChangeBinInt-CMP-ChangeASCIIInt-ChangeBit-EraseBytes- DE: "www"-
#32698	REDUCE cov: 8741 ft: 49660 corp: 1491/30Mb lim: 65536 exec/s: 408 rss: 443Mb L: 11529/65536 MS: 2 ChangeASCIIInt-EraseBytes-
#32710	REDUCE cov: 8741 ft: 49660 corp: 1491/30Mb lim: 65536 exec/s: 403 rss: 443Mb L: 24903/65536 MS: 2 InsertByte-EraseBytes-
#32761	REDUCE cov: 8741 ft: 49660 corp: 1491/30Mb lim: 65536 exec/s: 404 rss: 443Mb L: 3055/65536 MS: 1 EraseBytes-
#32768	pulse  cov: 8741 ft: 49660 corp: 1491/30Mb lim: 65536 exec/s: 404 rss: 443Mb
#32783	REDUCE cov: 8741 ft: 49660 corp: 1491/30Mb lim: 65536 exec/s: 404 rss: 443Mb L: 32200/65536 MS: 2 ChangeASCIIInt-EraseBytes-
#32841	REDUCE cov: 8741 ft: 49660 corp: 1491/30Mb lim: 65536 exec/s: 405 rss: 443Mb L: 10070/65536 MS: 3 ShuffleBytes-ChangeASCIIInt-EraseBytes-
#32882	REDUCE cov: 8741 ft: 49660 corp: 1491/30Mb lim: 65536 exec/s: 405 rss: 443Mb L: 5231/65536 MS: 1 EraseBytes-
#32968	NEW    cov: 8741 ft: 49662 corp: 1492/30Mb lim: 65536 exec/s: 407 rss: 443Mb L: 60800/65536 MS: 1 CopyPart-
#32976	REDUCE cov: 8741 ft: 49663 corp: 1493/30Mb lim: 65536 exec/s: 407 rss: 443Mb L: 4458/65536 MS: 3 EraseBytes-PersAutoDict-EraseBytes- DE: "\001\000\000\013"-
#32982	NEW    cov: 8741 ft: 49664 corp: 1494/30Mb lim: 65536 exec/s: 407 rss: 443Mb L: 18836/65536 MS: 1 CrossOver-
#33002	REDUCE cov: 8741 ft: 49666 corp: 1495/30Mb lim: 65536 exec/s: 407 rss: 443Mb L: 13840/65536 MS: 5 ShuffleBytes-InsertRepeatedBytes-CrossOver-EraseBytes-CrossOver-
#33005	REDUCE cov: 8741 ft: 49666 corp: 1495/30Mb lim: 65536 exec/s: 407 rss: 443Mb L: 29007/65536 MS: 3 ChangeBinInt-ChangeBinInt-EraseBytes-
#33034	REDUCE cov: 8741 ft: 49677 corp: 1496/30Mb lim: 65536 exec/s: 407 rss: 443Mb L: 13492/65536 MS: 4 ChangeASCIIInt-PersAutoDict-ChangeByte-CopyPart- DE: "exampl.ex"-
#33045	NEW    cov: 8742 ft: 49679 corp: 1497/30Mb lim: 65536 exec/s: 407 rss: 443Mb L: 3390/65536 MS: 1 InsertRepeatedBytes-
#33050	NEW    cov: 8742 ft: 49680 corp: 1498/30Mb lim: 65536 exec/s: 408 rss: 443Mb L: 31984/65536 MS: 5 InsertByte-PersAutoDict-InsertByte-CMP-InsertRepeatedBytes- DE: "\001\000\000\036"-"\3770"-
#33149	NEW    cov: 8742 ft: 49683 corp: 1499/30Mb lim: 65536 exec/s: 409 rss: 443Mb L: 63614/65536 MS: 4 ChangeBinInt-EraseBytes-ChangeBinInt-CopyPart-
#33150	REDUCE cov: 8742 ft: 49710 corp: 1500/30Mb lim: 65536 exec/s: 409 rss: 443Mb L: 26912/65536 MS: 1 CrossOver-
#33161	REDUCE cov: 8742 ft: 49710 corp: 1500/30Mb lim: 65536 exec/s: 404 rss: 443Mb L: 4536/65536 MS: 1 EraseBytes-
#33233	NEW    cov: 8742 ft: 49711 corp: 1501/30Mb lim: 65536 exec/s: 405 rss: 443Mb L: 133/65536 MS: 2 PersAutoDict-ChangeBit- DE: "&Integral;"-
#33236	REDUCE cov: 8742 ft: 49711 corp: 1501/30Mb lim: 65536 exec/s: 405 rss: 443Mb L: 589/65536 MS: 3 InsertByte-ChangeBit-EraseBytes-
#33239	NEW    cov: 8742 ft: 49729 corp: 1502/30Mb lim: 65536 exec/s: 405 rss: 443Mb L: 27002/65536 MS: 3 ChangeBit-EraseBytes-CrossOver-
#33241	REDUCE cov: 8742 ft: 49729 corp: 1502/30Mb lim: 65536 exec/s: 405 rss: 443Mb L: 4056/65536 MS: 2 ChangeByte-EraseBytes-
#33269	REDUCE cov: 8742 ft: 49729 corp: 1502/30Mb lim: 65536 exec/s: 405 rss: 443Mb L: 25297/65536 MS: 3 ChangeASCIIInt-ChangeBit-EraseBytes-
#33276	REDUCE cov: 8742 ft: 49729 corp: 1502/30Mb lim: 65536 exec/s: 405 rss: 443Mb L: 31219/65536 MS: 2 ChangeByte-EraseBytes-
#33279	REDUCE cov: 8742 ft: 49729 corp: 1502/30Mb lim: 65536 exec/s: 405 rss: 443Mb L: 32379/65536 MS: 3 ChangeByte-ChangeBinInt-EraseBytes-
#33283	REDUCE cov: 8742 ft: 49731 corp: 1503/30Mb lim: 65536 exec/s: 405 rss: 443Mb L: 24388/65536 MS: 4 CrossOver-ChangeBit-PersAutoDict-CrossOver- DE: "graph"-
#33288	REDUCE cov: 8742 ft: 49731 corp: 1503/30Mb lim: 65536 exec/s: 405 rss: 443Mb L: 5380/65536 MS: 5 ChangeByte-ChangeBit-ChangeByte-ChangeBinInt-EraseBytes-
#33316	REDUCE cov: 8742 ft: 49731 corp: 1503/30Mb lim: 65536 exec/s: 406 rss: 443Mb L: 9258/65536 MS: 3 ChangeByte-ChangeByte-EraseBytes-
#33391	REDUCE cov: 8742 ft: 49731 corp: 1503/30Mb lim: 65536 exec/s: 407 rss: 443Mb L: 297/65536 MS: 5 CopyPart-InsertByte-PersAutoDict-CMP-EraseBytes- DE: "=\000"-"\001\000\000\000\000\000\000\000"-
#33393	REDUCE cov: 8742 ft: 49731 corp: 1503/30Mb lim: 65536 exec/s: 407 rss: 443Mb L: 2179/65536 MS: 2 ChangeBinInt-EraseBytes-
#33425	NEW    cov: 8742 ft: 49749 corp: 1504/30Mb lim: 65536 exec/s: 407 rss: 443Mb L: 58888/65536 MS: 2 CrossOver-CopyPart-
#33428	NEW    cov: 8742 ft: 49750 corp: 1505/30Mb lim: 65536 exec/s: 407 rss: 443Mb L: 17172/65536 MS: 3 ChangeBinInt-ChangeByte-CopyPart-
#33434	NEW    cov: 8742 ft: 49753 corp: 1506/30Mb lim: 65536 exec/s: 407 rss: 443Mb L: 443/65536 MS: 1 CopyPart-
#33440	NEW    cov: 8742 ft: 49797 corp: 1507/30Mb lim: 65536 exec/s: 407 rss: 443Mb L: 39804/65536 MS: 1 CopyPart-
#33466	REDUCE cov: 8742 ft: 49797 corp: 1507/30Mb lim: 65536 exec/s: 408 rss: 443Mb L: 17217/65536 MS: 1 EraseBytes-
#33485	REDUCE cov: 8742 ft: 49797 corp: 1507/30Mb lim: 65536 exec/s: 408 rss: 443Mb L: 6219/65536 MS: 4 ChangeASCIIInt-CopyPart-InsertByte-EraseBytes-
#33486	REDUCE cov: 8742 ft: 49797 corp: 1507/30Mb lim: 65536 exec/s: 408 rss: 443Mb L: 199/65536 MS: 1 EraseBytes-
#33542	REDUCE cov: 8742 ft: 49797 corp: 1507/30Mb lim: 65536 exec/s: 409 rss: 443Mb L: 15952/65536 MS: 1 EraseBytes-
#33560	NEW    cov: 8744 ft: 49809 corp: 1508/30Mb lim: 65536 exec/s: 409 rss: 443Mb L: 37822/65536 MS: 3 CMP-ChangeBit-PersAutoDict- DE: "\377\377a\300\001=v\307"-"\226\011\000\000"-
#33646	NEW    cov: 8744 ft: 49817 corp: 1509/30Mb lim: 65536 exec/s: 405 rss: 443Mb L: 32282/65536 MS: 1 CrossOver-
#33653	NEW    cov: 8744 ft: 49818 corp: 1510/30Mb lim: 65536 exec/s: 405 rss: 443Mb L: 35467/65536 MS: 2 InsertByte-CopyPart-
#33663	REDUCE cov: 8744 ft: 49820 corp: 1511/30Mb lim: 65536 exec/s: 405 rss: 443Mb L: 7139/65536 MS: 5 ChangeBinInt-ShuffleBytes-ShuffleBytes-ChangeBinInt-CopyPart-
#33681	REDUCE cov: 8744 ft: 49820 corp: 1511/30Mb lim: 65536 exec/s: 405 rss: 443Mb L: 23377/65536 MS: 3 InsertByte-ShuffleBytes-EraseBytes-
#33682	REDUCE cov: 8744 ft: 49820 corp: 1511/30Mb lim: 65536 exec/s: 405 rss: 443Mb L: 3816/65536 MS: 1 EraseBytes-
#33707	REDUCE cov: 8744 ft: 49820 corp: 1511/30Mb lim: 65536 exec/s: 406 rss: 443Mb L: 116/65536 MS: 5 CopyPart-ChangeByte-PersAutoDict-ChangeBinInt-EraseBytes- DE: "\377\377a\320\0010R\037"-
#33714	REDUCE cov: 8744 ft: 49820 corp: 1511/30Mb lim: 65536 exec/s: 406 rss: 443Mb L: 21603/65536 MS: 2 ChangeByte-EraseBytes-
#33728	REDUCE cov: 8744 ft: 49820 corp: 1511/30Mb lim: 65536 exec/s: 406 rss: 443Mb L: 34655/65536 MS: 4 ShuffleBytes-ShuffleBytes-CopyPart-EraseBytes-
#33760	REDUCE cov: 8744 ft: 49820 corp: 1511/30Mb lim: 65536 exec/s: 406 rss: 443Mb L: 28179/65536 MS: 2 ChangeBinInt-EraseBytes-
#33788	REDUCE cov: 8744 ft: 49820 corp: 1511/30Mb lim: 65536 exec/s: 407 rss: 443Mb L: 4918/65536 MS: 3 InsertByte-ChangeBit-EraseBytes-
#33793	REDUCE cov: 8744 ft: 49820 corp: 1511/30Mb lim: 65536 exec/s: 407 rss: 443Mb L: 38542/65536 MS: 5 ShuffleBytes-ShuffleBytes-ShuffleBytes-ChangeBinInt-EraseBytes-
#33808	REDUCE cov: 8744 ft: 49820 corp: 1511/30Mb lim: 65536 exec/s: 407 rss: 443Mb L: 34680/65536 MS: 5 ShuffleBytes-EraseBytes-EraseBytes-ShuffleBytes-CopyPart-
#33811	REDUCE cov: 8744 ft: 49820 corp: 1511/30Mb lim: 65536 exec/s: 407 rss: 443Mb L: 219/65536 MS: 3 ChangeBit-ShuffleBytes-EraseBytes-
#33818	REDUCE cov: 8744 ft: 49820 corp: 1511/30Mb lim: 65536 exec/s: 407 rss: 443Mb L: 10508/65536 MS: 2 ChangeByte-EraseBytes-
#33856	NEW    cov: 8744 ft: 49856 corp: 1512/30Mb lim: 65536 exec/s: 407 rss: 443Mb L: 12445/65536 MS: 3 ChangeASCIIInt-ChangeByte-CopyPart-
#33859	REDUCE cov: 8744 ft: 49859 corp: 1513/30Mb lim: 65536 exec/s: 407 rss: 443Mb L: 52215/65536 MS: 3 ChangeASCIIInt-ChangeBit-CrossOver-
#33872	REDUCE cov: 8744 ft: 49859 corp: 1513/30Mb lim: 65536 exec/s: 408 rss: 443Mb L: 25204/65536 MS: 3 ChangeBinInt-ChangeBit-EraseBytes-
#33874	REDUCE cov: 8744 ft: 49859 corp: 1513/30Mb lim: 65536 exec/s: 408 rss: 444Mb L: 12597/65536 MS: 2 ShuffleBytes-EraseBytes-
#33884	REDUCE cov: 8744 ft: 49859 corp: 1513/30Mb lim: 65536 exec/s: 408 rss: 444Mb L: 512/65536 MS: 5 ChangeBit-ChangeASCIIInt-ChangeByte-ChangeBit-EraseBytes-
#33890	NEW    cov: 8745 ft: 49860 corp: 1514/30Mb lim: 65536 exec/s: 408 rss: 444Mb L: 63639/65536 MS: 1 CrossOver-
#33897	REDUCE cov: 8745 ft: 49860 corp: 1514/30Mb lim: 65536 exec/s: 408 rss: 444Mb L: 1209/65536 MS: 2 CopyPart-EraseBytes-
#33904	REDUCE cov: 8745 ft: 49860 corp: 1514/30Mb lim: 65536 exec/s: 408 rss: 444Mb L: 2159/65536 MS: 2 InsertRepeatedBytes-EraseBytes-
#33920	REDUCE cov: 8745 ft: 49860 corp: 1514/30Mb lim: 65536 exec/s: 408 rss: 444Mb L: 6983/65536 MS: 1 EraseBytes-
#33937	NEW    cov: 8745 ft: 49876 corp: 1515/30Mb lim: 65536 exec/s: 408 rss: 444Mb L: 61159/65536 MS: 2 ShuffleBytes-CopyPart-
#33948	REDUCE cov: 8745 ft: 49876 corp: 1515/30Mb lim: 65536 exec/s: 409 rss: 444Mb L: 21146/65536 MS: 1 EraseBytes-
#33955	REDUCE cov: 8745 ft: 49876 corp: 1515/30Mb lim: 65536 exec/s: 409 rss: 444Mb L: 632/65536 MS: 2 ChangeBinInt-EraseBytes-
#33978	NEW    cov: 8753 ft: 49884 corp: 1516/30Mb lim: 65536 exec/s: 409 rss: 444Mb L: 8265/65536 MS: 3 ChangeBinInt-ChangeBit-CrossOver-
#34032	NEW    cov: 8753 ft: 49886 corp: 1517/30Mb lim: 65536 exec/s: 410 rss: 444Mb L: 51359/65536 MS: 4 ChangeByte-InsertRepeatedBytes-ChangeBinInt-CopyPart-
#34034	REDUCE cov: 8753 ft: 49886 corp: 1517/30Mb lim: 65536 exec/s: 410 rss: 444Mb L: 251/65536 MS: 2 CrossOver-EraseBytes-
#34045	REDUCE cov: 8753 ft: 49886 corp: 1517/30Mb lim: 65536 exec/s: 410 rss: 444Mb L: 875/65536 MS: 1 CrossOver-
#34047	REDUCE cov: 8753 ft: 49886 corp: 1517/30Mb lim: 65536 exec/s: 410 rss: 444Mb L: 6013/65536 MS: 2 InsertByte-EraseBytes-
#34070	REDUCE cov: 8753 ft: 49886 corp: 1517/30Mb lim: 65536 exec/s: 410 rss: 444Mb L: 546/65536 MS: 3 ChangeBinInt-InsertByte-EraseBytes-
#34073	REDUCE cov: 8753 ft: 49886 corp: 1517/30Mb lim: 65536 exec/s: 410 rss: 444Mb L: 4738/65536 MS: 3 EraseBytes-InsertByte-CopyPart-
#34098	REDUCE cov: 8753 ft: 49886 corp: 1517/30Mb lim: 65536 exec/s: 405 rss: 444Mb L: 26631/65536 MS: 5 ChangeBit-PersAutoDict-ChangeByte-CopyPart-EraseBytes- DE: "\000\000\000\035"-
#34108	NEW    cov: 8753 ft: 49890 corp: 1518/30Mb lim: 65536 exec/s: 406 rss: 444Mb L: 30165/65536 MS: 5 EraseBytes-ShuffleBytes-CrossOver-CrossOver-InsertRepeatedBytes-
#34117	REDUCE cov: 8753 ft: 49890 corp: 1518/30Mb lim: 65536 exec/s: 406 rss: 444Mb L: 300/65536 MS: 4 InsertByte-PersAutoDict-EraseBytes-EraseBytes- DE: "&Differen"-
#34130	REDUCE cov: 8753 ft: 49890 corp: 1518/30Mb lim: 65536 exec/s: 406 rss: 444Mb L: 13027/65536 MS: 3 ChangeASCIIInt-ChangeBinInt-EraseBytes-
#34134	REDUCE cov: 8753 ft: 49890 corp: 1518/30Mb lim: 65536 exec/s: 406 rss: 444Mb L: 2702/65536 MS: 4 ChangeByte-PersAutoDict-PersAutoDict-EraseBytes- DE: "&DifferentialD;"-"&gnapp"-
#34136	REDUCE cov: 8753 ft: 49890 corp: 1518/30Mb lim: 65536 exec/s: 406 rss: 444Mb L: 9941/65536 MS: 2 ChangeByte-EraseBytes-
#34164	REDUCE cov: 8753 ft: 49890 corp: 1518/30Mb lim: 65536 exec/s: 406 rss: 444Mb L: 8047/65536 MS: 3 InsertByte-CopyPart-EraseBytes-
#34165	REDUCE cov: 8753 ft: 49890 corp: 1518/30Mb lim: 65536 exec/s: 406 rss: 444Mb L: 4733/65536 MS: 1 EraseBytes-
#34194	NEW    cov: 8753 ft: 49891 corp: 1519/30Mb lim: 65536 exec/s: 407 rss: 444Mb L: 37527/65536 MS: 4 InsertByte-PersAutoDict-ChangeASCIIInt-CopyPart- DE: "ween"-
#34204	REDUCE cov: 8753 ft: 49891 corp: 1519/30Mb lim: 65536 exec/s: 407 rss: 444Mb L: 40367/65536 MS: 5 CrossOver-ChangeASCIIInt-EraseBytes-InsertByte-CopyPart-
#34237	REDUCE cov: 8753 ft: 49891 corp: 1519/30Mb lim: 65536 exec/s: 407 rss: 444Mb L: 451/65536 MS: 3 ChangeBinInt-CopyPart-EraseBytes-
#34259	REDUCE cov: 8753 ft: 49891 corp: 1519/30Mb lim: 65536 exec/s: 407 rss: 445Mb L: 433/65536 MS: 2 PersAutoDict-EraseBytes- DE: "\000\012"-
#34260	REDUCE cov: 8753 ft: 49891 corp: 1519/30Mb lim: 65536 exec/s: 407 rss: 445Mb L: 552/65536 MS: 1 EraseBytes-
#34323	REDUCE cov: 8753 ft: 49891 corp: 1519/30Mb lim: 65536 exec/s: 408 rss: 445Mb L: 32567/65536 MS: 3 ChangeByte-ChangeBit-EraseBytes-
#34326	REDUCE cov: 8753 ft: 49891 corp: 1519/30Mb lim: 65536 exec/s: 408 rss: 445Mb L: 385/65536 MS: 3 ChangeBit-ChangeBinInt-EraseBytes-
#34355	REDUCE cov: 8753 ft: 49891 corp: 1519/30Mb lim: 65536 exec/s: 408 rss: 445Mb L: 57413/65536 MS: 4 InsertRepeatedBytes-PersAutoDict-ChangeASCIIInt-EraseBytes- DE: "\001J"-
#34364	REDUCE cov: 8753 ft: 49891 corp: 1519/30Mb lim: 65536 exec/s: 409 rss: 445Mb L: 40275/65536 MS: 4 ChangeByte-InsertRepeatedBytes-CrossOver-EraseBytes-
#34369	REDUCE cov: 8753 ft: 49891 corp: 1519/30Mb lim: 65536 exec/s: 409 rss: 445Mb L: 3508/65536 MS: 5 ChangeByte-ShuffleBytes-ShuffleBytes-ChangeASCIIInt-EraseBytes-
#34380	REDUCE cov: 8753 ft: 49891 corp: 1519/30Mb lim: 65536 exec/s: 409 rss: 445Mb L: 10007/65536 MS: 1 EraseBytes-
#34381	REDUCE cov: 8753 ft: 49891 corp: 1519/30Mb lim: 65536 exec/s: 409 rss: 445Mb L: 9634/65536 MS: 1 EraseBytes-
#34389	REDUCE cov: 8753 ft: 49891 corp: 1519/30Mb lim: 65536 exec/s: 409 rss: 445Mb L: 11433/65536 MS: 3 ChangeASCIIInt-ChangeByte-EraseBytes-
#34390	REDUCE cov: 8753 ft: 49891 corp: 1519/30Mb lim: 65536 exec/s: 409 rss: 445Mb L: 23636/65536 MS: 1 EraseBytes-
#34426	REDUCE cov: 8753 ft: 49891 corp: 1519/30Mb lim: 65536 exec/s: 409 rss: 445Mb L: 58401/65536 MS: 1 EraseBytes-
#34461	REDUCE cov: 8753 ft: 49891 corp: 1519/30Mb lim: 65536 exec/s: 410 rss: 445Mb L: 9782/65536 MS: 5 ShuffleBytes-ChangeByte-PersAutoDict-ChangeBit-EraseBytes- DE: "\377\377\377+"-
#34462	REDUCE cov: 8753 ft: 49891 corp: 1519/30Mb lim: 65536 exec/s: 410 rss: 445Mb L: 6193/65536 MS: 1 EraseBytes-
#34527	REDUCE cov: 8753 ft: 49891 corp: 1519/30Mb lim: 65536 exec/s: 411 rss: 445Mb L: 21117/65536 MS: 5 ShuffleBytes-ChangeByte-CopyPart-ChangeBit-EraseBytes-
#34533	NEW    cov: 8753 ft: 49892 corp: 1520/30Mb lim: 65536 exec/s: 406 rss: 445Mb L: 20770/65536 MS: 1 InsertRepeatedBytes-
#34566	REDUCE cov: 8753 ft: 49892 corp: 1520/30Mb lim: 65536 exec/s: 406 rss: 445Mb L: 35383/65536 MS: 3 ChangeASCIIInt-ChangeBit-EraseBytes-
#34613	NEW    cov: 8753 ft: 49958 corp: 1521/30Mb lim: 65536 exec/s: 407 rss: 445Mb L: 53013/65536 MS: 2 PersAutoDict-CopyPart- DE: "&Union;"-
#34621	NEW    cov: 8753 ft: 49959 corp: 1522/30Mb lim: 65536 exec/s: 407 rss: 445Mb L: 52005/65536 MS: 3 InsertByte-ChangeBit-CopyPart-
#34717	REDUCE cov: 8753 ft: 49959 corp: 1522/30Mb lim: 65536 exec/s: 408 rss: 446Mb L: 7402/65536 MS: 1 EraseBytes-
#34725	REDUCE cov: 8753 ft: 49959 corp: 1522/30Mb lim: 65536 exec/s: 408 rss: 446Mb L: 18091/65536 MS: 3 CopyPart-PersAutoDict-EraseBytes- DE: "lock]"-
#34727	REDUCE cov: 8753 ft: 49959 corp: 1522/30Mb lim: 65536 exec/s: 408 rss: 446Mb L: 29172/65536 MS: 2 ChangeBit-EraseBytes-
#34764	NEW    cov: 8753 ft: 50066 corp: 1523/30Mb lim: 65536 exec/s: 408 rss: 446Mb L: 33871/65536 MS: 2 CMP-CrossOver- DE: "\331\275g\266\376\177\000\000"-
#34773	REDUCE cov: 8753 ft: 50066 corp: 1523/30Mb lim: 65536 exec/s: 409 rss: 446Mb L: 628/65536 MS: 4 ChangeBit-InsertRepeatedBytes-InsertRepeatedBytes-EraseBytes-
#34774	REDUCE cov: 8753 ft: 50067 corp: 1524/30Mb lim: 65536 exec/s: 409 rss: 446Mb L: 22034/65536 MS: 1 CopyPart-
#34780	REDUCE cov: 8753 ft: 50067 corp: 1524/30Mb lim: 65536 exec/s: 409 rss: 446Mb L: 2172/65536 MS: 1 EraseBytes-
#34787	REDUCE cov: 8753 ft: 50067 corp: 1524/30Mb lim: 65536 exec/s: 409 rss: 446Mb L: 5019/65536 MS: 2 ShuffleBytes-EraseBytes-
#34838	REDUCE cov: 8753 ft: 50067 corp: 1524/30Mb lim: 65536 exec/s: 409 rss: 446Mb L: 5291/65536 MS: 1 EraseBytes-
#34842	REDUCE cov: 8753 ft: 50067 corp: 1524/30Mb lim: 65536 exec/s: 409 rss: 446Mb L: 16344/65536 MS: 4 ShuffleBytes-CopyPart-CMP-EraseBytes- DE: "would"-
#34845	NEW    cov: 8753 ft: 50111 corp: 1525/30Mb lim: 65536 exec/s: 409 rss: 446Mb L: 25153/65536 MS: 3 ChangeASCIIInt-PersAutoDict-CrossOver- DE: "language-"-
#34849	NEW    cov: 8753 ft: 50112 corp: 1526/30Mb lim: 65536 exec/s: 409 rss: 446Mb L: 3364/65536 MS: 4 PersAutoDict-EraseBytes-ChangeBinInt-ChangeByte- DE: "pan"-
#34866	REDUCE cov: 8753 ft: 50112 corp: 1526/30Mb lim: 65536 exec/s: 410 rss: 446Mb L: 17118/65536 MS: 2 ChangeBinInt-EraseBytes-
#34881	NEW    cov: 8753 ft: 50122 corp: 1527/30Mb lim: 65536 exec/s: 410 rss: 446Mb L: 60843/65536 MS: 5 CopyPart-InsertRepeatedBytes-CopyPart-CrossOver-CopyPart-
#34899	REDUCE cov: 8753 ft: 50122 corp: 1527/30Mb lim: 65536 exec/s: 410 rss: 446Mb L: 28634/65536 MS: 3 ChangeByte-ChangeBinInt-EraseBytes-
#34923	REDUCE cov: 8753 ft: 50122 corp: 1527/30Mb lim: 65536 exec/s: 410 rss: 446Mb L: 4714/65536 MS: 4 CMP-ChangeByte-ChangeBinInt-EraseBytes- DE: "\013\000\000\000"-
#34947	NEW    cov: 8753 ft: 50127 corp: 1528/31Mb lim: 65536 exec/s: 411 rss: 446Mb L: 64275/65536 MS: 4 CopyPart-ChangeByte-CopyPart-CopyPart-
#34955	NEW    cov: 8753 ft: 50128 corp: 1529/31Mb lim: 65536 exec/s: 406 rss: 446Mb L: 35175/65536 MS: 3 CopyPart-InsertByte-InsertByte-
#34961	REDUCE cov: 8753 ft: 50129 corp: 1530/31Mb lim: 65536 exec/s: 406 rss: 446Mb L: 35677/65536 MS: 1 InsertRepeatedBytes-
#35018	REDUCE cov: 8753 ft: 50129 corp: 1530/31Mb lim: 65536 exec/s: 407 rss: 446Mb L: 8174/65536 MS: 2 ChangeByte-EraseBytes-
#35021	REDUCE cov: 8753 ft: 50129 corp: 1530/31Mb lim: 65536 exec/s: 407 rss: 446Mb L: 11157/65536 MS: 3 CMP-ChangeByte-EraseBytes- DE: "\001\000bP\001LP\336"-
#35051	REDUCE cov: 8753 ft: 50129 corp: 1530/31Mb lim: 65536 exec/s: 407 rss: 446Mb L: 43906/65536 MS: 5 PersAutoDict-CrossOver-PersAutoDict-ShuffleBytes-EraseBytes- DE: "\001\016"-"https"-
#35053	REDUCE cov: 8753 ft: 50129 corp: 1530/31Mb lim: 65536 exec/s: 407 rss: 446Mb L: 11507/65536 MS: 2 ChangeBit-EraseBytes-
#35054	REDUCE cov: 8753 ft: 50129 corp: 1530/31Mb lim: 65536 exec/s: 407 rss: 446Mb L: 814/65536 MS: 1 EraseBytes-
#35072	REDUCE cov: 8753 ft: 50129 corp: 1530/31Mb lim: 65536 exec/s: 407 rss: 446Mb L: 30277/65536 MS: 3 InsertRepeatedBytes-ChangeBit-EraseBytes-
#35093	REDUCE cov: 8753 ft: 50129 corp: 1530/31Mb lim: 65536 exec/s: 408 rss: 446Mb L: 200/65536 MS: 1 EraseBytes-
#35099	REDUCE cov: 8753 ft: 50130 corp: 1531/31Mb lim: 65536 exec/s: 408 rss: 446Mb L: 1869/65536 MS: 1 InsertRepeatedBytes-
#35123	NEW    cov: 8753 ft: 50139 corp: 1532/31Mb lim: 65536 exec/s: 408 rss: 446Mb L: 60480/65536 MS: 4 ChangeBinInt-InsertByte-CrossOver-CopyPart-
#35146	REDUCE cov: 8753 ft: 50145 corp: 1533/31Mb lim: 65536 exec/s: 408 rss: 446Mb L: 41062/65536 MS: 3 CrossOver-PersAutoDict-ChangeBinInt- DE: "\000\000b`\000\037\250~"-
#35168	REDUCE cov: 8753 ft: 50145 corp: 1533/31Mb lim: 65536 exec/s: 408 rss: 446Mb L: 56257/65536 MS: 2 ShuffleBytes-EraseBytes-
#35205	REDUCE cov: 8753 ft: 50145 corp: 1533/31Mb lim: 65536 exec/s: 409 rss: 446Mb L: 11528/65536 MS: 2 InsertRepeatedBytes-EraseBytes-
#35214	REDUCE cov: 8753 ft: 50146 corp: 1534/31Mb lim: 65536 exec/s: 409 rss: 446Mb L: 20960/65536 MS: 4 PersAutoDict-ChangeASCIIInt-CrossOver-CopyPart- DE: "\377\377\377+"-
#35229	REDUCE cov: 8753 ft: 50149 corp: 1535/31Mb lim: 65536 exec/s: 409 rss: 446Mb L: 16470/65536 MS: 5 ShuffleBytes-ShuffleBytes-InsertByte-ChangeByte-CopyPart-
#35289	REDUCE cov: 8753 ft: 50165 corp: 1536/31Mb lim: 65536 exec/s: 410 rss: 446Mb L: 40705/65536 MS: 5 PersAutoDict-PersAutoDict-ChangeByte-InsertRepeatedBytes-CopyPart- DE: "ock"-"\377\377a\340\000\311\271O"-
#35296	NEW    cov: 8753 ft: 50177 corp: 1537/31Mb lim: 65536 exec/s: 410 rss: 446Mb L: 56330/65536 MS: 2 ChangeBit-CopyPart-
#35312	REDUCE cov: 8753 ft: 50177 corp: 1537/31Mb lim: 65536 exec/s: 410 rss: 446Mb L: 8430/65536 MS: 1 EraseBytes-
#35329	NEW    cov: 8753 ft: 50179 corp: 1538/31Mb lim: 65536 exec/s: 410 rss: 446Mb L: 46626/65536 MS: 2 ShuffleBytes-CrossOver-
#35341	REDUCE cov: 8753 ft: 50179 corp: 1538/31Mb lim: 65536 exec/s: 410 rss: 446Mb L: 28/65536 MS: 2 ChangeBinInt-EraseBytes-
#35370	REDUCE cov: 8753 ft: 50179 corp: 1538/31Mb lim: 65536 exec/s: 411 rss: 446Mb L: 3680/65536 MS: 4 ShuffleBytes-CopyPart-CMP-EraseBytes- DE: "\020\000"-
#35372	REDUCE cov: 8753 ft: 50179 corp: 1538/31Mb lim: 65536 exec/s: 411 rss: 446Mb L: 7571/65536 MS: 2 ChangeBinInt-EraseBytes-
#35378	NEW    cov: 8753 ft: 50181 corp: 1539/31Mb lim: 65536 exec/s: 411 rss: 446Mb L: 43500/65536 MS: 1 CopyPart-
#35404	REDUCE cov: 8753 ft: 50181 corp: 1539/31Mb lim: 65536 exec/s: 411 rss: 446Mb L: 1333/65536 MS: 1 EraseBytes-
#35411	REDUCE cov: 8753 ft: 50181 corp: 1539/31Mb lim: 65536 exec/s: 411 rss: 446Mb L: 51939/65536 MS: 2 ChangeBit-EraseBytes-
#35438	REDUCE cov: 8753 ft: 50181 corp: 1539/31Mb lim: 65536 exec/s: 412 rss: 446Mb L: 42879/65536 MS: 2 ChangeBinInt-EraseBytes-
#35476	REDUCE cov: 8753 ft: 50181 corp: 1539/31Mb lim: 65536 exec/s: 407 rss: 446Mb L: 14504/65536 MS: 3 ChangeBinInt-ChangeBit-EraseBytes-
#35488	REDUCE cov: 8753 ft: 50181 corp: 1539/31Mb lim: 65536 exec/s: 407 rss: 446Mb L: 9100/65536 MS: 2 InsertRepeatedBytes-EraseBytes-
#35515	REDUCE cov: 8753 ft: 50181 corp: 1539/31Mb lim: 65536 exec/s: 408 rss: 446Mb L: 8787/65536 MS: 2 ChangeBinInt-EraseBytes-
#35536	REDUCE cov: 8753 ft: 50181 corp: 1539/31Mb lim: 65536 exec/s: 408 rss: 446Mb L: 8003/65536 MS: 1 EraseBytes-
#35583	REDUCE cov: 8753 ft: 50181 corp: 1539/31Mb lim: 65536 exec/s: 409 rss: 446Mb L: 1791/65536 MS: 2 CMP-EraseBytes- DE: "her"-
#35594	REDUCE cov: 8753 ft: 50181 corp: 1539/31Mb lim: 65536 exec/s: 409 rss: 446Mb L: 407/65536 MS: 1 EraseBytes-
#35600	REDUCE cov: 8753 ft: 50181 corp: 1539/31Mb lim: 65536 exec/s: 409 rss: 446Mb L: 19468/65536 MS: 1 EraseBytes-
#35602	REDUCE cov: 8753 ft: 50181 corp: 1539/31Mb lim: 65536 exec/s: 409 rss: 446Mb L: 316/65536 MS: 2 ChangeByte-EraseBytes-
#35625	REDUCE cov: 8753 ft: 50182 corp: 1540/31Mb lim: 65536 exec/s: 409 rss: 446Mb L: 9601/65536 MS: 3 CopyPart-InsertRepeatedBytes-CopyPart-
#35627	REDUCE cov: 8753 ft: 50182 corp: 1540/31Mb lim: 65536 exec/s: 409 rss: 446Mb L: 9269/65536 MS: 2 InsertRepeatedBytes-EraseBytes-
#35666	REDUCE cov: 8753 ft: 50182 corp: 1540/31Mb lim: 65536 exec/s: 409 rss: 446Mb L: 35841/65536 MS: 4 ChangeBit-InsertByte-InsertByte-EraseBytes-
#35730	REDUCE cov: 8753 ft: 50182 corp: 1540/31Mb lim: 65536 exec/s: 410 rss: 446Mb L: 4390/65536 MS: 4 CMP-ChangeBinInt-CMP-EraseBytes- DE: "\001\000\000\000\000\000\000\000"-"\001\000\000\017"-
#35732	REDUCE cov: 8753 ft: 50182 corp: 1540/31Mb lim: 65536 exec/s: 410 rss: 446Mb L: 39115/65536 MS: 2 ChangeBit-EraseBytes-
#35743	REDUCE cov: 8753 ft: 50182 corp: 1540/31Mb lim: 65536 exec/s: 410 rss: 446Mb L: 25236/65536 MS: 1 EraseBytes-
#35870	REDUCE cov: 8753 ft: 50183 corp: 1541/31Mb lim: 65536 exec/s: 412 rss: 446Mb L: 33330/65536 MS: 2 CrossOver-CrossOver-
#35915	REDUCE cov: 8753 ft: 50183 corp: 1541/31Mb lim: 65536 exec/s: 412 rss: 446Mb L: 139/65536 MS: 5 InsertRepeatedBytes-ChangeBit-ChangeASCIIInt-CrossOver-EraseBytes-
#35935	REDUCE cov: 8753 ft: 50183 corp: 1541/31Mb lim: 65536 exec/s: 413 rss: 446Mb L: 1892/65536 MS: 5 InsertRepeatedBytes-CrossOver-EraseBytes-ChangeBinInt-EraseBytes-
#35937	REDUCE cov: 8753 ft: 50183 corp: 1541/31Mb lim: 65536 exec/s: 413 rss: 446Mb L: 44727/65536 MS: 2 ChangeByte-EraseBytes-
#35983	REDUCE cov: 8753 ft: 50183 corp: 1541/31Mb lim: 65536 exec/s: 408 rss: 446Mb L: 9583/65536 MS: 1 EraseBytes-
#35989	REDUCE cov: 8753 ft: 50183 corp: 1541/31Mb lim: 65536 exec/s: 408 rss: 446Mb L: 3479/65536 MS: 1 EraseBytes-
#36008	NEW    cov: 8753 ft: 50195 corp: 1542/31Mb lim: 65536 exec/s: 409 rss: 446Mb L: 36434/65536 MS: 4 InsertRepeatedBytes-ChangeByte-CrossOver-EraseBytes-
#36021	REDUCE cov: 8753 ft: 50195 corp: 1542/31Mb lim: 65536 exec/s: 409 rss: 446Mb L: 298/65536 MS: 3 InsertRepeatedBytes-ChangeByte-EraseBytes-
#36022	REDUCE cov: 8753 ft: 50195 corp: 1542/31Mb lim: 65536 exec/s: 409 rss: 446Mb L: 87/65536 MS: 1 EraseBytes-
#36044	NEW    cov: 8753 ft: 50196 corp: 1543/31Mb lim: 65536 exec/s: 409 rss: 446Mb L: 51756/65536 MS: 2 PersAutoDict-InsertRepeatedBytes- DE: "\001\000b\260\000_\300Q"-
#36083	REDUCE cov: 8753 ft: 50196 corp: 1543/31Mb lim: 65536 exec/s: 410 rss: 446Mb L: 7031/65536 MS: 4 ChangeBinInt-PersAutoDict-CMP-EraseBytes- DE: "\001J"-"M\034\000\000"-
#36085	NEW    cov: 8753 ft: 50197 corp: 1544/31Mb lim: 65536 exec/s: 410 rss: 446Mb L: 39568/65536 MS: 2 CrossOver-CrossOver-
#36089	NEW    cov: 8753 ft: 50202 corp: 1545/31Mb lim: 65536 exec/s: 410 rss: 446Mb L: 28281/65536 MS: 4 InsertRepeatedBytes-ChangeASCIIInt-ChangeASCIIInt-CopyPart-
#36091	REDUCE cov: 8753 ft: 50202 corp: 1545/31Mb lim: 65536 exec/s: 410 rss: 446Mb L: 3820/65536 MS: 2 PersAutoDict-EraseBytes- DE: "\000\000a\360\000\005?\015"-
#36098	NEW    cov: 8753 ft: 50208 corp: 1546/31Mb lim: 65536 exec/s: 410 rss: 446Mb L: 52340/65536 MS: 2 ChangeBit-CopyPart-
#36122	REDUCE cov: 8753 ft: 50210 corp: 1547/31Mb lim: 65536 exec/s: 410 rss: 446Mb L: 40642/65536 MS: 4 CrossOver-CopyPart-InsertByte-CrossOver-
#36181	NEW    cov: 8753 ft: 50212 corp: 1548/31Mb lim: 65536 exec/s: 411 rss: 446Mb L: 9303/65536 MS: 4 CopyPart-InsertRepeatedBytes-InsertByte-EraseBytes-
#36210	NEW    cov: 8753 ft: 50216 corp: 1549/31Mb lim: 65536 exec/s: 411 rss: 446Mb L: 50318/65536 MS: 4 CrossOver-ChangeASCIIInt-CrossOver-CopyPart-
#36217	NEW    cov: 8753 ft: 50217 corp: 1550/31Mb lim: 65536 exec/s: 411 rss: 446Mb L: 7230/65536 MS: 2 InsertRepeatedBytes-CrossOver-
#36276	REDUCE cov: 8753 ft: 50217 corp: 1550/31Mb lim: 65536 exec/s: 412 rss: 446Mb L: 9344/65536 MS: 4 ChangeASCIIInt-CopyPart-PersAutoDict-CrossOver- DE: "\323\371"-
#36302	REDUCE cov: 8753 ft: 50217 corp: 1550/31Mb lim: 65536 exec/s: 412 rss: 446Mb L: 1419/65536 MS: 1 EraseBytes-
#36310	REDUCE cov: 8753 ft: 50217 corp: 1550/31Mb lim: 65536 exec/s: 412 rss: 446Mb L: 108/65536 MS: 3 PersAutoDict-CMP-EraseBytes- DE: "rip"-"\000\000\000\000\000\000\000\000"-
#36350	NEW    cov: 8753 ft: 50219 corp: 1551/31Mb lim: 65536 exec/s: 413 rss: 446Mb L: 3547/65536 MS: 5 CMP-InsertRepeatedBytes-CopyPart-ChangeBit-CopyPart- DE: "[\000\000\000"-
#36353	REDUCE cov: 8753 ft: 50219 corp: 1551/31Mb lim: 65536 exec/s: 413 rss: 446Mb L: 25996/65536 MS: 3 ChangeBit-ChangeBinInt-EraseBytes-
#36355	REDUCE cov: 8753 ft: 50219 corp: 1551/31Mb lim: 65536 exec/s: 413 rss: 446Mb L: 3417/65536 MS: 2 ShuffleBytes-EraseBytes-
#36402	REDUCE cov: 8753 ft: 50219 corp: 1551/31Mb lim: 65536 exec/s: 413 rss: 446Mb L: 6210/65536 MS: 2 InsertRepeatedBytes-EraseBytes-
#36415	REDUCE cov: 8753 ft: 50219 corp: 1551/31Mb lim: 65536 exec/s: 413 rss: 446Mb L: 21762/65536 MS: 3 CMP-ChangeBit-EraseBytes- DE: "\377\377\377\377\377\377\377\377"-
#36419	REDUCE cov: 8754 ft: 50220 corp: 1552/31Mb lim: 65536 exec/s: 413 rss: 446Mb L: 28236/65536 MS: 4 ChangeByte-CopyPart-InsertByte-CrossOver-
#36464	REDUCE cov: 8754 ft: 50220 corp: 1552/31Mb lim: 65536 exec/s: 409 rss: 446Mb L: 1207/65536 MS: 5 PersAutoDict-ChangeByte-ChangeByte-ShuffleBytes-EraseBytes- DE: "\013\000\000\000"-
#36490	REDUCE cov: 8754 ft: 50220 corp: 1552/31Mb lim: 65536 exec/s: 410 rss: 446Mb L: 20881/65536 MS: 1 CrossOver-
#36592	REDUCE cov: 8754 ft: 50220 corp: 1552/31Mb lim: 65536 exec/s: 411 rss: 446Mb L: 8144/65536 MS: 2 CMP-EraseBytes- DE: "\020\000\000\000"-
#36659	REDUCE cov: 8754 ft: 50220 corp: 1552/31Mb lim: 65536 exec/s: 411 rss: 446Mb L: 13571/65536 MS: 2 ChangeBit-EraseBytes-
#36672	REDUCE cov: 8754 ft: 50220 corp: 1552/31Mb lim: 65536 exec/s: 412 rss: 446Mb L: 8814/65536 MS: 3 ChangeASCIIInt-ChangeASCIIInt-EraseBytes-
#36693	REDUCE cov: 8754 ft: 50220 corp: 1552/31Mb lim: 65536 exec/s: 412 rss: 446Mb L: 5233/65536 MS: 1 EraseBytes-
#36725	REDUCE cov: 8754 ft: 50220 corp: 1552/31Mb lim: 65536 exec/s: 412 rss: 446Mb L: 7273/65536 MS: 2 InsertRepeatedBytes-EraseBytes-
#36758	REDUCE cov: 8754 ft: 50220 corp: 1552/31Mb lim: 65536 exec/s: 413 rss: 446Mb L: 5008/65536 MS: 3 ChangeBit-ChangeBinInt-EraseBytes-
#36798	NEW    cov: 8754 ft: 50221 corp: 1553/31Mb lim: 65536 exec/s: 413 rss: 446Mb L: 34479/65536 MS: 5 ChangeASCIIInt-CMP-CrossOver-InsertRepeatedBytes-CopyPart- DE: "<![CDATA["-
#36809	REDUCE cov: 8754 ft: 50221 corp: 1553/31Mb lim: 65536 exec/s: 413 rss: 446Mb L: 1513/65536 MS: 1 EraseBytes-
#36825	REDUCE cov: 8754 ft: 50221 corp: 1553/31Mb lim: 65536 exec/s: 413 rss: 446Mb L: 4945/65536 MS: 1 EraseBytes-
#36877	REDUCE cov: 8754 ft: 50221 corp: 1553/31Mb lim: 65536 exec/s: 409 rss: 446Mb L: 25701/65536 MS: 2 CopyPart-EraseBytes-
#36888	REDUCE cov: 8754 ft: 50295 corp: 1554/31Mb lim: 65536 exec/s: 409 rss: 446Mb L: 41508/65536 MS: 1 CopyPart-
#36905	REDUCE cov: 8754 ft: 50295 corp: 1554/31Mb lim: 65536 exec/s: 410 rss: 446Mb L: 30050/65536 MS: 2 InsertByte-EraseBytes-
#36940	REDUCE cov: 8754 ft: 50305 corp: 1555/31Mb lim: 65536 exec/s: 410 rss: 446Mb L: 51264/65536 MS: 5 InsertByte-InsertRepeatedBytes-CMP-ShuffleBytes-CrossOver- DE: "<![CDATA["-
#36949	REDUCE cov: 8754 ft: 50305 corp: 1555/31Mb lim: 65536 exec/s: 410 rss: 446Mb L: 9929/65536 MS: 4 ChangeBinInt-CrossOver-ChangeBinInt-EraseBytes-
#36971	NEW    cov: 8754 ft: 50311 corp: 1556/31Mb lim: 65536 exec/s: 410 rss: 446Mb L: 761/65536 MS: 2 PersAutoDict-CopyPart- DE: "lock]"-
#36985	REDUCE cov: 8754 ft: 50311 corp: 1556/31Mb lim: 65536 exec/s: 410 rss: 446Mb L: 8570/65536 MS: 4 InsertByte-ChangeBinInt-ChangeASCIIInt-EraseBytes-
#37001	REDUCE cov: 8754 ft: 50311 corp: 1556/31Mb lim: 65536 exec/s: 411 rss: 446Mb L: 6784/65536 MS: 1 EraseBytes-
#37002	REDUCE cov: 8754 ft: 50311 corp: 1556/31Mb lim: 65536 exec/s: 411 rss: 446Mb L: 4330/65536 MS: 1 EraseBytes-
#37011	REDUCE cov: 8754 ft: 50311 corp: 1556/31Mb lim: 65536 exec/s: 411 rss: 446Mb L: 37199/65536 MS: 4 ChangeASCIIInt-CopyPart-ChangeBit-EraseBytes-
#37033	REDUCE cov: 8754 ft: 50311 corp: 1556/31Mb lim: 65536 exec/s: 411 rss: 446Mb L: 7164/65536 MS: 2 InsertByte-EraseBytes-
#37041	REDUCE cov: 8754 ft: 50311 corp: 1556/31Mb lim: 65536 exec/s: 411 rss: 446Mb L: 2290/65536 MS: 3 ShuffleBytes-ChangeBinInt-EraseBytes-
#37045	REDUCE cov: 8754 ft: 50311 corp: 1556/31Mb lim: 65536 exec/s: 411 rss: 446Mb L: 5803/65536 MS: 4 InsertRepeatedBytes-ChangeASCIIInt-ChangeASCIIInt-EraseBytes-
#37065	REDUCE cov: 8754 ft: 50311 corp: 1556/31Mb lim: 65536 exec/s: 411 rss: 447Mb L: 7745/65536 MS: 5 InsertByte-ChangeASCIIInt-InsertRepeatedBytes-ChangeASCIIInt-EraseBytes-
#37071	NEW    cov: 8754 ft: 50312 corp: 1557/31Mb lim: 65536 exec/s: 411 rss: 447Mb L: 20960/65536 MS: 1 CopyPart-
#37072	REDUCE cov: 8754 ft: 50312 corp: 1557/31Mb lim: 65536 exec/s: 411 rss: 447Mb L: 13445/65536 MS: 1 EraseBytes-
#37155	REDUCE cov: 8754 ft: 50312 corp: 1557/31Mb lim: 65536 exec/s: 412 rss: 447Mb L: 16167/65536 MS: 3 ShuffleBytes-ChangeBinInt-EraseBytes-
#37167	NEW    cov: 8754 ft: 50327 corp: 1558/31Mb lim: 65536 exec/s: 412 rss: 447Mb L: 51113/65536 MS: 2 ChangeByte-CopyPart-
#37186	REDUCE cov: 8754 ft: 50329 corp: 1559/31Mb lim: 65536 exec/s: 413 rss: 447Mb L: 11620/65536 MS: 4 ChangeBinInt-ChangeByte-InsertByte-CopyPart-
#37188	REDUCE cov: 8754 ft: 50329 corp: 1559/31Mb lim: 65536 exec/s: 413 rss: 447Mb L: 8073/65536 MS: 2 ChangeBit-EraseBytes-
#37205	REDUCE cov: 8754 ft: 50329 corp: 1559/31Mb lim: 65536 exec/s: 413 rss: 447Mb L: 8124/65536 MS: 2 ShuffleBytes-EraseBytes-
#37216	REDUCE cov: 8754 ft: 50329 corp: 1559/31Mb lim: 65536 exec/s: 413 rss: 447Mb L: 49313/65536 MS: 1 EraseBytes-
#37252	NEW    cov: 8754 ft: 50330 corp: 1560/31Mb lim: 65536 exec/s: 413 rss: 447Mb L: 39468/65536 MS: 1 CopyPart-
#37272	REDUCE cov: 8754 ft: 50330 corp: 1560/31Mb lim: 65536 exec/s: 414 rss: 447Mb L: 53684/65536 MS: 5 InsertRepeatedBytes-CMP-ChangeBinInt-ChangeBinInt-EraseBytes- DE: "\377\377b\000\001\005\342\220"-
#37276	REDUCE cov: 8754 ft: 50330 corp: 1560/31Mb lim: 65536 exec/s: 414 rss: 447Mb L: 6708/65536 MS: 4 InsertByte-ChangeBit-InsertByte-EraseBytes-
#37283	REDUCE cov: 8754 ft: 50330 corp: 1560/31Mb lim: 65536 exec/s: 414 rss: 447Mb L: 5395/65536 MS: 2 InsertByte-EraseBytes-
#37297	REDUCE cov: 8754 ft: 50371 corp: 1561/31Mb lim: 65536 exec/s: 414 rss: 447Mb L: 30236/65536 MS: 4 InsertByte-CrossOver-PersAutoDict-CopyPart- DE: "<\001ce made"-
#37317	REDUCE cov: 8754 ft: 50371 corp: 1561/31Mb lim: 65536 exec/s: 410 rss: 447Mb L: 621/65536 MS: 5 InsertByte-CMP-ChangeBit-ChangeBinInt-EraseBytes- DE: ";\000"-
#37350	REDUCE cov: 8754 ft: 50371 corp: 1561/31Mb lim: 65536 exec/s: 410 rss: 447Mb L: 3595/65536 MS: 3 ChangeByte-ChangeByte-EraseBytes-
#37352	NEW    cov: 8754 ft: 50372 corp: 1562/31Mb lim: 65536 exec/s: 410 rss: 447Mb L: 39154/65536 MS: 2 InsertRepeatedBytes-CopyPart-
#37376	NEW    cov: 8754 ft: 50411 corp: 1563/31Mb lim: 65536 exec/s: 410 rss: 447Mb L: 5436/65536 MS: 4 InsertRepeatedBytes-CrossOver-ChangeASCIIInt-CopyPart-
#37408	NEW    cov: 8754 ft: 50438 corp: 1564/31Mb lim: 65536 exec/s: 411 rss: 447Mb L: 63277/65536 MS: 2 EraseBytes-CopyPart-
#37423	NEW    cov: 8754 ft: 50439 corp: 1565/31Mb lim: 65536 exec/s: 411 rss: 447Mb L: 5396/65536 MS: 5 CrossOver-EraseBytes-ChangeByte-CrossOver-InsertByte-
#37429	REDUCE cov: 8754 ft: 50439 corp: 1565/31Mb lim: 65536 exec/s: 411 rss: 447Mb L: 17215/65536 MS: 1 EraseBytes-
#37430	NEW    cov: 8754 ft: 50457 corp: 1566/31Mb lim: 65536 exec/s: 411 rss: 447Mb L: 59841/65536 MS: 1 CopyPart-
#37448	REDUCE cov: 8754 ft: 50478 corp: 1567/32Mb lim: 65536 exec/s: 411 rss: 447Mb L: 8735/65536 MS: 3 CrossOver-InsertRepeatedBytes-CopyPart-
#37466	REDUCE cov: 8754 ft: 50478 corp: 1567/32Mb lim: 65536 exec/s: 411 rss: 447Mb L: 13153/65536 MS: 3 CopyPart-ChangeBinInt-EraseBytes-
#37499	REDUCE cov: 8754 ft: 50478 corp: 1567/32Mb lim: 65536 exec/s: 412 rss: 447Mb L: 327/65536 MS: 3 PersAutoDict-PersAutoDict-EraseBytes- DE: "\341\000\000\000"-"\352\321\212\001Pb\000\000"-
#37500	NEW    cov: 8754 ft: 50479 corp: 1568/32Mb lim: 65536 exec/s: 412 rss: 447Mb L: 33662/65536 MS: 1 CopyPart-
#37506	REDUCE cov: 8754 ft: 50479 corp: 1568/32Mb lim: 65536 exec/s: 412 rss: 447Mb L: 35435/65536 MS: 1 EraseBytes-
#37523	NEW    cov: 8754 ft: 50480 corp: 1569/32Mb lim: 65536 exec/s: 412 rss: 447Mb L: 35772/65536 MS: 2 PersAutoDict-CrossOver- DE: "\000\012"-
#37555	REDUCE cov: 8754 ft: 50480 corp: 1569/32Mb lim: 65536 exec/s: 412 rss: 447Mb L: 902/65536 MS: 2 CopyPart-EraseBytes-
#37610	NEW    cov: 8754 ft: 50481 corp: 1570/32Mb lim: 65536 exec/s: 413 rss: 447Mb L: 22865/65536 MS: 5 CrossOver-CrossOver-ShuffleBytes-CMP-CopyPart- DE: "&Darr;"-
#37622	NEW    cov: 8755 ft: 50482 corp: 1571/32Mb lim: 65536 exec/s: 413 rss: 447Mb L: 3390/65536 MS: 2 ChangeByte-ChangeBit-
#37679	REDUCE cov: 8755 ft: 50482 corp: 1571/32Mb lim: 65536 exec/s: 414 rss: 447Mb L: 18693/65536 MS: 2 CopyPart-EraseBytes-
#37740	REDUCE cov: 8755 ft: 50497 corp: 1572/32Mb lim: 65536 exec/s: 414 rss: 447Mb L: 41229/65536 MS: 1 CopyPart-
#37755	REDUCE cov: 8755 ft: 50497 corp: 1572/32Mb lim: 65536 exec/s: 414 rss: 447Mb L: 5918/65536 MS: 5 PersAutoDict-InsertByte-ChangeASCIIInt-InsertRepeatedBytes-EraseBytes- DE: "\326\251\001\000 a\000\000"-
#37781	REDUCE cov: 8755 ft: 50497 corp: 1572/32Mb lim: 65536 exec/s: 415 rss: 447Mb L: 21493/65536 MS: 1 EraseBytes-
#37786	NEW    cov: 8755 ft: 50543 corp: 1573/32Mb lim: 65536 exec/s: 415 rss: 447Mb L: 37908/65536 MS: 5 CrossOver-CopyPart-CopyPart-CMP-CrossOver- DE: "ftp"-
#37879	REDUCE cov: 8755 ft: 50543 corp: 1573/32Mb lim: 65536 exec/s: 411 rss: 447Mb L: 945/65536 MS: 3 ChangeBinInt-ChangeBinInt-EraseBytes-
#37937	NEW    cov: 8755 ft: 50557 corp: 1574/32Mb lim: 65536 exec/s: 412 rss: 447Mb L: 28266/65536 MS: 3 CrossOver-PersAutoDict-InsertRepeatedBytes- DE: "\000\000\000\000\000\000\000\000"-
#37974	REDUCE cov: 8755 ft: 50557 corp: 1574/32Mb lim: 65536 exec/s: 412 rss: 447Mb L: 2673/65536 MS: 2 InsertRepeatedBytes-EraseBytes-
#37988	REDUCE cov: 8755 ft: 50557 corp: 1574/32Mb lim: 65536 exec/s: 412 rss: 447Mb L: 760/65536 MS: 4 ChangeBit-ChangeBit-CMP-EraseBytes- DE: "says"-
#38008	REDUCE cov: 8755 ft: 50557 corp: 1574/32Mb lim: 65536 exec/s: 413 rss: 447Mb L: 34201/65536 MS: 5 ChangeASCIIInt-PersAutoDict-InsertByte-ChangeBinInt-EraseBytes- DE: "\330}+\000\200b\000\000"-
#38013	REDUCE cov: 8755 ft: 50557 corp: 1574/32Mb lim: 65536 exec/s: 413 rss: 447Mb L: 24313/65536 MS: 5 ChangeBit-ChangeByte-ShuffleBytes-InsertRepeatedBytes-EraseBytes-
#38061	NEW    cov: 8755 ft: 50558 corp: 1575/32Mb lim: 65536 exec/s: 413 rss: 447Mb L: 56729/65536 MS: 3 ChangeBinInt-ChangeBit-InsertByte-
#38063	REDUCE cov: 8755 ft: 50558 corp: 1575/32Mb lim: 65536 exec/s: 413 rss: 447Mb L: 15768/65536 MS: 2 ChangeASCIIInt-EraseBytes-
#38096	REDUCE cov: 8755 ft: 50626 corp: 1576/32Mb lim: 65536 exec/s: 414 rss: 447Mb L: 29690/65536 MS: 3 ChangeByte-CopyPart-CopyPart-
#38099	REDUCE cov: 8755 ft: 50626 corp: 1576/32Mb lim: 65536 exec/s: 414 rss: 447Mb L: 4425/65536 MS: 3 ChangeASCIIInt-PersAutoDict-EraseBytes- DE: "\001\000\000\017"-
#38114	REDUCE cov: 8755 ft: 50626 corp: 1576/32Mb lim: 65536 exec/s: 414 rss: 447Mb L: 32031/65536 MS: 5 PersAutoDict-EraseBytes-InsertByte-ChangeASCIIInt-CrossOver- DE: "\274w\362\000\220b\000\000"-
#38170	REDUCE cov: 8755 ft: 50626 corp: 1576/32Mb lim: 65536 exec/s: 414 rss: 447Mb L: 44112/65536 MS: 1 EraseBytes-
#38192	REDUCE cov: 8755 ft: 50626 corp: 1576/32Mb lim: 65536 exec/s: 415 rss: 447Mb L: 24111/65536 MS: 2 InsertByte-EraseBytes-
#38211	NEW    cov: 8755 ft: 50679 corp: 1577/32Mb lim: 65536 exec/s: 415 rss: 447Mb L: 18824/65536 MS: 4 CrossOver-ChangeASCIIInt-PersAutoDict-CrossOver- DE: "t\375y\000\300b\000\000"-
#38281	REDUCE cov: 8756 ft: 50692 corp: 1578/32Mb lim: 65536 exec/s: 411 rss: 447Mb L: 14745/65536 MS: 5 CMP-ChangeBinInt-CrossOver-ChangeByte-CrossOver- DE: "\000\000bp\000\202[\004"-
#38298	NEW    cov: 8756 ft: 50704 corp: 1579/32Mb lim: 65536 exec/s: 411 rss: 447Mb L: 9818/65536 MS: 2 ChangeBit-CopyPart-
#38344	REDUCE cov: 8756 ft: 50704 corp: 1579/32Mb lim: 65536 exec/s: 412 rss: 447Mb L: 17662/65536 MS: 1 EraseBytes-
#38376	REDUCE cov: 8756 ft: 50704 corp: 1579/32Mb lim: 65536 exec/s: 412 rss: 447Mb L: 18388/65536 MS: 2 ChangeBinInt-EraseBytes-
#38429	REDUCE cov: 8756 ft: 50704 corp: 1579/32Mb lim: 65536 exec/s: 413 rss: 447Mb L: 3542/65536 MS: 3 InsertRepeatedBytes-ShuffleBytes-EraseBytes-
#38513	REDUCE cov: 8756 ft: 50704 corp: 1579/32Mb lim: 65536 exec/s: 414 rss: 447Mb L: 3966/65536 MS: 4 ChangeBinInt-ChangeBinInt-EraseBytes-EraseBytes-
#38525	REDUCE cov: 8756 ft: 50704 corp: 1579/32Mb lim: 65536 exec/s: 414 rss: 447Mb L: 3780/65536 MS: 2 ChangeByte-EraseBytes-
#38531	REDUCE cov: 8756 ft: 50704 corp: 1579/32Mb lim: 65536 exec/s: 414 rss: 447Mb L: 1433/65536 MS: 1 EraseBytes-
#38612	REDUCE cov: 8756 ft: 50704 corp: 1579/32Mb lim: 65536 exec/s: 415 rss: 447Mb L: 9191/65536 MS: 1 EraseBytes-
#38628	REDUCE cov: 8756 ft: 50704 corp: 1579/32Mb lim: 65536 exec/s: 415 rss: 447Mb L: 2110/65536 MS: 1 EraseBytes-
#38641	REDUCE cov: 8756 ft: 50705 corp: 1580/32Mb lim: 65536 exec/s: 415 rss: 447Mb L: 21691/65536 MS: 3 ChangeASCIIInt-CopyPart-CrossOver-
#38644	REDUCE cov: 8756 ft: 50705 corp: 1580/32Mb lim: 65536 exec/s: 415 rss: 447Mb L: 30032/65536 MS: 3 CopyPart-PersAutoDict-EraseBytes- DE: "\000\000a\360\000\005?\015"-
#38667	REDUCE cov: 8756 ft: 50705 corp: 1580/32Mb lim: 65536 exec/s: 415 rss: 447Mb L: 14143/65536 MS: 3 ShuffleBytes-ShuffleBytes-EraseBytes-
#38681	NEW    cov: 8758 ft: 50707 corp: 1581/32Mb lim: 65536 exec/s: 415 rss: 447Mb L: 8360/65536 MS: 4 ShuffleBytes-CMP-CopyPart-CrossOver- DE: "\000\000\000\000\000\000\000\000"-
#38683	NEW    cov: 8758 ft: 50708 corp: 1582/32Mb lim: 65536 exec/s: 415 rss: 447Mb L: 29881/65536 MS: 2 CrossOver-CopyPart-
#38775	REDUCE cov: 8759 ft: 50710 corp: 1583/32Mb lim: 65536 exec/s: 412 rss: 447Mb L: 296/65536 MS: 2 ChangeByte-PersAutoDict- DE: "\356\0021\000\220b\000\000"-
#38778	REDUCE cov: 8759 ft: 50716 corp: 1584/32Mb lim: 65536 exec/s: 412 rss: 447Mb L: 33192/65536 MS: 3 EraseBytes-CopyPart-CopyPart-
#38792	REDUCE cov: 8759 ft: 50719 corp: 1585/32Mb lim: 65536 exec/s: 412 rss: 447Mb L: 52889/65536 MS: 4 ChangeBit-ChangeASCIIInt-PersAutoDict-CopyPart- DE: "\337\001\000\000"-
#38808	NEW    cov: 8759 ft: 50731 corp: 1586/32Mb lim: 65536 exec/s: 412 rss: 447Mb L: 59947/65536 MS: 1 CrossOver-
#38815	REDUCE cov: 8759 ft: 50731 corp: 1586/32Mb lim: 65536 exec/s: 412 rss: 447Mb L: 22550/65536 MS: 2 ChangeBinInt-EraseBytes-
#38824	REDUCE cov: 8759 ft: 50731 corp: 1586/32Mb lim: 65536 exec/s: 413 rss: 447Mb L: 9010/65536 MS: 4 PersAutoDict-ChangeASCIIInt-CMP-EraseBytes- DE: "\000\000ap\000\001\306\267"-"ftp"-
#38860	REDUCE cov: 8759 ft: 50731 corp: 1586/32Mb lim: 65536 exec/s: 413 rss: 447Mb L: 3456/65536 MS: 1 EraseBytes-
#38883	REDUCE cov: 8759 ft: 50731 corp: 1586/32Mb lim: 65536 exec/s: 413 rss: 447Mb L: 29271/65536 MS: 3 ChangeBit-ChangeBinInt-EraseBytes-
#38959	REDUCE cov: 8759 ft: 50731 corp: 1586/32Mb lim: 65536 exec/s: 414 rss: 447Mb L: 29795/65536 MS: 1 EraseBytes-
#38970	REDUCE cov: 8759 ft: 50731 corp: 1586/32Mb lim: 65536 exec/s: 414 rss: 447Mb L: 5841/65536 MS: 1 EraseBytes-
#38997	REDUCE cov: 8759 ft: 50731 corp: 1586/32Mb lim: 65536 exec/s: 414 rss: 447Mb L: 43164/65536 MS: 2 ShuffleBytes-EraseBytes-
#39003	REDUCE cov: 8759 ft: 50731 corp: 1586/32Mb lim: 65536 exec/s: 414 rss: 447Mb L: 5689/65536 MS: 1 EraseBytes-
#39059	REDUCE cov: 8759 ft: 50731 corp: 1586/32Mb lim: 65536 exec/s: 415 rss: 447Mb L: 15956/65536 MS: 1 EraseBytes-
#39064	REDUCE cov: 8759 ft: 50731 corp: 1586/32Mb lim: 65536 exec/s: 415 rss: 447Mb L: 13810/65536 MS: 5 CopyPart-CopyPart-PersAutoDict-InsertByte-EraseBytes- DE: "http"-
#39075	REDUCE cov: 8759 ft: 50731 corp: 1586/32Mb lim: 65536 exec/s: 415 rss: 447Mb L: 10012/65536 MS: 1 EraseBytes-
#39114	NEW    cov: 8759 ft: 50737 corp: 1587/32Mb lim: 65536 exec/s: 416 rss: 447Mb L: 4606/65536 MS: 4 ChangeBit-CrossOver-PersAutoDict-CopyPart- DE: "&gna"-
#39132	REDUCE cov: 8759 ft: 50737 corp: 1587/32Mb lim: 65536 exec/s: 416 rss: 447Mb L: 6227/65536 MS: 3 InsertByte-CrossOver-EraseBytes-
#39138	NEW    cov: 8759 ft: 50739 corp: 1588/32Mb lim: 65536 exec/s: 416 rss: 447Mb L: 21991/65536 MS: 1 EraseBytes-
#39146	REDUCE cov: 8759 ft: 50739 corp: 1588/32Mb lim: 65536 exec/s: 416 rss: 447Mb L: 27598/65536 MS: 3 ChangeByte-ChangeByte-EraseBytes-
#39171	NEW    cov: 8759 ft: 50741 corp: 1589/32Mb lim: 65536 exec/s: 416 rss: 448Mb L: 26761/65536 MS: 5 InsertRepeatedBytes-ChangeASCIIInt-ChangeBinInt-ShuffleBytes-CopyPart-
#39177	REDUCE cov: 8759 ft: 50741 corp: 1589/32Mb lim: 65536 exec/s: 416 rss: 448Mb L: 2738/65536 MS: 1 EraseBytes-
#39190	REDUCE cov: 8759 ft: 50741 corp: 1589/32Mb lim: 65536 exec/s: 412 rss: 449Mb L: 3196/65536 MS: 3 CrossOver-ShuffleBytes-EraseBytes-
#39196	NEW    cov: 8759 ft: 50771 corp: 1590/32Mb lim: 65536 exec/s: 412 rss: 449Mb L: 21212/65536 MS: 1 CopyPart-
#39208	REDUCE cov: 8759 ft: 50771 corp: 1590/32Mb lim: 65536 exec/s: 412 rss: 449Mb L: 3659/65536 MS: 2 ChangeByte-EraseBytes-
#39251	REDUCE cov: 8759 ft: 50771 corp: 1590/32Mb lim: 65536 exec/s: 413 rss: 449Mb L: 838/65536 MS: 3 CopyPart-CopyPart-EraseBytes-
#39290	REDUCE cov: 8759 ft: 50771 corp: 1590/32Mb lim: 65536 exec/s: 413 rss: 449Mb L: 27452/65536 MS: 4 ChangeBinInt-CMP-InsertByte-EraseBytes- DE: "http"-
#39333	REDUCE cov: 8759 ft: 50771 corp: 1590/32Mb lim: 65536 exec/s: 414 rss: 449Mb L: 25961/65536 MS: 3 ChangeByte-ChangeBinInt-EraseBytes-
#39356	REDUCE cov: 8759 ft: 50771 corp: 1590/32Mb lim: 65536 exec/s: 414 rss: 449Mb L: 21812/65536 MS: 3 CMP-CMP-EraseBytes- DE: "\276\316\202\001\320b\000\000"-"]]>"-
#39358	REDUCE cov: 8759 ft: 50771 corp: 1590/32Mb lim: 65536 exec/s: 414 rss: 449Mb L: 841/65536 MS: 2 PersAutoDict-EraseBytes- DE: "\274\363\006\000\020a\000\000"-
#39415	REDUCE cov: 8759 ft: 50771 corp: 1590/32Mb lim: 65536 exec/s: 414 rss: 449Mb L: 25381/65536 MS: 2 ChangeBit-EraseBytes-
#39418	REDUCE cov: 8759 ft: 50771 corp: 1590/32Mb lim: 65536 exec/s: 414 rss: 449Mb L: 8517/65536 MS: 3 InsertByte-ShuffleBytes-EraseBytes-
#39430	REDUCE cov: 8759 ft: 50771 corp: 1590/32Mb lim: 65536 exec/s: 415 rss: 449Mb L: 31725/65536 MS: 2 ChangeByte-EraseBytes-
#39448	REDUCE cov: 8762 ft: 50774 corp: 1591/32Mb lim: 65536 exec/s: 415 rss: 449Mb L: 504/65536 MS: 3 CopyPart-CMP-ChangeByte- DE: "o -"-
#39455	REDUCE cov: 8762 ft: 50774 corp: 1591/32Mb lim: 65536 exec/s: 415 rss: 449Mb L: 7123/65536 MS: 2 ShuffleBytes-EraseBytes-
#39457	NEW    cov: 8763 ft: 50775 corp: 1592/32Mb lim: 65536 exec/s: 415 rss: 449Mb L: 24820/65536 MS: 2 ChangeByte-CrossOver-
#39458	REDUCE cov: 8763 ft: 50775 corp: 1592/32Mb lim: 65536 exec/s: 415 rss: 449Mb L: 6355/65536 MS: 1 EraseBytes-
#39468	REDUCE cov: 8763 ft: 50776 corp: 1593/32Mb lim: 65536 exec/s: 415 rss: 449Mb L: 12596/65536 MS: 5 CMP-EraseBytes-InsertByte-CopyPart-CopyPart- DE: "\233\000"-
#39476	REDUCE cov: 8763 ft: 50776 corp: 1593/32Mb lim: 65536 exec/s: 415 rss: 449Mb L: 4516/65536 MS: 3 CopyPart-ChangeByte-EraseBytes-
#39496	REDUCE cov: 8763 ft: 50776 corp: 1593/32Mb lim: 65536 exec/s: 415 rss: 449Mb L: 8052/65536 MS: 5 ChangeASCIIInt-ChangeBit-PersAutoDict-InsertRepeatedBytes-CrossOver- DE: "\377\377\222\233"-
#39504	NEW    cov: 8763 ft: 50777 corp: 1594/32Mb lim: 65536 exec/s: 415 rss: 449Mb L: 42581/65536 MS: 3 PersAutoDict-InsertRepeatedBytes-ShuffleBytes- DE: "i\301'\000pa\000\000"-
#39538	REDUCE cov: 8763 ft: 50777 corp: 1594/32Mb lim: 65536 exec/s: 416 rss: 450Mb L: 21606/65536 MS: 4 PersAutoDict-ChangeBit-ChangeByte-EraseBytes- DE: "&Differ"-
#39541	REDUCE cov: 8763 ft: 50777 corp: 1594/32Mb lim: 65536 exec/s: 416 rss: 450Mb L: 26971/65536 MS: 3 ChangeByte-ChangeASCIIInt-EraseBytes-
#39599	REDUCE cov: 8763 ft: 50777 corp: 1594/32Mb lim: 65536 exec/s: 416 rss: 450Mb L: 1377/65536 MS: 3 InsertByte-CopyPart-EraseBytes-
#39670	REDUCE cov: 8763 ft: 50777 corp: 1594/32Mb lim: 65536 exec/s: 413 rss: 451Mb L: 8319/65536 MS: 1 EraseBytes-
#39702	REDUCE cov: 8763 ft: 50777 corp: 1594/32Mb lim: 65536 exec/s: 413 rss: 451Mb L: 5709/65536 MS: 2 InsertByte-EraseBytes-
#39728	REDUCE cov: 8763 ft: 50777 corp: 1594/32Mb lim: 65536 exec/s: 413 rss: 451Mb L: 49847/65536 MS: 1 EraseBytes-
#39742	REDUCE cov: 8763 ft: 50777 corp: 1594/32Mb lim: 65536 exec/s: 413 rss: 451Mb L: 18081/65536 MS: 4 PersAutoDict-ChangeByte-ChangeByte-EraseBytes- DE: "\001!"-
#39779	REDUCE cov: 8763 ft: 50777 corp: 1594/32Mb lim: 65536 exec/s: 414 rss: 451Mb L: 29957/65536 MS: 2 ShuffleBytes-EraseBytes-
#39783	REDUCE cov: 8763 ft: 50777 corp: 1594/32Mb lim: 65536 exec/s: 414 rss: 451Mb L: 41270/65536 MS: 4 ChangeByte-ChangeByte-InsertByte-CrossOver-
#39790	NEW    cov: 8763 ft: 50778 corp: 1595/32Mb lim: 65536 exec/s: 414 rss: 451Mb L: 8774/65536 MS: 2 CMP-InsertRepeatedBytes- DE: "\000\021"-
#39821	REDUCE cov: 8763 ft: 50778 corp: 1595/32Mb lim: 65536 exec/s: 414 rss: 451Mb L: 11893/65536 MS: 1 EraseBytes-
#39867	NEW    cov: 8763 ft: 50779 corp: 1596/32Mb lim: 65536 exec/s: 415 rss: 451Mb L: 43/65536 MS: 1 EraseBytes-
#39898	NEW    cov: 8763 ft: 50780 corp: 1597/32Mb lim: 65536 exec/s: 415 rss: 451Mb L: 29690/65536 MS: 1 ChangeByte-
#39906	REDUCE cov: 8763 ft: 50780 corp: 1597/32Mb lim: 65536 exec/s: 415 rss: 451Mb L: 278/65536 MS: 3 ShuffleBytes-ShuffleBytes-EraseBytes-
#39914	REDUCE cov: 8763 ft: 50780 corp: 1597/32Mb lim: 65536 exec/s: 415 rss: 451Mb L: 58464/65536 MS: 3 InsertRepeatedBytes-ShuffleBytes-EraseBytes-
#39925	REDUCE cov: 8763 ft: 50780 corp: 1597/32Mb lim: 65536 exec/s: 415 rss: 451Mb L: 471/65536 MS: 1 EraseBytes-
#39984	NEW    cov: 8763 ft: 50781 corp: 1598/32Mb lim: 65536 exec/s: 416 rss: 451Mb L: 2546/65536 MS: 4 PersAutoDict-ChangeBinInt-InsertByte-InsertRepeatedBytes- DE: "\226\011\000\000"-
#39996	REDUCE cov: 8763 ft: 50781 corp: 1598/32Mb lim: 65536 exec/s: 416 rss: 451Mb L: 26471/65536 MS: 2 ChangeASCIIInt-EraseBytes-
#40014	REDUCE cov: 8763 ft: 50781 corp: 1598/32Mb lim: 65536 exec/s: 416 rss: 451Mb L: 8265/65536 MS: 3 InsertRepeatedBytes-PersAutoDict-EraseBytes- DE: "P\257F\000\000b\000\000"-
#40034	REDUCE cov: 8763 ft: 50781 corp: 1598/32Mb lim: 65536 exec/s: 417 rss: 451Mb L: 34142/65536 MS: 5 ChangeBit-ChangeASCIIInt-ChangeASCIIInt-CMP-EraseBytes- DE: "\001\000?\220"-
#40040	NEW    cov: 8763 ft: 50783 corp: 1599/32Mb lim: 65536 exec/s: 417 rss: 451Mb L: 28100/65536 MS: 1 CopyPart-
#40069	NEW    cov: 8763 ft: 50824 corp: 1600/32Mb lim: 65536 exec/s: 413 rss: 451Mb L: 52682/65536 MS: 4 InsertRepeatedBytes-InsertRepeatedBytes-InsertRepeatedBytes-CopyPart-
#40085	REDUCE cov: 8763 ft: 50824 corp: 1600/32Mb lim: 65536 exec/s: 413 rss: 451Mb L: 19831/65536 MS: 1 EraseBytes-
#40106	NEW    cov: 8763 ft: 50860 corp: 1601/32Mb lim: 65536 exec/s: 413 rss: 451Mb L: 60558/65536 MS: 1 CrossOver-
#40118	NEW    cov: 8763 ft: 50948 corp: 1602/32Mb lim: 65536 exec/s: 413 rss: 451Mb L: 57549/65536 MS: 2 ChangeBinInt-CopyPart-
#40122	REDUCE cov: 8763 ft: 50948 corp: 1602/32Mb lim: 65536 exec/s: 413 rss: 451Mb L: 1422/65536 MS: 4 ChangeByte-ChangeByte-PersAutoDict-EraseBytes- DE: "\3770"-
#40125	NEW    cov: 8763 ft: 50950 corp: 1603/32Mb lim: 65536 exec/s: 413 rss: 451Mb L: 31674/65536 MS: 3 ChangeASCIIInt-PersAutoDict-CopyPart- DE: ";\000"-
#40135	NEW    cov: 8763 ft: 50952 corp: 1604/32Mb lim: 65536 exec/s: 413 rss: 451Mb L: 35469/65536 MS: 5 InsertByte-InsertByte-ChangeBit-ShuffleBytes-ChangeBinInt-
#40145	REDUCE cov: 8763 ft: 50952 corp: 1604/32Mb lim: 65536 exec/s: 413 rss: 451Mb L: 31485/65536 MS: 5 CMP-ChangeBinInt-InsertRepeatedBytes-ChangeBinInt-EraseBytes- DE: ",\000\000\000"-
#40174	REDUCE cov: 8763 ft: 50952 corp: 1604/32Mb lim: 65536 exec/s: 414 rss: 451Mb L: 25153/65536 MS: 4 ChangeBit-CMP-ChangeBit-EraseBytes- DE: "\377\377\377\377\377\377\377\377"-
#40200	REDUCE cov: 8763 ft: 50952 corp: 1604/32Mb lim: 65536 exec/s: 414 rss: 451Mb L: 10190/65536 MS: 1 EraseBytes-
#40218	REDUCE cov: 8763 ft: 50952 corp: 1604/32Mb lim: 65536 exec/s: 414 rss: 451Mb L: 38899/65536 MS: 3 InsertByte-ChangeBit-EraseBytes-
#40244	REDUCE cov: 8763 ft: 50952 corp: 1604/32Mb lim: 65536 exec/s: 414 rss: 451Mb L: 194/65536 MS: 1 EraseBytes-
#40255	REDUCE cov: 8763 ft: 50952 corp: 1604/32Mb lim: 65536 exec/s: 415 rss: 451Mb L: 11568/65536 MS: 1 EraseBytes-
#40258	REDUCE cov: 8763 ft: 50952 corp: 1604/32Mb lim: 65536 exec/s: 415 rss: 451Mb L: 1202/65536 MS: 3 CopyPart-ChangeBinInt-EraseBytes-
#40330	NEW    cov: 8763 ft: 50953 corp: 1605/32Mb lim: 65536 exec/s: 415 rss: 451Mb L: 12597/65536 MS: 2 InsertByte-CopyPart-
#40349	REDUCE cov: 8763 ft: 50954 corp: 1606/32Mb lim: 65536 exec/s: 415 rss: 451Mb L: 27297/65536 MS: 4 InsertRepeatedBytes-CopyPart-ChangeBit-CopyPart-
#40365	NEW    cov: 8763 ft: 50986 corp: 1607/32Mb lim: 65536 exec/s: 416 rss: 451Mb L: 51454/65536 MS: 1 CopyPart-
#40401	REDUCE cov: 8763 ft: 50986 corp: 1607/32Mb lim: 65536 exec/s: 416 rss: 451Mb L: 26418/65536 MS: 1 EraseBytes-
#40427	REDUCE cov: 8763 ft: 50987 corp: 1608/32Mb lim: 65536 exec/s: 416 rss: 451Mb L: 2583/65536 MS: 1 EraseBytes-
#40468	REDUCE cov: 8763 ft: 50987 corp: 1608/32Mb lim: 65536 exec/s: 417 rss: 451Mb L: 815/65536 MS: 1 EraseBytes-
#40474	REDUCE cov: 8763 ft: 50987 corp: 1608/32Mb lim: 65536 exec/s: 417 rss: 451Mb L: 1498/65536 MS: 1 EraseBytes-
#40477	REDUCE cov: 8763 ft: 50987 corp: 1608/32Mb lim: 65536 exec/s: 413 rss: 451Mb L: 5472/65536 MS: 3 ShuffleBytes-InsertRepeatedBytes-EraseBytes-
#40486	NEW    cov: 8763 ft: 50992 corp: 1609/32Mb lim: 65536 exec/s: 413 rss: 451Mb L: 305/65536 MS: 4 InsertByte-ChangeBit-PersAutoDict-InsertRepeatedBytes- DE: "o -"-
#40520	REDUCE cov: 8763 ft: 50994 corp: 1610/32Mb lim: 65536 exec/s: 413 rss: 451Mb L: 33207/65536 MS: 4 ChangeBit-PersAutoDict-CrossOver-CopyPart- DE: "<![CDATA["-
#40528	NEW    cov: 8763 ft: 50995 corp: 1611/32Mb lim: 65536 exec/s: 413 rss: 451Mb L: 34738/65536 MS: 3 CopyPart-InsertRepeatedBytes-CrossOver-
#40529	REDUCE cov: 8763 ft: 50995 corp: 1611/32Mb lim: 65536 exec/s: 413 rss: 451Mb L: 30947/65536 MS: 1 CrossOver-
#40532	REDUCE cov: 8763 ft: 50995 corp: 1611/32Mb lim: 65536 exec/s: 413 rss: 451Mb L: 788/65536 MS: 3 CMP-ChangeBinInt-EraseBytes- DE: "\357\273\277"-
#40533	NEW    cov: 8763 ft: 50996 corp: 1612/32Mb lim: 65536 exec/s: 413 rss: 451Mb L: 62253/65536 MS: 1 CopyPart-
#40534	NEW    cov: 8763 ft: 50998 corp: 1613/32Mb lim: 65536 exec/s: 413 rss: 451Mb L: 65536/65536 MS: 1 CopyPart-
#40535	REDUCE cov: 8763 ft: 50998 corp: 1613/32Mb lim: 65536 exec/s: 413 rss: 451Mb L: 22646/65536 MS: 1 EraseBytes-
#40558	REDUCE cov: 8763 ft: 50998 corp: 1613/32Mb lim: 65536 exec/s: 413 rss: 451Mb L: 6593/65536 MS: 3 ChangeBit-CopyPart-EraseBytes-
#40583	NEW    cov: 8763 ft: 50999 corp: 1614/32Mb lim: 65536 exec/s: 414 rss: 451Mb L: 43656/65536 MS: 5 ChangeASCIIInt-ChangeByte-CMP-ChangeBinInt-CopyPart- DE: "<nd doubl"-
#40584	REDUCE cov: 8763 ft: 50999 corp: 1614/32Mb lim: 65536 exec/s: 414 rss: 451Mb L: 959/65536 MS: 1 EraseBytes-
#40604	REDUCE cov: 8763 ft: 50999 corp: 1614/32Mb lim: 65536 exec/s: 414 rss: 451Mb L: 3757/65536 MS: 5 ChangeBit-ChangeByte-PersAutoDict-ChangeBinInt-EraseBytes- DE: "\000\000a\340\000M\363_"-
#40634	NEW    cov: 8763 ft: 51000 corp: 1615/32Mb lim: 65536 exec/s: 414 rss: 451Mb L: 14144/65536 MS: 5 ShuffleBytes-ChangeASCIIInt-InsertRepeatedBytes-PersAutoDict-CopyPart- DE: "Y\250"-
#40661	REDUCE cov: 8763 ft: 51000 corp: 1615/32Mb lim: 65536 exec/s: 414 rss: 451Mb L: 7159/65536 MS: 2 InsertByte-EraseBytes-
#40675	NEW    cov: 8764 ft: 51001 corp: 1616/32Mb lim: 65536 exec/s: 415 rss: 451Mb L: 21403/65536 MS: 4 ShuffleBytes-InsertByte-CrossOver-EraseBytes-
#40686	REDUCE cov: 8764 ft: 51001 corp: 1616/32Mb lim: 65536 exec/s: 415 rss: 451Mb L: 12423/65536 MS: 1 EraseBytes-
#40690	REDUCE cov: 8764 ft: 51001 corp: 1616/32Mb lim: 65536 exec/s: 415 rss: 451Mb L: 24145/65536 MS: 4 ShuffleBytes-CrossOver-ChangeBit-EraseBytes-
#40787	REDUCE cov: 8764 ft: 51001 corp: 1616/32Mb lim: 65536 exec/s: 416 rss: 451Mb L: 24111/65536 MS: 2 ChangeBit-CrossOver-
#40841	NEW    cov: 8764 ft: 51002 corp: 1617/32Mb lim: 65536 exec/s: 416 rss: 451Mb L: 61053/65536 MS: 4 InsertRepeatedBytes-CrossOver-CopyPart-ChangeByte-
#40903	REDUCE cov: 8764 ft: 51002 corp: 1617/32Mb lim: 65536 exec/s: 417 rss: 451Mb L: 2670/65536 MS: 2 ChangeBit-EraseBytes-
#40929	REDUCE cov: 8764 ft: 51002 corp: 1617/32Mb lim: 65536 exec/s: 417 rss: 451Mb L: 47868/65536 MS: 1 CrossOver-
#40957	NEW    cov: 8764 ft: 51003 corp: 1618/32Mb lim: 65536 exec/s: 417 rss: 451Mb L: 11839/65536 MS: 3 InsertByte-CrossOver-CopyPart-
#40960	REDUCE cov: 8764 ft: 51003 corp: 1618/32Mb lim: 65536 exec/s: 417 rss: 451Mb L: 176/65536 MS: 3 ChangeByte-ChangeBit-EraseBytes-
#40989	REDUCE cov: 8764 ft: 51003 corp: 1618/32Mb lim: 65536 exec/s: 418 rss: 451Mb L: 29249/65536 MS: 4 InsertRepeatedBytes-InsertByte-ShuffleBytes-EraseBytes-
#40990	REDUCE cov: 8764 ft: 51003 corp: 1618/32Mb lim: 65536 exec/s: 418 rss: 451Mb L: 1305/65536 MS: 1 EraseBytes-
#41099	REDUCE cov: 8764 ft: 51003 corp: 1618/32Mb lim: 65536 exec/s: 415 rss: 451Mb L: 3819/65536 MS: 4 InsertRepeatedBytes-ChangeByte-ChangeASCIIInt-EraseBytes-
#41107	REDUCE cov: 8764 ft: 51003 corp: 1618/32Mb lim: 65536 exec/s: 415 rss: 451Mb L: 19677/65536 MS: 3 ChangeASCIIInt-CMP-EraseBytes- DE: "\001\000\000;"-
#41163	REDUCE cov: 8764 ft: 51003 corp: 1618/32Mb lim: 65536 exec/s: 415 rss: 451Mb L: 47091/65536 MS: 1 EraseBytes-
#41209	REDUCE cov: 8764 ft: 51003 corp: 1618/32Mb lim: 65536 exec/s: 416 rss: 451Mb L: 18117/65536 MS: 1 EraseBytes-
#41233	REDUCE cov: 8764 ft: 51003 corp: 1618/32Mb lim: 65536 exec/s: 416 rss: 451Mb L: 3244/65536 MS: 4 InsertByte-CrossOver-ChangeByte-EraseBytes-
#41236	REDUCE cov: 8764 ft: 51003 corp: 1618/32Mb lim: 65536 exec/s: 416 rss: 451Mb L: 17917/65536 MS: 3 ChangeByte-ShuffleBytes-EraseBytes-
#41266	REDUCE cov: 8764 ft: 51003 corp: 1618/32Mb lim: 65536 exec/s: 416 rss: 451Mb L: 18356/65536 MS: 5 PersAutoDict-CopyPart-ChangeASCIIInt-PersAutoDict-EraseBytes- DE: "\015\000"-"cks]"-
#41301	REDUCE cov: 8764 ft: 51003 corp: 1618/32Mb lim: 65536 exec/s: 417 rss: 451Mb L: 6766/65536 MS: 5 ChangeASCIIInt-InsertRepeatedBytes-CopyPart-ChangeBinInt-EraseBytes-
#41325	REDUCE cov: 8764 ft: 51094 corp: 1619/32Mb lim: 65536 exec/s: 417 rss: 451Mb L: 50820/65536 MS: 4 CopyPart-ChangeByte-PersAutoDict-CopyPart- DE: ",\000\000\000"-
#41328	REDUCE cov: 8764 ft: 51094 corp: 1619/32Mb lim: 65536 exec/s: 417 rss: 451Mb L: 22253/65536 MS: 3 CMP-InsertRepeatedBytes-EraseBytes- DE: "\000\000b\360\000\033\352\177"-
#41379	REDUCE cov: 8764 ft: 51094 corp: 1619/32Mb lim: 65536 exec/s: 417 rss: 451Mb L: 20551/65536 MS: 1 EraseBytes-
#41380	NEW    cov: 8764 ft: 51095 corp: 1620/32Mb lim: 65536 exec/s: 417 rss: 451Mb L: 611/65536 MS: 1 CopyPart-
#41403	REDUCE cov: 8764 ft: 51095 corp: 1620/32Mb lim: 65536 exec/s: 418 rss: 451Mb L: 11190/65536 MS: 3 ChangeASCIIInt-CMP-EraseBytes- DE: "\275;\023\000\200b\000\000"-
#41461	REDUCE cov: 8764 ft: 51095 corp: 1620/32Mb lim: 65536 exec/s: 418 rss: 451Mb L: 1541/65536 MS: 3 ChangeASCIIInt-ShuffleBytes-EraseBytes-
#41507	REDUCE cov: 8764 ft: 51095 corp: 1620/32Mb lim: 65536 exec/s: 415 rss: 451Mb L: 9864/65536 MS: 1 EraseBytes-
#41519	REDUCE cov: 8764 ft: 51095 corp: 1620/32Mb lim: 65536 exec/s: 415 rss: 451Mb L: 7582/65536 MS: 2 ChangeByte-EraseBytes-
#41528	NEW    cov: 8764 ft: 51096 corp: 1621/33Mb lim: 65536 exec/s: 415 rss: 451Mb L: 35948/65536 MS: 4 ShuffleBytes-PersAutoDict-ChangeBinInt-CopyPart- DE: "<https://"-
#41731	REDUCE cov: 8764 ft: 51096 corp: 1621/33Mb lim: 65536 exec/s: 417 rss: 451Mb L: 35755/65536 MS: 3 InsertRepeatedBytes-ChangeASCIIInt-EraseBytes-
#41736	NEW    cov: 8764 ft: 51099 corp: 1622/33Mb lim: 65536 exec/s: 417 rss: 451Mb L: 1224/65536 MS: 5 InsertRepeatedBytes-ChangeByte-ChangeByte-InsertRepeatedBytes-CopyPart-
#41743	NEW    cov: 8764 ft: 51101 corp: 1623/33Mb lim: 65536 exec/s: 417 rss: 451Mb L: 34350/65536 MS: 2 CrossOver-CopyPart-
#41752	REDUCE cov: 8764 ft: 51101 corp: 1623/33Mb lim: 65536 exec/s: 417 rss: 451Mb L: 25950/65536 MS: 4 ChangeASCIIInt-ChangeBit-CMP-EraseBytes- DE: "http"-
#41771	REDUCE cov: 8764 ft: 51101 corp: 1623/33Mb lim: 65536 exec/s: 417 rss: 451Mb L: 40309/65536 MS: 4 ShuffleBytes-ChangeBinInt-CopyPart-EraseBytes-
#41828	REDUCE cov: 8764 ft: 51101 corp: 1623/33Mb lim: 65536 exec/s: 418 rss: 451Mb L: 8609/65536 MS: 2 PersAutoDict-EraseBytes- DE: "\001\000b\320\001\012=9"-
#41846	REDUCE cov: 8764 ft: 51101 corp: 1623/33Mb lim: 65536 exec/s: 418 rss: 451Mb L: 18670/65536 MS: 3 ChangeASCIIInt-ChangeBinInt-EraseBytes-
#41907	REDUCE cov: 8764 ft: 51102 corp: 1624/33Mb lim: 65536 exec/s: 414 rss: 451Mb L: 25931/65536 MS: 1 CopyPart-
#41927	NEW    cov: 8764 ft: 51206 corp: 1625/33Mb lim: 65536 exec/s: 415 rss: 451Mb L: 60754/65536 MS: 5 InsertByte-ShuffleBytes-ChangeBit-CrossOver-CrossOver-
#41928	REDUCE cov: 8764 ft: 51206 corp: 1625/33Mb lim: 65536 exec/s: 415 rss: 451Mb L: 59339/65536 MS: 1 EraseBytes-
#41996	REDUCE cov: 8764 ft: 51206 corp: 1625/33Mb lim: 65536 exec/s: 415 rss: 451Mb L: 181/65536 MS: 3 InsertRepeatedBytes-CMP-EraseBytes- DE: "\035\000"-
#42068	REDUCE cov: 8764 ft: 51206 corp: 1625/33Mb lim: 65536 exec/s: 416 rss: 451Mb L: 52167/65536 MS: 2 ChangeBit-EraseBytes-
#42073	REDUCE cov: 8764 ft: 51206 corp: 1625/33Mb lim: 65536 exec/s: 416 rss: 451Mb L: 15357/65536 MS: 5 ChangeBinInt-ChangeBit-ShuffleBytes-ChangeBinInt-EraseBytes-
#42083	NEW    cov: 8764 ft: 51210 corp: 1626/33Mb lim: 65536 exec/s: 416 rss: 451Mb L: 24408/65536 MS: 5 InsertRepeatedBytes-CMP-InsertByte-ChangeByte-CrossOver- DE: "\377\377`\200\000\002S\270"-
#42112	NEW    cov: 8764 ft: 51211 corp: 1627/33Mb lim: 65536 exec/s: 416 rss: 451Mb L: 6928/65536 MS: 4 EraseBytes-InsertRepeatedBytes-CrossOver-CopyPart-
#42125	REDUCE cov: 8764 ft: 51211 corp: 1627/33Mb lim: 65536 exec/s: 417 rss: 451Mb L: 4580/65536 MS: 3 ChangeBit-InsertByte-EraseBytes-
#42129	REDUCE cov: 8764 ft: 51211 corp: 1627/33Mb lim: 65536 exec/s: 417 rss: 451Mb L: 22505/65536 MS: 4 CMP-ShuffleBytes-ChangeBinInt-EraseBytes- DE: "\002\000"-
#42241	REDUCE cov: 8764 ft: 51211 corp: 1627/33Mb lim: 65536 exec/s: 418 rss: 451Mb L: 315/65536 MS: 2 InsertRepeatedBytes-EraseBytes-
#42283	REDUCE cov: 8764 ft: 51211 corp: 1627/33Mb lim: 65536 exec/s: 414 rss: 451Mb L: 17045/65536 MS: 2 ChangeByte-EraseBytes-
#42299	REDUCE cov: 8764 ft: 51211 corp: 1627/33Mb lim: 65536 exec/s: 414 rss: 451Mb L: 9074/65536 MS: 1 EraseBytes-
#42315	REDUCE cov: 8764 ft: 51211 corp: 1627/33Mb lim: 65536 exec/s: 414 rss: 451Mb L: 7971/65536 MS: 1 EraseBytes-
#42320	REDUCE cov: 8764 ft: 51211 corp: 1627/33Mb lim: 65536 exec/s: 414 rss: 451Mb L: 56225/65536 MS: 5 InsertByte-ChangeBit-InsertByte-ChangeBinInt-EraseBytes-
#42326	REDUCE cov: 8764 ft: 51212 corp: 1628/33Mb lim: 65536 exec/s: 414 rss: 451Mb L: 40459/65536 MS: 1 CopyPart-
#42345	REDUCE cov: 8764 ft: 51212 corp: 1628/33Mb lim: 65536 exec/s: 415 rss: 451Mb L: 11365/65536 MS: 4 ChangeByte-ChangeBinInt-PersAutoDict-EraseBytes- DE: "\000\000ap\000\001\306\267"-
#42353	NEW    cov: 8764 ft: 51240 corp: 1629/33Mb lim: 65536 exec/s: 415 rss: 451Mb L: 50763/65536 MS: 3 ChangeBit-PersAutoDict-CopyPart- DE: "/\000\000\000"-
#42392	REDUCE cov: 8764 ft: 51240 corp: 1629/33Mb lim: 65536 exec/s: 415 rss: 451Mb L: 16642/65536 MS: 4 ChangeByte-ChangeASCIIInt-ChangeByte-EraseBytes-
#42405	NEW    cov: 8764 ft: 51241 corp: 1630/33Mb lim: 65536 exec/s: 415 rss: 451Mb L: 11271/65536 MS: 3 InsertRepeatedBytes-ChangeASCIIInt-PersAutoDict- DE: "\001\000bp\000&\354\373"-
#42421	REDUCE cov: 8764 ft: 51241 corp: 1630/33Mb lim: 65536 exec/s: 415 rss: 451Mb L: 6165/65536 MS: 1 EraseBytes-
#42484	NEW    cov: 8764 ft: 51251 corp: 1631/33Mb lim: 65536 exec/s: 416 rss: 451Mb L: 7621/65536 MS: 3 CMP-CopyPart-InsertByte- DE: ",\004\335\000\020c\000\000"-
#42506	REDUCE cov: 8764 ft: 51251 corp: 1631/33Mb lim: 65536 exec/s: 416 rss: 451Mb L: 19548/65536 MS: 2 ChangeASCIIInt-EraseBytes-
#42507	NEW    cov: 8767 ft: 51254 corp: 1632/33Mb lim: 65536 exec/s: 416 rss: 451Mb L: 18330/65536 MS: 1 CrossOver-
#42512	REDUCE cov: 8767 ft: 51254 corp: 1632/33Mb lim: 65536 exec/s: 416 rss: 451Mb L: 27861/65536 MS: 5 ChangeBit-InsertByte-PersAutoDict-ShuffleBytes-CrossOver- DE: "&gt;"-
#42518	REDUCE cov: 8767 ft: 51254 corp: 1632/33Mb lim: 65536 exec/s: 416 rss: 451Mb L: 4415/65536 MS: 1 EraseBytes-
#42528	NEW    cov: 8767 ft: 51303 corp: 1633/33Mb lim: 65536 exec/s: 416 rss: 451Mb L: 29912/65536 MS: 5 ChangeByte-ChangeBit-ChangeBinInt-ChangeBinInt-CopyPart-
#42605	REDUCE cov: 8767 ft: 51303 corp: 1633/33Mb lim: 65536 exec/s: 417 rss: 451Mb L: 30084/65536 MS: 2 InsertRepeatedBytes-EraseBytes-
#42622	NEW    cov: 8767 ft: 51318 corp: 1634/33Mb lim: 65536 exec/s: 413 rss: 451Mb L: 55833/65536 MS: 2 InsertByte-CopyPart-
#42653	REDUCE cov: 8767 ft: 51318 corp: 1634/33Mb lim: 65536 exec/s: 414 rss: 451Mb L: 21036/65536 MS: 1 EraseBytes-
#42664	REDUCE cov: 8767 ft: 51318 corp: 1634/33Mb lim: 65536 exec/s: 414 rss: 451Mb L: 5644/65536 MS: 1 EraseBytes-
#42687	REDUCE cov: 8767 ft: 51318 corp: 1634/33Mb lim: 65536 exec/s: 414 rss: 451Mb L: 6627/65536 MS: 3 CopyPart-ChangeByte-EraseBytes-
#42691	REDUCE cov: 8767 ft: 51318 corp: 1634/33Mb lim: 65536 exec/s: 414 rss: 451Mb L: 2300/65536 MS: 4 ShuffleBytes-ChangeASCIIInt-ShuffleBytes-EraseBytes-
#42702	REDUCE cov: 8767 ft: 51318 corp: 1634/33Mb lim: 65536 exec/s: 414 rss: 451Mb L: 38689/65536 MS: 1 EraseBytes-
#42728	REDUCE cov: 8767 ft: 51318 corp: 1634/33Mb lim: 65536 exec/s: 414 rss: 451Mb L: 975/65536 MS: 1 EraseBytes-
#42747	REDUCE cov: 8767 ft: 51318 corp: 1634/33Mb lim: 65536 exec/s: 415 rss: 451Mb L: 57105/65536 MS: 4 ChangeBinInt-InsertRepeatedBytes-ChangeBinInt-EraseBytes-
#42751	NEW    cov: 8767 ft: 51351 corp: 1635/33Mb lim: 65536 exec/s: 415 rss: 451Mb L: 21264/65536 MS: 4 ChangeByte-CrossOver-ChangeByte-EraseBytes-
#42783	REDUCE cov: 8768 ft: 51352 corp: 1636/33Mb lim: 65536 exec/s: 415 rss: 451Mb L: 2512/65536 MS: 2 ChangeBinInt-CrossOver-
#42792	NEW    cov: 8768 ft: 51354 corp: 1637/33Mb lim: 65536 exec/s: 415 rss: 451Mb L: 62215/65536 MS: 4 EraseBytes-ChangeASCIIInt-CopyPart-CopyPart-
#42824	REDUCE cov: 8768 ft: 51354 corp: 1637/33Mb lim: 65536 exec/s: 415 rss: 451Mb L: 9501/65536 MS: 2 ChangeBit-EraseBytes-
#42841	REDUCE cov: 8768 ft: 51354 corp: 1637/33Mb lim: 65536 exec/s: 415 rss: 451Mb L: 33623/65536 MS: 2 CopyPart-EraseBytes-
#42844	REDUCE cov: 8768 ft: 51354 corp: 1637/33Mb lim: 65536 exec/s: 415 rss: 451Mb L: 7719/65536 MS: 3 InsertRepeatedBytes-ShuffleBytes-EraseBytes-
#42866	REDUCE cov: 8768 ft: 51354 corp: 1637/33Mb lim: 65536 exec/s: 416 rss: 451Mb L: 186/65536 MS: 2 ChangeBit-EraseBytes-
#42899	REDUCE cov: 8768 ft: 51354 corp: 1637/33Mb lim: 65536 exec/s: 416 rss: 451Mb L: 19552/65536 MS: 3 ChangeASCIIInt-CMP-EraseBytes- DE: "\023\000\000\000"-
#42916	REDUCE cov: 8768 ft: 51354 corp: 1637/33Mb lim: 65536 exec/s: 416 rss: 451Mb L: 2422/65536 MS: 2 ShuffleBytes-EraseBytes-
#42927	REDUCE cov: 8768 ft: 51354 corp: 1637/33Mb lim: 65536 exec/s: 416 rss: 451Mb L: 59430/65536 MS: 1 EraseBytes-
#42943	NEW    cov: 8768 ft: 51355 corp: 1638/33Mb lim: 65536 exec/s: 416 rss: 451Mb L: 2172/65536 MS: 1 CrossOver-
#42945	REDUCE cov: 8768 ft: 51355 corp: 1638/33Mb lim: 65536 exec/s: 416 rss: 451Mb L: 2490/65536 MS: 2 PersAutoDict-EraseBytes- DE: "\006\000"-
#42998	REDUCE cov: 8768 ft: 51355 corp: 1638/33Mb lim: 65536 exec/s: 413 rss: 451Mb L: 14007/65536 MS: 3 ChangeBinInt-ChangeASCIIInt-EraseBytes-
#43032	REDUCE cov: 8768 ft: 51355 corp: 1638/33Mb lim: 65536 exec/s: 413 rss: 451Mb L: 9296/65536 MS: 4 ChangeBinInt-ChangeASCIIInt-PersAutoDict-EraseBytes- DE: "d\335\232\000\240b\000\000"-
#43034	REDUCE cov: 8768 ft: 51355 corp: 1638/33Mb lim: 65536 exec/s: 413 rss: 451Mb L: 3578/65536 MS: 2 ChangeBit-EraseBytes-
#43069	NEW    cov: 8768 ft: 51356 corp: 1639/33Mb lim: 65536 exec/s: 414 rss: 451Mb L: 63995/65536 MS: 5 CopyPart-InsertByte-ChangeASCIIInt-ChangeASCIIInt-CrossOver-
#43104	REDUCE cov: 8768 ft: 51356 corp: 1639/33Mb lim: 65536 exec/s: 414 rss: 451Mb L: 2774/65536 MS: 5 PersAutoDict-ChangeBit-CMP-ChangeBinInt-EraseBytes- DE: "\000\000\177\376\266g\276G"-"\001\000\000\000\000\000\000\000"-
#43109	REDUCE cov: 8768 ft: 51359 corp: 1640/33Mb lim: 65536 exec/s: 414 rss: 451Mb L: 60202/65536 MS: 5 PersAutoDict-InsertByte-ChangeByte-ShuffleBytes-CopyPart- DE: "would"-
#43266	REDUCE cov: 8768 ft: 51359 corp: 1640/33Mb lim: 65536 exec/s: 416 rss: 451Mb L: 3231/65536 MS: 2 CopyPart-EraseBytes-
#43274	NEW    cov: 8768 ft: 51380 corp: 1641/33Mb lim: 65536 exec/s: 416 rss: 451Mb L: 33564/65536 MS: 3 ChangeBit-ChangeASCIIInt-CopyPart-
#43277	REDUCE cov: 8768 ft: 51380 corp: 1641/33Mb lim: 65536 exec/s: 416 rss: 451Mb L: 55003/65536 MS: 3 InsertRepeatedBytes-InsertRepeatedBytes-EraseBytes-
#43298	REDUCE cov: 8768 ft: 51380 corp: 1641/33Mb lim: 65536 exec/s: 416 rss: 452Mb L: 7432/65536 MS: 1 EraseBytes-
#43303	REDUCE cov: 8768 ft: 51380 corp: 1641/33Mb lim: 65536 exec/s: 416 rss: 452Mb L: 18325/65536 MS: 5 ChangeASCIIInt-ChangeBit-PersAutoDict-ChangeByte-EraseBytes- DE: "\000\000b`\000\013\015\032"-
#43325	REDUCE cov: 8768 ft: 51380 corp: 1641/33Mb lim: 65536 exec/s: 416 rss: 452Mb L: 3889/65536 MS: 2 InsertRepeatedBytes-EraseBytes-
#43337	REDUCE cov: 8768 ft: 51380 corp: 1641/33Mb lim: 65536 exec/s: 416 rss: 452Mb L: 5617/65536 MS: 2 ChangeBinInt-EraseBytes-
#43363	REDUCE cov: 8768 ft: 51380 corp: 1641/33Mb lim: 65536 exec/s: 416 rss: 453Mb L: 30297/65536 MS: 1 EraseBytes-
#43373	NEW    cov: 8768 ft: 51393 corp: 1642/33Mb lim: 65536 exec/s: 417 rss: 453Mb L: 38341/65536 MS: 5 InsertRepeatedBytes-ChangeBit-ChangeBinInt-CrossOver-ChangeBinInt-
#43410	REDUCE cov: 8768 ft: 51393 corp: 1642/33Mb lim: 65536 exec/s: 417 rss: 454Mb L: 29288/65536 MS: 2 PersAutoDict-EraseBytes- DE: "\004\002"-
#43422	NEW    cov: 8768 ft: 51403 corp: 1643/33Mb lim: 65536 exec/s: 417 rss: 454Mb L: 26399/65536 MS: 2 CopyPart-CopyPart-
#43431	REDUCE cov: 8768 ft: 51403 corp: 1643/33Mb lim: 65536 exec/s: 413 rss: 454Mb L: 13595/65536 MS: 4 ShuffleBytes-PersAutoDict-ShuffleBytes-EraseBytes- DE: "G,B\000`b\000\000"-
#43470	REDUCE cov: 8768 ft: 51403 corp: 1643/33Mb lim: 65536 exec/s: 414 rss: 454Mb L: 9777/65536 MS: 4 CopyPart-InsertRepeatedBytes-CrossOver-EraseBytes-
#43489	REDUCE cov: 8768 ft: 51403 corp: 1643/33Mb lim: 65536 exec/s: 414 rss: 454Mb L: 32857/65536 MS: 4 InsertRepeatedBytes-CMP-CopyPart-EraseBytes- DE: "\015\000"-
#43503	REDUCE cov: 8768 ft: 51403 corp: 1643/33Mb lim: 65536 exec/s: 414 rss: 454Mb L: 63501/65536 MS: 4 ShuffleBytes-CMP-CMP-EraseBytes- DE: "\000\000\000\004"-"\001\000c\000\000\227\374\230"-
#43509	REDUCE cov: 8768 ft: 51403 corp: 1643/33Mb lim: 65536 exec/s: 414 rss: 454Mb L: 4621/65536 MS: 1 EraseBytes-
#43530	REDUCE cov: 8768 ft: 51403 corp: 1643/33Mb lim: 65536 exec/s: 414 rss: 454Mb L: 1165/65536 MS: 1 EraseBytes-
#43561	REDUCE cov: 8768 ft: 51403 corp: 1643/33Mb lim: 65536 exec/s: 414 rss: 454Mb L: 2522/65536 MS: 1 EraseBytes-
#43590	REDUCE cov: 8768 ft: 51403 corp: 1643/33Mb lim: 65536 exec/s: 415 rss: 454Mb L: 197/65536 MS: 4 ChangeBinInt-ShuffleBytes-CMP-EraseBytes- DE: "\001\013"-
#43609	REDUCE cov: 8768 ft: 51403 corp: 1643/33Mb lim: 65536 exec/s: 415 rss: 454Mb L: 6400/65536 MS: 4 CrossOver-ChangeASCIIInt-PersAutoDict-EraseBytes- DE: "9\252"-
#43621	REDUCE cov: 8768 ft: 51404 corp: 1644/33Mb lim: 65536 exec/s: 415 rss: 454Mb L: 36790/65536 MS: 2 CopyPart-InsertRepeatedBytes-
#43634	REDUCE cov: 8768 ft: 51404 corp: 1644/33Mb lim: 65536 exec/s: 415 rss: 454Mb L: 31455/65536 MS: 3 ChangeASCIIInt-ChangeByte-EraseBytes-
#43707	NEW    cov: 8768 ft: 51420 corp: 1645/33Mb lim: 65536 exec/s: 416 rss: 454Mb L: 45280/65536 MS: 3 InsertByte-CrossOver-CopyPart-
#43723	REDUCE cov: 8768 ft: 51420 corp: 1645/33Mb lim: 65536 exec/s: 416 rss: 455Mb L: 14345/65536 MS: 1 EraseBytes-
#43754	REDUCE cov: 8768 ft: 51420 corp: 1645/33Mb lim: 65536 exec/s: 416 rss: 455Mb L: 21441/65536 MS: 1 EraseBytes-
#43761	REDUCE cov: 8768 ft: 51420 corp: 1645/33Mb lim: 65536 exec/s: 416 rss: 455Mb L: 25435/65536 MS: 2 ChangeBinInt-EraseBytes-
#43792	REDUCE cov: 8768 ft: 51420 corp: 1645/33Mb lim: 65536 exec/s: 417 rss: 455Mb L: 30697/65536 MS: 1 EraseBytes-
#43799	REDUCE cov: 8768 ft: 51420 corp: 1645/33Mb lim: 65536 exec/s: 417 rss: 455Mb L: 14177/65536 MS: 2 InsertRepeatedBytes-EraseBytes-
#43843	REDUCE cov: 8768 ft: 51420 corp: 1645/33Mb lim: 65536 exec/s: 413 rss: 455Mb L: 35009/65536 MS: 4 ChangeASCIIInt-InsertByte-InsertByte-EraseBytes-
#43872	REDUCE cov: 8768 ft: 51420 corp: 1645/33Mb lim: 65536 exec/s: 413 rss: 455Mb L: 16699/65536 MS: 4 ChangeBit-CrossOver-ShuffleBytes-EraseBytes-
#43904	REDUCE cov: 8768 ft: 51420 corp: 1645/33Mb lim: 65536 exec/s: 414 rss: 455Mb L: 3414/65536 MS: 2 ChangeBit-EraseBytes-
#43907	REDUCE cov: 8768 ft: 51420 corp: 1645/33Mb lim: 65536 exec/s: 414 rss: 455Mb L: 20125/65536 MS: 3 PersAutoDict-ChangeBinInt-EraseBytes- DE: "\001\000\000\025"-
#43919	REDUCE cov: 8768 ft: 51420 corp: 1645/33Mb lim: 65536 exec/s: 414 rss: 455Mb L: 3389/65536 MS: 2 InsertByte-EraseBytes-
#43921	REDUCE cov: 8768 ft: 51420 corp: 1645/33Mb lim: 65536 exec/s: 414 rss: 455Mb L: 677/65536 MS: 2 PersAutoDict-EraseBytes- DE: "\377\377\377+"-
#43965	NEW    cov: 8768 ft: 51422 corp: 1646/33Mb lim: 65536 exec/s: 414 rss: 456Mb L: 57016/65536 MS: 4 ChangeASCIIInt-InsertByte-ChangeASCIIInt-CopyPart-
#44017	REDUCE cov: 8768 ft: 51422 corp: 1646/33Mb lim: 65536 exec/s: 415 rss: 456Mb L: 12665/65536 MS: 2 CMP-EraseBytes- DE: "f\350\000\000Pb\000\000"-
#44033	REDUCE cov: 8768 ft: 51422 corp: 1646/33Mb lim: 65536 exec/s: 415 rss: 456Mb L: 1798/65536 MS: 1 EraseBytes-
#44067	REDUCE cov: 8768 ft: 51422 corp: 1646/33Mb lim: 65536 exec/s: 415 rss: 456Mb L: 1543/65536 MS: 4 PersAutoDict-PersAutoDict-CMP-EraseBytes- DE: "t\007"-"\036\000\000\000"-"\377\037"-
#44087	NEW    cov: 8768 ft: 51423 corp: 1647/33Mb lim: 65536 exec/s: 415 rss: 456Mb L: 48643/65536 MS: 5 InsertRepeatedBytes-ChangeASCIIInt-PersAutoDict-ChangeByte-EraseBytes- DE: "\310\336(\000\240b\000\000"-
#44126	REDUCE cov: 8768 ft: 51423 corp: 1647/33Mb lim: 65536 exec/s: 416 rss: 456Mb L: 12677/65536 MS: 4 InsertRepeatedBytes-InsertByte-PersAutoDict-EraseBytes- DE: "P\257F\000\000b\000\000"-
#44148	REDUCE cov: 8768 ft: 51423 corp: 1647/33Mb lim: 65536 exec/s: 416 rss: 456Mb L: 47217/65536 MS: 2 InsertByte-EraseBytes-
#44152	REDUCE cov: 8768 ft: 51423 corp: 1647/33Mb lim: 65536 exec/s: 416 rss: 456Mb L: 9221/65536 MS: 4 ChangeASCIIInt-ChangeByte-CMP-EraseBytes- DE: "&barv"-
#44162	REDUCE cov: 8768 ft: 51423 corp: 1647/33Mb lim: 65536 exec/s: 416 rss: 456Mb L: 4539/65536 MS: 5 InsertByte-ShuffleBytes-ShuffleBytes-ShuffleBytes-EraseBytes-
#44174	REDUCE cov: 8768 ft: 51423 corp: 1647/33Mb lim: 65536 exec/s: 416 rss: 456Mb L: 17289/65536 MS: 2 ChangeBit-EraseBytes-
#44198	REDUCE cov: 8768 ft: 51423 corp: 1647/33Mb lim: 65536 exec/s: 416 rss: 456Mb L: 4708/65536 MS: 4 ChangeByte-InsertByte-ChangeBinInt-EraseBytes-
#44209	REDUCE cov: 8768 ft: 51423 corp: 1647/33Mb lim: 65536 exec/s: 417 rss: 456Mb L: 25634/65536 MS: 1 EraseBytes-
#44222	NEW    cov: 8768 ft: 51424 corp: 1648/33Mb lim: 65536 exec/s: 417 rss: 456Mb L: 31714/65536 MS: 3 InsertRepeatedBytes-ChangeBit-CopyPart-
#44247	REDUCE cov: 8768 ft: 51424 corp: 1648/33Mb lim: 65536 exec/s: 417 rss: 456Mb L: 13218/65536 MS: 5 CMP-PersAutoDict-ShuffleBytes-ChangeBit-EraseBytes- DE: "www"-"&gt;"-
#44265	REDUCE cov: 8768 ft: 51424 corp: 1648/33Mb lim: 65536 exec/s: 417 rss: 456Mb L: 23891/65536 MS: 3 CopyPart-InsertRepeatedBytes-EraseBytes-
#44302	REDUCE cov: 8768 ft: 51424 corp: 1648/33Mb lim: 65536 exec/s: 414 rss: 456Mb L: 5628/65536 MS: 2 ChangeBinInt-EraseBytes-
#44375	REDUCE cov: 8768 ft: 51425 corp: 1649/33Mb lim: 65536 exec/s: 414 rss: 456Mb L: 40812/65536 MS: 3 InsertRepeatedBytes-CrossOver-CopyPart-
#44377	NEW    cov: 8768 ft: 51429 corp: 1650/33Mb lim: 65536 exec/s: 414 rss: 456Mb L: 8706/65536 MS: 2 CrossOver-CopyPart-
#44388	REDUCE cov: 8768 ft: 51429 corp: 1650/33Mb lim: 65536 exec/s: 414 rss: 456Mb L: 11082/65536 MS: 1 EraseBytes-
#44389	REDUCE cov: 8768 ft: 51432 corp: 1651/33Mb lim: 65536 exec/s: 414 rss: 456Mb L: 18535/65536 MS: 1 CopyPart-
#44500	REDUCE cov: 8768 ft: 51432 corp: 1651/33Mb lim: 65536 exec/s: 415 rss: 456Mb L: 727/65536 MS: 1 EraseBytes-
#44544	REDUCE cov: 8768 ft: 51432 corp: 1651/33Mb lim: 65536 exec/s: 416 rss: 456Mb L: 7685/65536 MS: 4 ShuffleBytes-ChangeASCIIInt-InsertRepeatedBytes-EraseBytes-
#44553	REDUCE cov: 8768 ft: 51432 corp: 1651/33Mb lim: 65536 exec/s: 416 rss: 456Mb L: 36157/65536 MS: 4 ChangeASCIIInt-CMP-ChangeBit-EraseBytes- DE: "www"-
#44583	REDUCE cov: 8768 ft: 51432 corp: 1651/33Mb lim: 65536 exec/s: 416 rss: 456Mb L: 30548/65536 MS: 5 ChangeBit-ChangeByte-ChangeBit-PersAutoDict-EraseBytes- DE: "ext"-
#44586	REDUCE cov: 8768 ft: 51432 corp: 1651/33Mb lim: 65536 exec/s: 416 rss: 456Mb L: 10194/65536 MS: 3 InsertRepeatedBytes-CMP-EraseBytes- DE: "www"-
#44613	REDUCE cov: 8768 ft: 51432 corp: 1651/33Mb lim: 65536 exec/s: 416 rss: 456Mb L: 26749/65536 MS: 2 ShuffleBytes-EraseBytes-
#44634	REDUCE cov: 8768 ft: 51432 corp: 1651/33Mb lim: 65536 exec/s: 417 rss: 456Mb L: 34977/65536 MS: 1 EraseBytes-
#44646	REDUCE cov: 8768 ft: 51432 corp: 1651/33Mb lim: 65536 exec/s: 417 rss: 456Mb L: 46004/65536 MS: 2 ChangeByte-EraseBytes-
#44661	REDUCE cov: 8768 ft: 51432 corp: 1651/33Mb lim: 65536 exec/s: 417 rss: 456Mb L: 5683/65536 MS: 5 InsertRepeatedBytes-ChangeBinInt-CopyPart-CMP-EraseBytes- DE: "]]>"-
#44665	NEW    cov: 8768 ft: 51433 corp: 1652/33Mb lim: 65536 exec/s: 417 rss: 456Mb L: 13907/65536 MS: 4 CrossOver-CrossOver-ChangeASCIIInt-CopyPart-
#44673	REDUCE cov: 8768 ft: 51440 corp: 1653/33Mb lim: 65536 exec/s: 417 rss: 456Mb L: 42879/65536 MS: 3 ChangeBinInt-ChangeBinInt-CopyPart-
#44683	REDUCE cov: 8768 ft: 51448 corp: 1654/33Mb lim: 65536 exec/s: 417 rss: 456Mb L: 57473/65536 MS: 5 ChangeBit-ChangeBit-CMP-CrossOver-CopyPart- DE: "%I"-
#44694	REDUCE cov: 8768 ft: 51448 corp: 1654/33Mb lim: 65536 exec/s: 417 rss: 456Mb L: 29092/65536 MS: 1 EraseBytes-
#44724	REDUCE cov: 8768 ft: 51450 corp: 1655/33Mb lim: 65536 exec/s: 417 rss: 456Mb L: 42648/65536 MS: 5 PersAutoDict-PersAutoDict-PersAutoDict-InsertByte-PersAutoDict- DE: "\003\000\000\000"-"lock"-"\013\000\000\000"-"\377\377a\320\0010R\037"-
#44728	REDUCE cov: 8768 ft: 51450 corp: 1655/33Mb lim: 65536 exec/s: 418 rss: 456Mb L: 40976/65536 MS: 4 CMP-ChangeBinInt-ChangeASCIIInt-EraseBytes- DE: "\000\000b\340\001d\352\222"-
#44764	REDUCE cov: 8768 ft: 51450 corp: 1655/33Mb lim: 65536 exec/s: 414 rss: 456Mb L: 48/65536 MS: 1 EraseBytes-
#44822	REDUCE cov: 8768 ft: 51450 corp: 1655/33Mb lim: 65536 exec/s: 415 rss: 456Mb L: 14110/65536 MS: 3 ChangeByte-CrossOver-EraseBytes-
#44840	REDUCE cov: 8768 ft: 51450 corp: 1655/33Mb lim: 65536 exec/s: 415 rss: 456Mb L: 1234/65536 MS: 3 ChangeBinInt-PersAutoDict-EraseBytes- DE: "\001\000\000\003"-
#44889	REDUCE cov: 8768 ft: 51450 corp: 1655/33Mb lim: 65536 exec/s: 415 rss: 456Mb L: 13498/65536 MS: 4 ShuffleBytes-PersAutoDict-ShuffleBytes-EraseBytes- DE: "\024\000\000\000"-
#44929	REDUCE cov: 8768 ft: 51450 corp: 1655/33Mb lim: 65536 exec/s: 416 rss: 456Mb L: 18234/65536 MS: 5 CMP-InsertRepeatedBytes-CrossOver-PersAutoDict-EraseBytes- DE: "!l"-"\377\377\377\037"-
#44981	REDUCE cov: 8768 ft: 51451 corp: 1656/33Mb lim: 65536 exec/s: 416 rss: 456Mb L: 9959/65536 MS: 2 PersAutoDict-CrossOver- DE: "\023\000\000\000"-
#44986	REDUCE cov: 8768 ft: 51451 corp: 1656/33Mb lim: 65536 exec/s: 416 rss: 456Mb L: 1168/65536 MS: 5 CopyPart-ChangeBit-ChangeBinInt-ChangeByte-EraseBytes-
#44990	REDUCE cov: 8768 ft: 51451 corp: 1656/33Mb lim: 65536 exec/s: 416 rss: 456Mb L: 178/65536 MS: 4 ChangeASCIIInt-ChangeBinInt-InsertByte-EraseBytes-
#45000	REDUCE cov: 8768 ft: 51451 corp: 1656/33Mb lim: 65536 exec/s: 416 rss: 456Mb L: 4209/65536 MS: 5 InsertByte-ChangeByte-ChangeByte-InsertRepeatedBytes-EraseBytes-
#45012	REDUCE cov: 8768 ft: 51451 corp: 1656/33Mb lim: 65536 exec/s: 416 rss: 456Mb L: 241/65536 MS: 2 ChangeBit-EraseBytes-
#45056	REDUCE cov: 8768 ft: 51451 corp: 1656/33Mb lim: 65536 exec/s: 417 rss: 456Mb L: 31931/65536 MS: 4 ChangeByte-PersAutoDict-CrossOver-EraseBytes- DE: "\000\000b`\000\037\250~"-
#45083	NEW    cov: 8768 ft: 51452 corp: 1657/33Mb lim: 65536 exec/s: 417 rss: 456Mb L: 9837/65536 MS: 2 PersAutoDict-InsertRepeatedBytes- DE: "\000\000\000\000\000\000\000\000"-
#45095	REDUCE cov: 8768 ft: 51452 corp: 1657/33Mb lim: 65536 exec/s: 417 rss: 456Mb L: 195/65536 MS: 2 ChangeBit-EraseBytes-
#45115	NEW    cov: 8768 ft: 51465 corp: 1658/33Mb lim: 65536 exec/s: 417 rss: 456Mb L: 19412/65536 MS: 5 CrossOver-InsertRepeatedBytes-ShuffleBytes-InsertRepeatedBytes-CopyPart-
#45122	REDUCE cov: 8768 ft: 51465 corp: 1658/33Mb lim: 65536 exec/s: 417 rss: 456Mb L: 5560/65536 MS: 2 ChangeByte-EraseBytes-
#45145	NEW    cov: 8769 ft: 51466 corp: 1659/33Mb lim: 65536 exec/s: 418 rss: 456Mb L: 8579/65536 MS: 3 InsertByte-ChangeByte-InsertByte-
#45151	REDUCE cov: 8769 ft: 51471 corp: 1660/33Mb lim: 65536 exec/s: 418 rss: 456Mb L: 13241/65536 MS: 1 EraseBytes-
#45160	REDUCE cov: 8769 ft: 51471 corp: 1660/33Mb lim: 65536 exec/s: 418 rss: 456Mb L: 18757/65536 MS: 4 ChangeASCIIInt-ChangeByte-CrossOver-EraseBytes-
#45165	NEW    cov: 8769 ft: 51492 corp: 1661/33Mb lim: 65536 exec/s: 418 rss: 456Mb L: 42748/65536 MS: 5 PersAutoDict-ChangeByte-ChangeByte-InsertRepeatedBytes-CMP- DE: "\001\000?\220"-"\377\377\377\010"-
#45183	REDUCE cov: 8769 ft: 51492 corp: 1661/33Mb lim: 65536 exec/s: 414 rss: 456Mb L: 6849/65536 MS: 3 ChangeBit-InsertByte-EraseBytes-
#45205	REDUCE cov: 8769 ft: 51492 corp: 1661/33Mb lim: 65536 exec/s: 414 rss: 456Mb L: 75/65536 MS: 2 CopyPart-EraseBytes-
#45248	REDUCE cov: 8769 ft: 51492 corp: 1661/33Mb lim: 65536 exec/s: 415 rss: 456Mb L: 2829/65536 MS: 3 InsertRepeatedBytes-ChangeASCIIInt-EraseBytes-
#45302	REDUCE cov: 8769 ft: 51493 corp: 1662/33Mb lim: 65536 exec/s: 415 rss: 456Mb L: 8627/65536 MS: 4 InsertRepeatedBytes-PersAutoDict-InsertByte-ChangeBinInt- DE: ";\177\000\000 a\000\000"-
#45388	REDUCE cov: 8769 ft: 51493 corp: 1662/33Mb lim: 65536 exec/s: 416 rss: 456Mb L: 2543/65536 MS: 1 EraseBytes-
#45396	REDUCE cov: 8769 ft: 51493 corp: 1662/33Mb lim: 65536 exec/s: 416 rss: 456Mb L: 27231/65536 MS: 3 CMP-CMP-EraseBytes- DE: "!\217u\000 b\000\000"-"\014\000\000\000"-
#45415	REDUCE cov: 8769 ft: 51493 corp: 1662/33Mb lim: 65536 exec/s: 416 rss: 456Mb L: 26650/65536 MS: 4 CopyPart-ChangeASCIIInt-CrossOver-EraseBytes-
#45440	REDUCE cov: 8769 ft: 51493 corp: 1662/33Mb lim: 65536 exec/s: 416 rss: 456Mb L: 14279/65536 MS: 5 ChangeBinInt-ChangeBinInt-ChangeBinInt-ChangeASCIIInt-EraseBytes-
#45456	REDUCE cov: 8769 ft: 51493 corp: 1662/33Mb lim: 65536 exec/s: 417 rss: 456Mb L: 78/65536 MS: 1 EraseBytes-
#45462	REDUCE cov: 8769 ft: 51493 corp: 1662/33Mb lim: 65536 exec/s: 417 rss: 456Mb L: 1699/65536 MS: 1 EraseBytes-
#45465	REDUCE cov: 8769 ft: 51493 corp: 1662/33Mb lim: 65536 exec/s: 417 rss: 456Mb L: 16684/65536 MS: 3 PersAutoDict-InsertByte-EraseBytes- DE: "\001^"-
#45475	REDUCE cov: 8769 ft: 51493 corp: 1662/33Mb lim: 65536 exec/s: 417 rss: 456Mb L: 23513/65536 MS: 5 PersAutoDict-InsertByte-ShuffleBytes-ChangeBit-EraseBytes- DE: " \245"-
#45501	REDUCE cov: 8769 ft: 51493 corp: 1662/33Mb lim: 65536 exec/s: 417 rss: 456Mb L: 32938/65536 MS: 1 EraseBytes-
#45504	REDUCE cov: 8769 ft: 51493 corp: 1662/33Mb lim: 65536 exec/s: 417 rss: 456Mb L: 6331/65536 MS: 3 CopyPart-ChangeByte-EraseBytes-
#45515	REDUCE cov: 8769 ft: 51493 corp: 1662/33Mb lim: 65536 exec/s: 417 rss: 456Mb L: 6748/65536 MS: 1 EraseBytes-
#45531	REDUCE cov: 8769 ft: 51493 corp: 1662/33Mb lim: 65536 exec/s: 417 rss: 456Mb L: 27703/65536 MS: 1 EraseBytes-
#45598	REDUCE cov: 8769 ft: 51493 corp: 1662/33Mb lim: 65536 exec/s: 414 rss: 456Mb L: 23051/65536 MS: 2 InsertRepeatedBytes-EraseBytes-
#45615	REDUCE cov: 8769 ft: 51506 corp: 1663/33Mb lim: 65536 exec/s: 414 rss: 456Mb L: 18081/65536 MS: 2 CopyPart-CopyPart-
#45618	REDUCE cov: 8769 ft: 51506 corp: 1663/33Mb lim: 65536 exec/s: 414 rss: 456Mb L: 49867/65536 MS: 3 ChangeBinInt-InsertRepeatedBytes-EraseBytes-
#45629	REDUCE cov: 8769 ft: 51506 corp: 1663/33Mb lim: 65536 exec/s: 414 rss: 456Mb L: 754/65536 MS: 1 EraseBytes-
#45656	REDUCE cov: 8769 ft: 51506 corp: 1663/33Mb lim: 65536 exec/s: 415 rss: 456Mb L: 5924/65536 MS: 2 ChangeByte-EraseBytes-
#45657	REDUCE cov: 8769 ft: 51506 corp: 1663/33Mb lim: 65536 exec/s: 415 rss: 456Mb L: 25517/65536 MS: 1 EraseBytes-
#45678	REDUCE cov: 8769 ft: 51506 corp: 1663/33Mb lim: 65536 exec/s: 415 rss: 456Mb L: 4356/65536 MS: 1 EraseBytes-
#45687	REDUCE cov: 8769 ft: 51506 corp: 1663/33Mb lim: 65536 exec/s: 415 rss: 456Mb L: 22044/65536 MS: 4 CMP-ShuffleBytes-InsertRepeatedBytes-EraseBytes- DE: "\377\377\377\000"-
#45737	REDUCE cov: 8769 ft: 51506 corp: 1663/33Mb lim: 65536 exec/s: 415 rss: 456Mb L: 21155/65536 MS: 5 ChangeBinInt-ChangeASCIIInt-ChangeASCIIInt-ChangeBinInt-EraseBytes-
#45759	REDUCE cov: 8769 ft: 51506 corp: 1663/33Mb lim: 65536 exec/s: 415 rss: 456Mb L: 16542/65536 MS: 2 ShuffleBytes-EraseBytes-
#45768	REDUCE cov: 8769 ft: 51506 corp: 1663/33Mb lim: 65536 exec/s: 416 rss: 456Mb L: 14504/65536 MS: 4 ChangeBit-InsertByte-CopyPart-EraseBytes-
#45795	REDUCE cov: 8769 ft: 51507 corp: 1664/33Mb lim: 65536 exec/s: 416 rss: 456Mb L: 58801/65536 MS: 2 InsertRepeatedBytes-CopyPart-
#45797	NEW    cov: 8770 ft: 51508 corp: 1665/33Mb lim: 65536 exec/s: 416 rss: 456Mb L: 89/65536 MS: 2 InsertByte-CMP- DE: "\377\377_\200\000\000\026("-
#45810	REDUCE cov: 8770 ft: 51508 corp: 1665/33Mb lim: 65536 exec/s: 416 rss: 456Mb L: 182/65536 MS: 3 InsertByte-CMP-EraseBytes- DE: "ional"-
#45811	REDUCE cov: 8770 ft: 51508 corp: 1665/33Mb lim: 65536 exec/s: 416 rss: 456Mb L: 16687/65536 MS: 1 EraseBytes-
#45822	NEW    cov: 8770 ft: 51511 corp: 1666/33Mb lim: 65536 exec/s: 416 rss: 456Mb L: 63606/65536 MS: 1 CopyPart-
#45871	REDUCE cov: 8770 ft: 51511 corp: 1666/33Mb lim: 65536 exec/s: 417 rss: 456Mb L: 3340/65536 MS: 4 ShuffleBytes-PersAutoDict-CrossOver-EraseBytes- DE: "\024\000\000\000"-
#45875	REDUCE cov: 8770 ft: 51511 corp: 1666/33Mb lim: 65536 exec/s: 417 rss: 456Mb L: 12566/65536 MS: 4 ChangeBinInt-ShuffleBytes-ChangeByte-EraseBytes-
#45883	NEW    cov: 8770 ft: 51550 corp: 1667/33Mb lim: 65536 exec/s: 417 rss: 456Mb L: 64504/65536 MS: 3 InsertByte-InsertRepeatedBytes-ChangeBinInt-
#45927	NEW    cov: 8770 ft: 51551 corp: 1668/33Mb lim: 65536 exec/s: 417 rss: 456Mb L: 63608/65536 MS: 4 ChangeASCIIInt-InsertByte-ChangeBinInt-InsertByte-
#45950	REDUCE cov: 8770 ft: 51551 corp: 1668/33Mb lim: 65536 exec/s: 417 rss: 456Mb L: 5705/65536 MS: 3 ShuffleBytes-ChangeBit-EraseBytes-
#45959	NEW    cov: 8771 ft: 51553 corp: 1669/34Mb lim: 65536 exec/s: 417 rss: 456Mb L: 19344/65536 MS: 4 InsertByte-ChangeASCIIInt-ChangeByte-ChangeByte-
#46015	REDUCE cov: 8771 ft: 51554 corp: 1670/34Mb lim: 65536 exec/s: 414 rss: 456Mb L: 48915/65536 MS: 1 CrossOver-
#46029	NEW    cov: 8771 ft: 51556 corp: 1671/34Mb lim: 65536 exec/s: 414 rss: 456Mb L: 60616/65536 MS: 4 ChangeBinInt-ChangeBit-PersAutoDict-CopyPart- DE: "\000\000b\340\000\006\270\232"-
#46040	REDUCE cov: 8771 ft: 51556 corp: 1671/34Mb lim: 65536 exec/s: 414 rss: 456Mb L: 3680/65536 MS: 1 EraseBytes-
#46167	REDUCE cov: 8771 ft: 51556 corp: 1671/34Mb lim: 65536 exec/s: 415 rss: 456Mb L: 739/65536 MS: 2 ChangeByte-EraseBytes-
#46250	NEW    cov: 8771 ft: 51565 corp: 1672/34Mb lim: 65536 exec/s: 416 rss: 456Mb L: 23165/65536 MS: 3 ChangeByte-ChangeBinInt-CopyPart-
#46287	NEW    cov: 8771 ft: 51583 corp: 1673/34Mb lim: 65536 exec/s: 417 rss: 456Mb L: 6235/65536 MS: 2 ShuffleBytes-CopyPart-
#46335	REDUCE cov: 8771 ft: 51584 corp: 1674/34Mb lim: 65536 exec/s: 417 rss: 456Mb L: 12540/65536 MS: 3 EraseBytes-PersAutoDict-CrossOver- DE: "o -"-
#46361	REDUCE cov: 8771 ft: 51584 corp: 1674/34Mb lim: 65536 exec/s: 417 rss: 456Mb L: 12001/65536 MS: 1 EraseBytes-
#46462	NEW    cov: 8808 ft: 51809 corp: 1675/34Mb lim: 65536 exec/s: 414 rss: 456Mb L: 41265/65536 MS: 1 CopyPart-
#46466	NEW    cov: 8808 ft: 51816 corp: 1676/34Mb lim: 65536 exec/s: 414 rss: 456Mb L: 60801/65536 MS: 4 ChangeByte-InsertByte-ChangeByte-CopyPart-
#46514	REDUCE cov: 8808 ft: 51816 corp: 1676/34Mb lim: 65536 exec/s: 415 rss: 456Mb L: 4583/65536 MS: 3 ShuffleBytes-ChangeBit-EraseBytes-
#46529	REDUCE cov: 8808 ft: 51816 corp: 1676/34Mb lim: 65536 exec/s: 415 rss: 456Mb L: 10558/65536 MS: 5 ShuffleBytes-CopyPart-CrossOver-CMP-EraseBytes- DE: "ngs]"-
#46585	NEW    cov: 8808 ft: 51825 corp: 1677/34Mb lim: 65536 exec/s: 415 rss: 456Mb L: 50764/65536 MS: 1 InsertByte-
#46596	REDUCE cov: 8808 ft: 51825 corp: 1677/34Mb lim: 65536 exec/s: 416 rss: 456Mb L: 56/65536 MS: 1 EraseBytes-
#46601	REDUCE cov: 8808 ft: 51825 corp: 1677/34Mb lim: 65536 exec/s: 416 rss: 456Mb L: 17801/65536 MS: 5 ChangeByte-InsertRepeatedBytes-ChangeByte-ChangeByte-EraseBytes-
#46623	REDUCE cov: 8808 ft: 51825 corp: 1677/34Mb lim: 65536 exec/s: 416 rss: 456Mb L: 3967/65536 MS: 2 ChangeBit-EraseBytes-
#46652	REDUCE cov: 8808 ft: 51825 corp: 1677/34Mb lim: 65536 exec/s: 416 rss: 456Mb L: 3703/65536 MS: 4 ChangeByte-ChangeBit-ChangeBinInt-EraseBytes-
#46673	NEW    cov: 8808 ft: 51828 corp: 1678/34Mb lim: 65536 exec/s: 416 rss: 456Mb L: 64638/65536 MS: 1 CrossOver-
#46699	REDUCE cov: 8808 ft: 51828 corp: 1678/34Mb lim: 65536 exec/s: 416 rss: 456Mb L: 2400/65536 MS: 1 EraseBytes-
#46834	REDUCE cov: 8808 ft: 51828 corp: 1678/34Mb lim: 65536 exec/s: 418 rss: 456Mb L: 8936/65536 MS: 5 ChangeBinInt-ChangeByte-ChangeASCIIInt-CopyPart-EraseBytes-
#46863	REDUCE cov: 8808 ft: 51828 corp: 1678/34Mb lim: 65536 exec/s: 418 rss: 456Mb L: 3098/65536 MS: 4 ShuffleBytes-ChangeBit-CMP-EraseBytes- DE: "&notn"-
#46885	NEW    cov: 8808 ft: 51844 corp: 1679/34Mb lim: 65536 exec/s: 418 rss: 456Mb L: 55749/65536 MS: 2 CrossOver-CrossOver-
#46904	REDUCE cov: 8808 ft: 51844 corp: 1679/34Mb lim: 65536 exec/s: 418 rss: 456Mb L: 4126/65536 MS: 4 ChangeBinInt-PersAutoDict-ChangeBit-EraseBytes- DE: "Y\250"-
#46912	REDUCE cov: 8808 ft: 51844 corp: 1679/34Mb lim: 65536 exec/s: 415 rss: 456Mb L: 17981/65536 MS: 3 PersAutoDict-InsertByte-EraseBytes- DE: "\014\000\000\000"-
#46919	REDUCE cov: 8808 ft: 51844 corp: 1679/34Mb lim: 65536 exec/s: 415 rss: 456Mb L: 121/65536 MS: 2 ChangeBit-EraseBytes-
#46971	NEW    cov: 8808 ft: 51846 corp: 1680/34Mb lim: 65536 exec/s: 415 rss: 456Mb L: 49804/65536 MS: 2 InsertRepeatedBytes-CrossOver-
#46972	REDUCE cov: 8808 ft: 51846 corp: 1680/34Mb lim: 65536 exec/s: 415 rss: 456Mb L: 8595/65536 MS: 1 EraseBytes-
#46990	NEW    cov: 8808 ft: 51848 corp: 1681/34Mb lim: 65536 exec/s: 415 rss: 456Mb L: 17050/65536 MS: 3 InsertRepeatedBytes-CopyPart-CrossOver-
#46998	REDUCE cov: 8808 ft: 51848 corp: 1681/34Mb lim: 65536 exec/s: 415 rss: 456Mb L: 27549/65536 MS: 3 InsertByte-ChangeByte-EraseBytes-
#46999	REDUCE cov: 8808 ft: 51848 corp: 1681/34Mb lim: 65536 exec/s: 415 rss: 456Mb L: 16300/65536 MS: 1 EraseBytes-
#47046	REDUCE cov: 8808 ft: 51848 corp: 1681/34Mb lim: 65536 exec/s: 416 rss: 456Mb L: 42261/65536 MS: 2 ChangeBinInt-EraseBytes-
#47057	REDUCE cov: 8808 ft: 51848 corp: 1681/34Mb lim: 65536 exec/s: 416 rss: 456Mb L: 32447/65536 MS: 1 EraseBytes-
#47105	REDUCE cov: 8808 ft: 51848 corp: 1681/34Mb lim: 65536 exec/s: 416 rss: 456Mb L: 1820/65536 MS: 3 ChangeByte-InsertByte-EraseBytes-
#47108	REDUCE cov: 8808 ft: 51860 corp: 1682/34Mb lim: 65536 exec/s: 416 rss: 456Mb L: 16377/65536 MS: 3 CrossOver-CopyPart-CrossOver-
#47127	REDUCE cov: 8808 ft: 51860 corp: 1682/34Mb lim: 65536 exec/s: 417 rss: 456Mb L: 11593/65536 MS: 4 CMP-InsertByte-ChangeASCIIInt-EraseBytes- DE: "\377\377\377\377\377\377\377\377"-
#47163	REDUCE cov: 8808 ft: 51860 corp: 1682/34Mb lim: 65536 exec/s: 417 rss: 456Mb L: 41871/65536 MS: 1 EraseBytes-
#47184	REDUCE cov: 8808 ft: 51860 corp: 1682/34Mb lim: 65536 exec/s: 417 rss: 456Mb L: 164/65536 MS: 1 EraseBytes-
#47248	REDUCE cov: 8808 ft: 51860 corp: 1682/34Mb lim: 65536 exec/s: 418 rss: 456Mb L: 2770/65536 MS: 4 InsertRepeatedBytes-InsertByte-ChangeASCIIInt-EraseBytes-
#47271	REDUCE cov: 8808 ft: 51860 corp: 1682/34Mb lim: 65536 exec/s: 418 rss: 456Mb L: 237/65536 MS: 3 PersAutoDict-PersAutoDict-EraseBytes- DE: "&Integral;"-"4\000"-
#47298	REDUCE cov: 8808 ft: 51862 corp: 1683/34Mb lim: 65536 exec/s: 418 rss: 456Mb L: 23807/65536 MS: 2 PersAutoDict-ChangeBit- DE: "\377\377`\200\000\002S\270"-
#47313	NEW    cov: 8808 ft: 51870 corp: 1684/34Mb lim: 65536 exec/s: 418 rss: 456Mb L: 9908/65536 MS: 5 EraseBytes-InsertRepeatedBytes-ChangeASCIIInt-ChangeASCIIInt-CopyPart-
#47342	REDUCE cov: 8808 ft: 51870 corp: 1684/34Mb lim: 65536 exec/s: 418 rss: 456Mb L: 5176/65536 MS: 4 ChangeASCIIInt-CMP-InsertByte-EraseBytes- DE: "&DDotrah"-
#47385	REDUCE cov: 8808 ft: 51870 corp: 1684/34Mb lim: 65536 exec/s: 419 rss: 456Mb L: 43830/65536 MS: 3 ChangeByte-CrossOver-CopyPart-
#47420	REDUCE cov: 8808 ft: 51870 corp: 1684/34Mb lim: 65536 exec/s: 419 rss: 456Mb L: 1996/65536 MS: 5 CMP-PersAutoDict-ChangeBinInt-ShuffleBytes-EraseBytes- DE: "\021\000\000\000"-"\312\316\037\001\220b\000\000"-
#47477	REDUCE cov: 8808 ft: 51870 corp: 1684/34Mb lim: 65536 exec/s: 416 rss: 456Mb L: 3489/65536 MS: 2 ChangeBinInt-EraseBytes-
#47567	REDUCE cov: 8808 ft: 51870 corp: 1684/34Mb lim: 65536 exec/s: 417 rss: 456Mb L: 19461/65536 MS: 5 CMP-PersAutoDict-CrossOver-PersAutoDict-EraseBytes- DE: "&gsi"-"\246=F\001Pb\000\000"-"\026\000\000\000"-
#47573	REDUCE cov: 8808 ft: 51870 corp: 1684/34Mb lim: 65536 exec/s: 417 rss: 456Mb L: 10226/65536 MS: 1 EraseBytes-
#47609	REDUCE cov: 8808 ft: 51870 corp: 1684/34Mb lim: 65536 exec/s: 417 rss: 456Mb L: 6124/65536 MS: 1 EraseBytes-
#47630	NEW    cov: 8808 ft: 51871 corp: 1685/34Mb lim: 65536 exec/s: 417 rss: 456Mb L: 65335/65536 MS: 1 CopyPart-
#47645	REDUCE cov: 8808 ft: 51871 corp: 1685/34Mb lim: 65536 exec/s: 417 rss: 456Mb L: 47053/65536 MS: 5 ShuffleBytes-PersAutoDict-ChangeBit-ChangeASCIIInt-EraseBytes- DE: "\377\377b\000\001\005\342\220"-
#47799	REDUCE cov: 8808 ft: 51871 corp: 1685/34Mb lim: 65536 exec/s: 419 rss: 456Mb L: 1844/65536 MS: 4 ChangeBit-ChangeByte-InsertRepeatedBytes-CrossOver-
#47844	REDUCE cov: 8808 ft: 51871 corp: 1685/34Mb lim: 65536 exec/s: 419 rss: 456Mb L: 645/65536 MS: 5 ShuffleBytes-CopyPart-InsertByte-ChangeBit-EraseBytes-
#47853	REDUCE cov: 8808 ft: 51871 corp: 1685/34Mb lim: 65536 exec/s: 419 rss: 456Mb L: 33441/65536 MS: 4 ChangeASCIIInt-InsertByte-ChangeByte-EraseBytes-
#47883	REDUCE cov: 8809 ft: 51872 corp: 1686/34Mb lim: 65536 exec/s: 420 rss: 456Mb L: 7387/65536 MS: 5 CrossOver-ChangeBit-ChangeByte-ChangeASCIIInt-CopyPart-
#47890	REDUCE cov: 8809 ft: 51872 corp: 1686/34Mb lim: 65536 exec/s: 420 rss: 456Mb L: 45902/65536 MS: 2 PersAutoDict-EraseBytes- DE: "\003\253"-
#47896	REDUCE cov: 8809 ft: 51872 corp: 1686/34Mb lim: 65536 exec/s: 420 rss: 456Mb L: 18000/65536 MS: 1 EraseBytes-
#47945	NEW    cov: 8809 ft: 51873 corp: 1687/34Mb lim: 65536 exec/s: 416 rss: 456Mb L: 35469/65536 MS: 4 ChangeByte-ChangeBit-ChangeBit-CopyPart-
#48009	NEW    cov: 8809 ft: 51877 corp: 1688/34Mb lim: 65536 exec/s: 417 rss: 456Mb L: 29043/65536 MS: 4 CMP-CrossOver-ChangeBit-EraseBytes- DE: "\000\000c\000\001B\354\234"-
#48011	REDUCE cov: 8809 ft: 51877 corp: 1688/34Mb lim: 65536 exec/s: 417 rss: 456Mb L: 11358/65536 MS: 2 ChangeByte-EraseBytes-
#48020	NEW    cov: 8810 ft: 51878 corp: 1689/34Mb lim: 65536 exec/s: 417 rss: 456Mb L: 6691/65536 MS: 4 CMP-ChangeASCIIInt-CMP-InsertByte- DE: "\377\377\312c"-"http"-
#48035	REDUCE cov: 8810 ft: 51878 corp: 1689/34Mb lim: 65536 exec/s: 417 rss: 456Mb L: 4744/65536 MS: 5 PersAutoDict-CMP-ChangeByte-InsertRepeatedBytes-EraseBytes- DE: "\002\000"-"\001\000b \000\013>\344"-
#48045	NEW    cov: 8810 ft: 51881 corp: 1690/34Mb lim: 65536 exec/s: 417 rss: 456Mb L: 28282/65536 MS: 5 PersAutoDict-InsertByte-ChangeByte-ChangeASCIIInt-CopyPart- DE: "\035\000\000\000"-
#48061	REDUCE cov: 8810 ft: 51881 corp: 1690/34Mb lim: 65536 exec/s: 417 rss: 456Mb L: 2412/65536 MS: 1 EraseBytes-
#48111	NEW    cov: 8811 ft: 51882 corp: 1691/34Mb lim: 65536 exec/s: 418 rss: 456Mb L: 3690/65536 MS: 5 ChangeByte-PersAutoDict-ChangeByte-ShuffleBytes-CopyPart- DE: "o -"-
#48117	REDUCE cov: 8811 ft: 51882 corp: 1691/34Mb lim: 65536 exec/s: 418 rss: 456Mb L: 35178/65536 MS: 1 EraseBytes-
#48124	REDUCE cov: 8811 ft: 51882 corp: 1691/34Mb lim: 65536 exec/s: 418 rss: 456Mb L: 15477/65536 MS: 2 CMP-EraseBytes- DE: "\001\000"-
#48128	REDUCE cov: 8811 ft: 51882 corp: 1691/34Mb lim: 65536 exec/s: 418 rss: 456Mb L: 46171/65536 MS: 4 ChangeASCIIInt-ChangeASCIIInt-PersAutoDict-EraseBytes- DE: "&qscr;"-
#48184	REDUCE cov: 8811 ft: 51882 corp: 1691/34Mb lim: 65536 exec/s: 418 rss: 456Mb L: 17745/65536 MS: 1 EraseBytes-
#48194	REDUCE cov: 8811 ft: 51882 corp: 1691/34Mb lim: 65536 exec/s: 419 rss: 456Mb L: 2281/65536 MS: 5 ChangeBinInt-ChangeASCIIInt-ShuffleBytes-ChangeBinInt-EraseBytes-
#48195	NEW    cov: 8811 ft: 51893 corp: 1692/34Mb lim: 65536 exec/s: 419 rss: 456Mb L: 33564/65536 MS: 1 CopyPart-
#48220	NEW    cov: 8811 ft: 51894 corp: 1693/34Mb lim: 65536 exec/s: 419 rss: 456Mb L: 11702/65536 MS: 5 PersAutoDict-ChangeASCIIInt-EraseBytes-InsertByte-CopyPart- DE: ";\177\000\000 a\000\000"-
#48280	NEW    cov: 8835 ft: 51918 corp: 1694/34Mb lim: 65536 exec/s: 419 rss: 456Mb L: 136/65536 MS: 5 InsertByte-InsertByte-ChangeBit-ChangeASCIIInt-InsertByte-
#48312	REDUCE cov: 8835 ft: 51918 corp: 1694/34Mb lim: 65536 exec/s: 420 rss: 456Mb L: 1668/65536 MS: 2 CrossOver-EraseBytes-
#48339	NEW    cov: 8835 ft: 51919 corp: 1695/34Mb lim: 65536 exec/s: 420 rss: 456Mb L: 9959/65536 MS: 2 ChangeBit-CopyPart-
#48340	REDUCE cov: 8835 ft: 51919 corp: 1695/34Mb lim: 65536 exec/s: 420 rss: 456Mb L: 9619/65536 MS: 1 EraseBytes-
#48342	REDUCE cov: 8835 ft: 51919 corp: 1695/34Mb lim: 65536 exec/s: 420 rss: 456Mb L: 27634/65536 MS: 2 ShuffleBytes-EraseBytes-
#48358	REDUCE cov: 8835 ft: 51919 corp: 1695/34Mb lim: 65536 exec/s: 420 rss: 456Mb L: 18210/65536 MS: 1 EraseBytes-
#48407	NEW    cov: 8835 ft: 51920 corp: 1696/34Mb lim: 65536 exec/s: 420 rss: 456Mb L: 34528/65536 MS: 4 ChangeByte-ShuffleBytes-CopyPart-EraseBytes-
#48436	REDUCE cov: 8835 ft: 51920 corp: 1696/34Mb lim: 65536 exec/s: 417 rss: 456Mb L: 201/65536 MS: 4 ShuffleBytes-ShuffleBytes-ChangeByte-EraseBytes-
#48482	NEW    cov: 8835 ft: 51921 corp: 1697/34Mb lim: 65536 exec/s: 417 rss: 456Mb L: 41229/65536 MS: 1 CopyPart-
#48543	REDUCE cov: 8835 ft: 51921 corp: 1697/34Mb lim: 65536 exec/s: 418 rss: 456Mb L: 14450/65536 MS: 1 CrossOver-
#48595	NEW    cov: 8835 ft: 51924 corp: 1698/34Mb lim: 65536 exec/s: 418 rss: 456Mb L: 8768/65536 MS: 2 ChangeBit-CopyPart-
#48605	NEW    cov: 8835 ft: 51925 corp: 1699/34Mb lim: 65536 exec/s: 419 rss: 456Mb L: 46175/65536 MS: 5 EraseBytes-ChangeBit-CrossOver-CrossOver-CopyPart-
#48621	REDUCE cov: 8835 ft: 51925 corp: 1699/34Mb lim: 65536 exec/s: 419 rss: 456Mb L: 15006/65536 MS: 1 EraseBytes-
#48629	REDUCE cov: 8836 ft: 51926 corp: 1700/34Mb lim: 65536 exec/s: 419 rss: 456Mb L: 201/65536 MS: 3 ChangeByte-ShuffleBytes-InsertRepeatedBytes-
#48686	REDUCE cov: 8836 ft: 51926 corp: 1700/34Mb lim: 65536 exec/s: 419 rss: 456Mb L: 1793/65536 MS: 2 CrossOver-EraseBytes-
#48841	REDUCE cov: 8836 ft: 51926 corp: 1700/34Mb lim: 65536 exec/s: 421 rss: 456Mb L: 24969/65536 MS: 5 ChangeBinInt-ChangeBinInt-ShuffleBytes-CopyPart-EraseBytes-
#48914	REDUCE cov: 8836 ft: 51926 corp: 1700/34Mb lim: 65536 exec/s: 418 rss: 456Mb L: 19386/65536 MS: 3 ChangeByte-ChangeBinInt-EraseBytes-
#48962	REDUCE cov: 8836 ft: 51926 corp: 1700/34Mb lim: 65536 exec/s: 418 rss: 456Mb L: 621/65536 MS: 3 InsertRepeatedBytes-ChangeBinInt-EraseBytes-
#49004	REDUCE cov: 8836 ft: 51926 corp: 1700/34Mb lim: 65536 exec/s: 418 rss: 456Mb L: 37626/65536 MS: 2 ShuffleBytes-EraseBytes-
#49007	REDUCE cov: 8842 ft: 51934 corp: 1701/34Mb lim: 65536 exec/s: 418 rss: 456Mb L: 19140/65536 MS: 3 PersAutoDict-ChangeBinInt-InsertRepeatedBytes- DE: "\246=F\001Pb\000\000"-
#49009	NEW    cov: 8842 ft: 51938 corp: 1702/34Mb lim: 65536 exec/s: 418 rss: 456Mb L: 39804/65536 MS: 2 ChangeBinInt-CopyPart-
#49022	NEW    cov: 8842 ft: 52165 corp: 1703/34Mb lim: 65536 exec/s: 418 rss: 456Mb L: 60167/65536 MS: 3 CopyPart-ChangeBinInt-CopyPart-
#49078	REDUCE cov: 8842 ft: 52165 corp: 1703/34Mb lim: 65536 exec/s: 419 rss: 456Mb L: 4701/65536 MS: 1 EraseBytes-
#49090	NEW    cov: 8842 ft: 52167 corp: 1704/34Mb lim: 65536 exec/s: 419 rss: 456Mb L: 102/65536 MS: 2 ShuffleBytes-EraseBytes-
#49095	REDUCE cov: 8842 ft: 52167 corp: 1704/34Mb lim: 65536 exec/s: 419 rss: 456Mb L: 17265/65536 MS: 5 ChangeBinInt-CopyPart-ChangeBit-EraseBytes-EraseBytes-
#49103	REDUCE cov: 8842 ft: 52167 corp: 1704/34Mb lim: 65536 exec/s: 419 rss: 456Mb L: 53776/65536 MS: 3 ChangeByte-CMP-EraseBytes- DE: "KXQ\000\360b\000\000"-
#49116	REDUCE cov: 8842 ft: 52167 corp: 1704/34Mb lim: 65536 exec/s: 419 rss: 456Mb L: 35208/65536 MS: 3 ChangeASCIIInt-InsertByte-EraseBytes-
#49152	REDUCE cov: 8842 ft: 52167 corp: 1704/34Mb lim: 65536 exec/s: 420 rss: 456Mb L: 250/65536 MS: 1 EraseBytes-
#49173	REDUCE cov: 8842 ft: 52167 corp: 1704/34Mb lim: 65536 exec/s: 420 rss: 456Mb L: 2579/65536 MS: 1 EraseBytes-
#49184	REDUCE cov: 8842 ft: 52167 corp: 1704/34Mb lim: 65536 exec/s: 420 rss: 456Mb L: 24117/65536 MS: 1 EraseBytes-
#49188	NEW    cov: 8842 ft: 52172 corp: 1705/34Mb lim: 65536 exec/s: 420 rss: 456Mb L: 41658/65536 MS: 4 CrossOver-ShuffleBytes-ChangeByte-CopyPart-
#49206	REDUCE cov: 8842 ft: 52172 corp: 1705/34Mb lim: 65536 exec/s: 420 rss: 456Mb L: 23433/65536 MS: 3 InsertByte-CMP-EraseBytes- DE: "\016\000"-
#49221	REDUCE cov: 8842 ft: 52172 corp: 1705/34Mb lim: 65536 exec/s: 420 rss: 456Mb L: 559/65536 MS: 5 ShuffleBytes-InsertByte-ChangeByte-PersAutoDict-EraseBytes- DE: "\002\000"-
#49224	REDUCE cov: 8842 ft: 52172 corp: 1705/34Mb lim: 65536 exec/s: 420 rss: 456Mb L: 5803/65536 MS: 3 InsertByte-CMP-EraseBytes- DE: "\013\027"-
#49225	REDUCE cov: 8842 ft: 52172 corp: 1705/34Mb lim: 65536 exec/s: 420 rss: 456Mb L: 20696/65536 MS: 1 EraseBytes-
#49281	REDUCE cov: 8842 ft: 52173 corp: 1706/34Mb lim: 65536 exec/s: 421 rss: 456Mb L: 52888/65536 MS: 1 CopyPart-
#49286	NEW    cov: 8842 ft: 52174 corp: 1707/34Mb lim: 65536 exec/s: 421 rss: 456Mb L: 49442/65536 MS: 5 ChangeBinInt-ChangeBinInt-CMP-CMP-CopyPart- DE: "&ouml;"-"ks]"-
#49292	REDUCE cov: 8842 ft: 52174 corp: 1707/34Mb lim: 65536 exec/s: 421 rss: 456Mb L: 7454/65536 MS: 1 EraseBytes-
#49300	REDUCE cov: 8842 ft: 52174 corp: 1707/34Mb lim: 65536 exec/s: 421 rss: 456Mb L: 6839/65536 MS: 3 ChangeByte-ChangeASCIIInt-EraseBytes-
#49321	REDUCE cov: 8842 ft: 52176 corp: 1708/34Mb lim: 65536 exec/s: 421 rss: 456Mb L: 11188/65536 MS: 1 CopyPart-
#49380	NEW    cov: 8842 ft: 52178 corp: 1709/34Mb lim: 65536 exec/s: 422 rss: 456Mb L: 46094/65536 MS: 4 CMP-CMP-PersAutoDict-CopyPart- DE: "\001\000\000)"-"\000\000\000%"-"\001\000?\220"-
#49439	REDUCE cov: 8842 ft: 52178 corp: 1709/34Mb lim: 65536 exec/s: 418 rss: 456Mb L: 24470/65536 MS: 4 CopyPart-InsertRepeatedBytes-CopyPart-EraseBytes-
#49448	REDUCE cov: 8842 ft: 52178 corp: 1709/34Mb lim: 65536 exec/s: 419 rss: 456Mb L: 38077/65536 MS: 4 ChangeASCIIInt-ChangeByte-ChangeBit-EraseBytes-
#49460	REDUCE cov: 8842 ft: 52178 corp: 1709/34Mb lim: 65536 exec/s: 419 rss: 456Mb L: 27632/65536 MS: 2 ShuffleBytes-CrossOver-
#49466	REDUCE cov: 8842 ft: 52178 corp: 1709/34Mb lim: 65536 exec/s: 419 rss: 456Mb L: 17376/65536 MS: 1 EraseBytes-
#49496	REDUCE cov: 8842 ft: 52178 corp: 1709/34Mb lim: 65536 exec/s: 419 rss: 456Mb L: 2713/65536 MS: 5 ShuffleBytes-ShuffleBytes-ChangeByte-ChangeBinInt-EraseBytes-
#49499	REDUCE cov: 8842 ft: 52178 corp: 1709/34Mb lim: 65536 exec/s: 419 rss: 456Mb L: 4087/65536 MS: 3 CopyPart-ChangeBinInt-EraseBytes-
#49540	REDUCE cov: 8842 ft: 52178 corp: 1709/34Mb lim: 65536 exec/s: 419 rss: 456Mb L: 62/65536 MS: 1 EraseBytes-
#49568	REDUCE cov: 8842 ft: 52178 corp: 1709/34Mb lim: 65536 exec/s: 420 rss: 456Mb L: 13231/65536 MS: 3 InsertByte-ChangeBit-EraseBytes-
#49572	REDUCE cov: 8842 ft: 52180 corp: 1710/34Mb lim: 65536 exec/s: 420 rss: 456Mb L: 40635/65536 MS: 4 ChangeBit-ChangeBit-ChangeBinInt-CopyPart-
#49584	REDUCE cov: 8842 ft: 52180 corp: 1710/34Mb lim: 65536 exec/s: 420 rss: 456Mb L: 775/65536 MS: 2 ChangeASCIIInt-EraseBytes-
#49614	REDUCE cov: 8842 ft: 52182 corp: 1711/34Mb lim: 65536 exec/s: 420 rss: 456Mb L: 7967/65536 MS: 5 ChangeByte-ChangeByte-InsertByte-InsertByte-CopyPart-
#49615	REDUCE cov: 8842 ft: 52182 corp: 1711/34Mb lim: 65536 exec/s: 420 rss: 456Mb L: 143/65536 MS: 1 EraseBytes-
#49656	NEW    cov: 8881 ft: 52221 corp: 1712/34Mb lim: 65536 exec/s: 420 rss: 456Mb L: 2196/65536 MS: 1 CrossOver-
#49660	NEW    cov: 8881 ft: 52226 corp: 1713/35Mb lim: 65536 exec/s: 420 rss: 456Mb L: 44764/65536 MS: 4 CopyPart-CopyPart-ChangeByte-EraseBytes-
#49677	REDUCE cov: 8881 ft: 52226 corp: 1713/34Mb lim: 65536 exec/s: 420 rss: 456Mb L: 4364/65536 MS: 2 CrossOver-EraseBytes-
#49732	REDUCE cov: 8881 ft: 52236 corp: 1714/35Mb lim: 65536 exec/s: 421 rss: 456Mb L: 12023/65536 MS: 5 ChangeByte-ChangeByte-ShuffleBytes-CopyPart-CopyPart-
#49771	REDUCE cov: 8881 ft: 52236 corp: 1714/35Mb lim: 65536 exec/s: 421 rss: 456Mb L: 20461/65536 MS: 4 CMP-PersAutoDict-PersAutoDict-CrossOver- DE: "Sof"-"\016\000"-"\001\000c\000\000\227\374\230"-
#49784	NEW    cov: 8881 ft: 52239 corp: 1715/35Mb lim: 65536 exec/s: 421 rss: 456Mb L: 64504/65536 MS: 3 ChangeASCIIInt-CMP-CopyPart- DE: "<![CDATA["-
#49786	REDUCE cov: 8881 ft: 52240 corp: 1716/35Mb lim: 65536 exec/s: 421 rss: 456Mb L: 61316/65536 MS: 2 CopyPart-CopyPart-
#49813	REDUCE cov: 8881 ft: 52240 corp: 1716/35Mb lim: 65536 exec/s: 422 rss: 456Mb L: 5026/65536 MS: 2 InsertRepeatedBytes-EraseBytes-
#49888	REDUCE cov: 8881 ft: 52240 corp: 1716/35Mb lim: 65536 exec/s: 422 rss: 456Mb L: 28556/65536 MS: 5 ChangeByte-ChangeBit-InsertRepeatedBytes-ChangeBinInt-EraseBytes-
#49889	REDUCE cov: 8881 ft: 52241 corp: 1717/35Mb lim: 65536 exec/s: 422 rss: 456Mb L: 39144/65536 MS: 1 CrossOver-
#49940	NEW    cov: 8881 ft: 52262 corp: 1718/35Mb lim: 65536 exec/s: 419 rss: 456Mb L: 20769/65536 MS: 1 CopyPart-
#49943	REDUCE cov: 8881 ft: 52262 corp: 1718/35Mb lim: 65536 exec/s: 419 rss: 456Mb L: 28816/65536 MS: 3 PersAutoDict-InsertByte-EraseBytes- DE: "\377\377\377\015"-
#49956	REDUCE cov: 8881 ft: 52265 corp: 1719/35Mb lim: 65536 exec/s: 419 rss: 456Mb L: 467/65536 MS: 3 ChangeBit-CrossOver-CrossOver-
#49987	REDUCE cov: 8881 ft: 52265 corp: 1719/35Mb lim: 65536 exec/s: 420 rss: 456Mb L: 27052/65536 MS: 1 EraseBytes-
#50013	REDUCE cov: 8881 ft: 52265 corp: 1719/35Mb lim: 65536 exec/s: 420 rss: 456Mb L: 1159/65536 MS: 1 EraseBytes-
#50068	REDUCE cov: 8881 ft: 52265 corp: 1719/35Mb lim: 65536 exec/s: 420 rss: 456Mb L: 279/65536 MS: 5 CopyPart-ChangeBinInt-CMP-CopyPart-EraseBytes- DE: "http"-
#50100	REDUCE cov: 8881 ft: 52265 corp: 1719/35Mb lim: 65536 exec/s: 421 rss: 456Mb L: 8198/65536 MS: 2 ChangeBinInt-EraseBytes-
#50125	REDUCE cov: 8881 ft: 52265 corp: 1719/35Mb lim: 65536 exec/s: 421 rss: 456Mb L: 67/65536 MS: 5 ShuffleBytes-InsertByte-ShuffleBytes-InsertByte-EraseBytes-
#50128	REDUCE cov: 8881 ft: 52265 corp: 1719/35Mb lim: 65536 exec/s: 421 rss: 456Mb L: 48824/65536 MS: 3 ChangeBit-ChangeByte-EraseBytes-
#50164	NEW    cov: 8881 ft: 52267 corp: 1720/35Mb lim: 65536 exec/s: 421 rss: 456Mb L: 42160/65536 MS: 1 CopyPart-
#50201	REDUCE cov: 8881 ft: 52267 corp: 1720/35Mb lim: 65536 exec/s: 421 rss: 456Mb L: 26931/65536 MS: 2 ChangeASCIIInt-EraseBytes-
#50236	REDUCE cov: 8881 ft: 52267 corp: 1720/35Mb lim: 65536 exec/s: 422 rss: 456Mb L: 28980/65536 MS: 5 ChangeBit-ChangeBit-ChangeASCIIInt-ChangeBinInt-EraseBytes-
#50237	NEW    cov: 8881 ft: 52268 corp: 1721/35Mb lim: 65536 exec/s: 422 rss: 456Mb L: 61936/65536 MS: 1 CopyPart-
#50243	REDUCE cov: 8881 ft: 52268 corp: 1721/35Mb lim: 65536 exec/s: 422 rss: 456Mb L: 80/65536 MS: 1 EraseBytes-
#50262	NEW    cov: 8881 ft: 52279 corp: 1722/35Mb lim: 65536 exec/s: 422 rss: 456Mb L: 45492/65536 MS: 4 ChangeBinInt-PersAutoDict-PersAutoDict-CopyPart- DE: "\001\000b\320\000EI\234"-"\276\316\202\001\320b\000\000"-
#50276	REDUCE cov: 8881 ft: 52279 corp: 1722/35Mb lim: 65536 exec/s: 422 rss: 456Mb L: 29/65536 MS: 4 ShuffleBytes-ShuffleBytes-ChangeBinInt-EraseBytes-
#50348	NEW    cov: 8881 ft: 52293 corp: 1723/35Mb lim: 65536 exec/s: 423 rss: 456Mb L: 11122/65536 MS: 2 CrossOver-CrossOver-
#50362	REDUCE cov: 8881 ft: 52293 corp: 1723/35Mb lim: 65536 exec/s: 423 rss: 456Mb L: 874/65536 MS: 4 PersAutoDict-ChangeBit-CMP-EraseBytes- DE: "ent"-"\204\306x\000\260a\000\000"-
#50407	NEW    cov: 8881 ft: 52296 corp: 1724/35Mb lim: 65536 exec/s: 420 rss: 456Mb L: 55210/65536 MS: 5 EraseBytes-ChangeBit-CrossOver-ShuffleBytes-CopyPart-
#50437	REDUCE cov: 8881 ft: 52296 corp: 1724/35Mb lim: 65536 exec/s: 420 rss: 456Mb L: 16789/65536 MS: 5 InsertRepeatedBytes-CMP-InsertRepeatedBytes-ChangeBinInt-EraseBytes- DE: "\377\377a\300\000\254ws"-
#50519	REDUCE cov: 8881 ft: 52296 corp: 1724/35Mb lim: 65536 exec/s: 420 rss: 456Mb L: 14619/65536 MS: 2 ChangeASCIIInt-EraseBytes-
#50525	REDUCE cov: 8881 ft: 52296 corp: 1724/35Mb lim: 65536 exec/s: 421 rss: 456Mb L: 2359/65536 MS: 1 EraseBytes-
#50558	REDUCE cov: 8881 ft: 52296 corp: 1724/35Mb lim: 65536 exec/s: 421 rss: 456Mb L: 23063/65536 MS: 3 ChangeASCIIInt-ChangeByte-EraseBytes-
#50588	REDUCE cov: 8881 ft: 52296 corp: 1724/35Mb lim: 65536 exec/s: 421 rss: 456Mb L: 479/65536 MS: 5 ShuffleBytes-InsertRepeatedBytes-InsertByte-InsertByte-EraseBytes-
#50609	REDUCE cov: 8881 ft: 52296 corp: 1724/35Mb lim: 65536 exec/s: 421 rss: 456Mb L: 7716/65536 MS: 1 EraseBytes-
#50619	REDUCE cov: 8881 ft: 52296 corp: 1724/35Mb lim: 65536 exec/s: 421 rss: 456Mb L: 17942/65536 MS: 5 ShuffleBytes-CMP-ChangeBinInt-InsertRepeatedBytes-EraseBytes- DE: "\277K<\000\220b\000\000"-
#50622	NEW    cov: 8881 ft: 52311 corp: 1725/35Mb lim: 65536 exec/s: 421 rss: 456Mb L: 60983/65536 MS: 3 ChangeASCIIInt-ChangeByte-CopyPart-
#50634	REDUCE cov: 8881 ft: 52311 corp: 1725/35Mb lim: 65536 exec/s: 421 rss: 456Mb L: 484/65536 MS: 2 ShuffleBytes-EraseBytes-
#50649	REDUCE cov: 8881 ft: 52311 corp: 1725/35Mb lim: 65536 exec/s: 422 rss: 456Mb L: 8719/65536 MS: 5 InsertRepeatedBytes-PersAutoDict-ChangeASCIIInt-InsertRepeatedBytes-EraseBytes- DE: "\000\000a\360\000\005?\015"-
#50740	REDUCE cov: 8881 ft: 52311 corp: 1725/35Mb lim: 65536 exec/s: 422 rss: 456Mb L: 18551/65536 MS: 1 EraseBytes-
#50744	REDUCE cov: 8881 ft: 52311 corp: 1725/35Mb lim: 65536 exec/s: 422 rss: 456Mb L: 18272/65536 MS: 4 ShuffleBytes-CMP-InsertByte-EraseBytes- DE: "\\1"-
#50761	REDUCE cov: 8881 ft: 52311 corp: 1725/35Mb lim: 65536 exec/s: 423 rss: 456Mb L: 7325/65536 MS: 2 ChangeASCIIInt-EraseBytes-
#50827	REDUCE cov: 8881 ft: 52311 corp: 1725/35Mb lim: 65536 exec/s: 423 rss: 456Mb L: 16171/65536 MS: 1 EraseBytes-
#50838	REDUCE cov: 8881 ft: 52311 corp: 1725/35Mb lim: 65536 exec/s: 423 rss: 456Mb L: 6672/65536 MS: 1 EraseBytes-
#50845	REDUCE cov: 8881 ft: 52321 corp: 1726/35Mb lim: 65536 exec/s: 423 rss: 456Mb L: 12566/65536 MS: 2 PersAutoDict-CopyPart- DE: "&Differen"-
#50887	REDUCE cov: 8881 ft: 52321 corp: 1726/35Mb lim: 65536 exec/s: 424 rss: 456Mb L: 6857/65536 MS: 2 InsertByte-CrossOver-
#50891	REDUCE cov: 8881 ft: 52321 corp: 1726/35Mb lim: 65536 exec/s: 424 rss: 456Mb L: 41876/65536 MS: 4 ChangeBinInt-ChangeBinInt-PersAutoDict-EraseBytes- DE: "\000\000\000\024"-
#50893	REDUCE cov: 8881 ft: 52321 corp: 1726/35Mb lim: 65536 exec/s: 424 rss: 456Mb L: 1233/65536 MS: 2 ShuffleBytes-EraseBytes-
#50900	REDUCE cov: 8881 ft: 52321 corp: 1726/35Mb lim: 65536 exec/s: 424 rss: 456Mb L: 1273/65536 MS: 2 ChangeByte-EraseBytes-
#50910	REDUCE cov: 8881 ft: 52321 corp: 1726/35Mb lim: 65536 exec/s: 424 rss: 456Mb L: 128/65536 MS: 5 ShuffleBytes-InsertByte-ChangeByte-InsertByte-EraseBytes-
#50951	NEW    cov: 8881 ft: 52411 corp: 1727/35Mb lim: 65536 exec/s: 421 rss: 456Mb L: 53144/65536 MS: 1 CopyPart-
#50988	REDUCE cov: 8881 ft: 52411 corp: 1727/35Mb lim: 65536 exec/s: 421 rss: 456Mb L: 3799/65536 MS: 2 ChangeBinInt-EraseBytes-
#51009	REDUCE cov: 8881 ft: 52411 corp: 1727/35Mb lim: 65536 exec/s: 421 rss: 456Mb L: 177/65536 MS: 1 EraseBytes-
#51024	REDUCE cov: 8881 ft: 52411 corp: 1727/35Mb lim: 65536 exec/s: 421 rss: 456Mb L: 7637/65536 MS: 5 ChangeBit-InsertRepeatedBytes-ShuffleBytes-ChangeBit-EraseBytes-
#51035	REDUCE cov: 8881 ft: 52411 corp: 1727/35Mb lim: 65536 exec/s: 421 rss: 456Mb L: 17873/65536 MS: 1 EraseBytes-
#51055	REDUCE cov: 8881 ft: 52411 corp: 1727/35Mb lim: 65536 exec/s: 421 rss: 456Mb L: 7545/65536 MS: 5 ChangeBit-ChangeBinInt-InsertRepeatedBytes-ChangeBit-EraseBytes-
#51098	REDUCE cov: 8881 ft: 52411 corp: 1727/35Mb lim: 65536 exec/s: 422 rss: 456Mb L: 26447/65536 MS: 3 CMP-ChangeBit-EraseBytes- DE: "&oline"-
#51115	REDUCE cov: 8881 ft: 52412 corp: 1728/35Mb lim: 65536 exec/s: 422 rss: 456Mb L: 6672/65536 MS: 2 ChangeBit-CopyPart-
#51139	REDUCE cov: 8881 ft: 52429 corp: 1729/35Mb lim: 65536 exec/s: 422 rss: 456Mb L: 26736/65536 MS: 4 InsertByte-InsertRepeatedBytes-CrossOver-CopyPart-
#51145	REDUCE cov: 8881 ft: 52429 corp: 1729/35Mb lim: 65536 exec/s: 422 rss: 456Mb L: 17111/65536 MS: 1 EraseBytes-
#51158	NEW    cov: 8881 ft: 52438 corp: 1730/35Mb lim: 65536 exec/s: 422 rss: 456Mb L: 37644/65536 MS: 3 InsertByte-CrossOver-CopyPart-
#51220	NEW    cov: 8881 ft: 52439 corp: 1731/35Mb lim: 65536 exec/s: 423 rss: 456Mb L: 12790/65536 MS: 2 ChangeASCIIInt-CopyPart-
#51221	REDUCE cov: 8881 ft: 52439 corp: 1731/35Mb lim: 65536 exec/s: 423 rss: 456Mb L: 31513/65536 MS: 1 EraseBytes-
#51222	REDUCE cov: 8881 ft: 52439 corp: 1731/35Mb lim: 65536 exec/s: 423 rss: 456Mb L: 38514/65536 MS: 1 EraseBytes-
#51242	REDUCE cov: 8881 ft: 52439 corp: 1731/35Mb lim: 65536 exec/s: 423 rss: 456Mb L: 7868/65536 MS: 5 InsertRepeatedBytes-ShuffleBytes-ChangeBit-CopyPart-EraseBytes-
#51248	REDUCE cov: 8881 ft: 52439 corp: 1731/35Mb lim: 65536 exec/s: 423 rss: 456Mb L: 27219/65536 MS: 1 EraseBytes-
#51291	REDUCE cov: 8881 ft: 52439 corp: 1731/35Mb lim: 65536 exec/s: 423 rss: 456Mb L: 10068/65536 MS: 3 InsertRepeatedBytes-ChangeBit-EraseBytes-
#51293	REDUCE cov: 8881 ft: 52439 corp: 1731/35Mb lim: 65536 exec/s: 423 rss: 456Mb L: 5588/65536 MS: 2 PersAutoDict-EraseBytes- DE: "f\350\000\000Pb\000\000"-
#51296	REDUCE cov: 8881 ft: 52439 corp: 1731/35Mb lim: 65536 exec/s: 423 rss: 456Mb L: 13321/65536 MS: 3 CopyPart-ChangeBinInt-CrossOver-
#51305	REDUCE cov: 8881 ft: 52441 corp: 1732/35Mb lim: 65536 exec/s: 424 rss: 456Mb L: 6668/65536 MS: 4 PersAutoDict-CrossOver-InsertByte-CrossOver- DE: "&\011U\000\320a\000\000"-
#51344	REDUCE cov: 8881 ft: 52441 corp: 1732/35Mb lim: 65536 exec/s: 424 rss: 456Mb L: 2034/65536 MS: 4 CMP-ShuffleBytes-InsertRepeatedBytes-EraseBytes- DE: "2\000"-
#51350	REDUCE cov: 8881 ft: 52441 corp: 1732/35Mb lim: 65536 exec/s: 424 rss: 456Mb L: 10998/65536 MS: 1 EraseBytes-
#51357	REDUCE cov: 8881 ft: 52441 corp: 1732/35Mb lim: 65536 exec/s: 424 rss: 456Mb L: 2660/65536 MS: 2 ChangeBinInt-EraseBytes-
#51375	REDUCE cov: 8881 ft: 52441 corp: 1732/35Mb lim: 65536 exec/s: 424 rss: 456Mb L: 5340/65536 MS: 3 ShuffleBytes-PersAutoDict-EraseBytes- DE: "\377\274"-
#51431	REDUCE cov: 8881 ft: 52441 corp: 1732/35Mb lim: 65536 exec/s: 421 rss: 456Mb L: 13695/65536 MS: 1 EraseBytes-
#51449	REDUCE cov: 8881 ft: 52441 corp: 1732/35Mb lim: 65536 exec/s: 421 rss: 456Mb L: 7882/65536 MS: 3 ShuffleBytes-ChangeBit-EraseBytes-
#51450	REDUCE cov: 8881 ft: 52441 corp: 1732/35Mb lim: 65536 exec/s: 421 rss: 456Mb L: 21656/65536 MS: 1 EraseBytes-
#51547	REDUCE cov: 8881 ft: 52441 corp: 1732/35Mb lim: 65536 exec/s: 422 rss: 456Mb L: 7490/65536 MS: 2 ChangeBinInt-EraseBytes-
#51596	REDUCE cov: 8881 ft: 52441 corp: 1732/35Mb lim: 65536 exec/s: 422 rss: 456Mb L: 264/65536 MS: 4 PersAutoDict-InsertRepeatedBytes-CopyPart-EraseBytes- DE: "\324W\003\001\220b\000\000"-
#51607	REDUCE cov: 8881 ft: 52442 corp: 1733/35Mb lim: 65536 exec/s: 423 rss: 456Mb L: 17581/65536 MS: 1 CrossOver-
#51614	REDUCE cov: 8881 ft: 52442 corp: 1733/35Mb lim: 65536 exec/s: 423 rss: 456Mb L: 1435/65536 MS: 2 InsertRepeatedBytes-EraseBytes-
#51622	REDUCE cov: 8881 ft: 52442 corp: 1733/35Mb lim: 65536 exec/s: 423 rss: 456Mb L: 2712/65536 MS: 3 ChangeASCIIInt-ChangeByte-EraseBytes-
#51633	REDUCE cov: 8881 ft: 52442 corp: 1733/35Mb lim: 65536 exec/s: 423 rss: 456Mb L: 1411/65536 MS: 1 EraseBytes-
#51638	REDUCE cov: 8881 ft: 52442 corp: 1733/35Mb lim: 65536 exec/s: 423 rss: 456Mb L: 17169/65536 MS: 5 ShuffleBytes-PersAutoDict-CrossOver-CopyPart-EraseBytes- DE: "\000\000bp\000\202[\004"-
#51644	NEW    cov: 8881 ft: 52458 corp: 1734/35Mb lim: 65536 exec/s: 423 rss: 456Mb L: 6235/65536 MS: 1 CopyPart-
#51702	REDUCE cov: 8881 ft: 52458 corp: 1734/35Mb lim: 65536 exec/s: 423 rss: 456Mb L: 13174/65536 MS: 3 ShuffleBytes-ShuffleBytes-EraseBytes-
#51704	REDUCE cov: 8881 ft: 52458 corp: 1734/35Mb lim: 65536 exec/s: 423 rss: 456Mb L: 62303/65536 MS: 2 CopyPart-EraseBytes-
#51719	REDUCE cov: 8881 ft: 52458 corp: 1734/35Mb lim: 65536 exec/s: 423 rss: 456Mb L: 42210/65536 MS: 5 CopyPart-ChangeASCIIInt-PersAutoDict-CMP-EraseBytes- DE: "&gt;"-"\001\000b\340\001ri\304"-
#51739	REDUCE cov: 8881 ft: 52458 corp: 1734/35Mb lim: 65536 exec/s: 424 rss: 456Mb L: 17919/65536 MS: 5 InsertByte-ChangeBit-InsertByte-ChangeBit-EraseBytes-
#51771	NEW    cov: 8881 ft: 52460 corp: 1735/35Mb lim: 65536 exec/s: 424 rss: 456Mb L: 12710/65536 MS: 2 ChangeBit-CopyPart-
#51782	NEW    cov: 8881 ft: 52465 corp: 1736/35Mb lim: 65536 exec/s: 424 rss: 456Mb L: 30266/65536 MS: 1 CopyPart-
#51784	REDUCE cov: 8881 ft: 52465 corp: 1736/35Mb lim: 65536 exec/s: 424 rss: 456Mb L: 6158/65536 MS: 2 ChangeBinInt-EraseBytes-
#51789	REDUCE cov: 8881 ft: 52465 corp: 1736/35Mb lim: 65536 exec/s: 424 rss: 456Mb L: 3076/65536 MS: 5 InsertRepeatedBytes-ChangeBit-CrossOver-InsertRepeatedBytes-EraseBytes-
#51810	REDUCE cov: 8881 ft: 52465 corp: 1736/35Mb lim: 65536 exec/s: 421 rss: 456Mb L: 48653/65536 MS: 1 EraseBytes-
#51821	REDUCE cov: 8881 ft: 52465 corp: 1736/35Mb lim: 65536 exec/s: 421 rss: 456Mb L: 31260/65536 MS: 1 CrossOver-
#51874	REDUCE cov: 8881 ft: 52465 corp: 1736/35Mb lim: 65536 exec/s: 421 rss: 456Mb L: 5560/65536 MS: 3 PersAutoDict-ChangeASCIIInt-EraseBytes- DE: "&Integral;"-
#51882	REDUCE cov: 8881 ft: 52465 corp: 1736/35Mb lim: 65536 exec/s: 421 rss: 456Mb L: 9249/65536 MS: 3 InsertRepeatedBytes-PersAutoDict-EraseBytes- DE: "\326\251\001\000 a\000\000"-
#51889	REDUCE cov: 8881 ft: 52465 corp: 1736/35Mb lim: 65536 exec/s: 421 rss: 456Mb L: 6067/65536 MS: 2 ChangeBinInt-EraseBytes-
#51910	REDUCE cov: 8881 ft: 52465 corp: 1736/35Mb lim: 65536 exec/s: 422 rss: 456Mb L: 31831/65536 MS: 1 EraseBytes-
#51925	REDUCE cov: 8881 ft: 52465 corp: 1736/35Mb lim: 65536 exec/s: 422 rss: 456Mb L: 3552/65536 MS: 5 PersAutoDict-InsertByte-ChangeBinInt-InsertByte-EraseBytes- DE: "\204\306x\000\260a\000\000"-
#51935	REDUCE cov: 8881 ft: 52465 corp: 1736/35Mb lim: 65536 exec/s: 422 rss: 456Mb L: 7020/65536 MS: 5 CopyPart-InsertRepeatedBytes-EraseBytes-ChangeBit-CrossOver-
#51949	NEW    cov: 8881 ft: 52467 corp: 1737/35Mb lim: 65536 exec/s: 422 rss: 456Mb L: 65536/65536 MS: 4 ChangeByte-ChangeASCIIInt-CrossOver-CopyPart-
#51967	REDUCE cov: 8881 ft: 52467 corp: 1737/35Mb lim: 65536 exec/s: 422 rss: 456Mb L: 19159/65536 MS: 3 ChangeBinInt-CopyPart-EraseBytes-
#51970	REDUCE cov: 8881 ft: 52467 corp: 1737/35Mb lim: 65536 exec/s: 422 rss: 456Mb L: 14802/65536 MS: 3 CopyPart-PersAutoDict-EraseBytes- DE: "\000\000\000\017"-
#51986	REDUCE cov: 8881 ft: 52467 corp: 1737/35Mb lim: 65536 exec/s: 422 rss: 456Mb L: 25210/65536 MS: 1 EraseBytes-
#52019	REDUCE cov: 8881 ft: 52467 corp: 1737/35Mb lim: 65536 exec/s: 422 rss: 456Mb L: 16838/65536 MS: 3 ChangeByte-CMP-EraseBytes- DE: "\003\000\000\000"-
#52037	NEW    cov: 8881 ft: 52478 corp: 1738/35Mb lim: 65536 exec/s: 423 rss: 456Mb L: 62706/65536 MS: 3 CopyPart-InsertByte-CopyPart-
#52068	REDUCE cov: 8881 ft: 52478 corp: 1738/35Mb lim: 65536 exec/s: 423 rss: 456Mb L: 12369/65536 MS: 1 EraseBytes-
#52070	REDUCE cov: 8881 ft: 52478 corp: 1738/35Mb lim: 65536 exec/s: 423 rss: 456Mb L: 10370/65536 MS: 2 ChangeBit-EraseBytes-
#52073	REDUCE cov: 8881 ft: 52493 corp: 1739/35Mb lim: 65536 exec/s: 423 rss: 456Mb L: 25890/65536 MS: 3 CrossOver-CopyPart-CrossOver-
#52076	REDUCE cov: 8881 ft: 52548 corp: 1740/35Mb lim: 65536 exec/s: 423 rss: 456Mb L: 58253/65536 MS: 3 ChangeByte-InsertRepeatedBytes-CopyPart-
#52080	REDUCE cov: 8881 ft: 52548 corp: 1740/35Mb lim: 65536 exec/s: 423 rss: 456Mb L: 20648/65536 MS: 4 ChangeByte-ChangeBit-ChangeASCIIInt-EraseBytes-
#52134	REDUCE cov: 8881 ft: 52548 corp: 1740/35Mb lim: 65536 exec/s: 423 rss: 456Mb L: 31008/65536 MS: 4 ChangeByte-PersAutoDict-CMP-EraseBytes- DE: "\033\000\000\000"-"www"-
#52165	REDUCE cov: 8881 ft: 52548 corp: 1740/35Mb lim: 65536 exec/s: 424 rss: 456Mb L: 12155/65536 MS: 1 EraseBytes-
#52210	NEW    cov: 8881 ft: 52570 corp: 1741/35Mb lim: 65536 exec/s: 424 rss: 456Mb L: 53015/65536 MS: 5 ChangeByte-PersAutoDict-ChangeByte-CMP-CopyPart- DE: "Y\250"-"\004\000\000\000"-
#52219	NEW    cov: 8881 ft: 52577 corp: 1742/35Mb lim: 65536 exec/s: 424 rss: 456Mb L: 42995/65536 MS: 4 CrossOver-CrossOver-InsertByte-CrossOver-
#52249	REDUCE cov: 8881 ft: 52577 corp: 1742/35Mb lim: 65536 exec/s: 421 rss: 456Mb L: 64154/65536 MS: 5 InsertByte-CrossOver-ChangeASCIIInt-InsertRepeatedBytes-EraseBytes-
#52356	REDUCE cov: 8881 ft: 52577 corp: 1742/35Mb lim: 65536 exec/s: 422 rss: 456Mb L: 12493/65536 MS: 2 CrossOver-EraseBytes-
#52368	REDUCE cov: 8881 ft: 52580 corp: 1743/35Mb lim: 65536 exec/s: 422 rss: 456Mb L: 27407/65536 MS: 2 CMP-CopyPart- DE: "&amp;"-
#52373	REDUCE cov: 8881 ft: 52580 corp: 1743/35Mb lim: 65536 exec/s: 422 rss: 456Mb L: 22884/65536 MS: 5 InsertByte-CopyPart-ChangeASCIIInt-ChangeBit-EraseBytes-
#52383	REDUCE cov: 8881 ft: 52580 corp: 1743/35Mb lim: 65536 exec/s: 422 rss: 456Mb L: 2096/65536 MS: 5 ChangeBit-ChangeASCIIInt-CopyPart-ChangeBinInt-EraseBytes-
#52439	REDUCE cov: 8881 ft: 52580 corp: 1743/35Mb lim: 65536 exec/s: 422 rss: 456Mb L: 60799/65536 MS: 1 EraseBytes-
#52450	REDUCE cov: 8881 ft: 52580 corp: 1743/35Mb lim: 65536 exec/s: 422 rss: 456Mb L: 14274/65536 MS: 1 CrossOver-
#52460	REDUCE cov: 8881 ft: 52580 corp: 1743/35Mb lim: 65536 exec/s: 423 rss: 456Mb L: 26448/65536 MS: 5 InsertRepeatedBytes-InsertRepeatedBytes-ShuffleBytes-InsertByte-EraseBytes-
#52495	NEW    cov: 8881 ft: 52581 corp: 1744/35Mb lim: 65536 exec/s: 423 rss: 456Mb L: 9722/65536 MS: 5 CrossOver-InsertRepeatedBytes-CMP-ChangeASCIIInt-EraseBytes- DE: "\334+\000\000`b\000\000"-
#52533	REDUCE cov: 8881 ft: 52581 corp: 1744/35Mb lim: 65536 exec/s: 423 rss: 456Mb L: 114/65536 MS: 3 ShuffleBytes-CrossOver-EraseBytes-
#52568	REDUCE cov: 8881 ft: 52605 corp: 1745/35Mb lim: 65536 exec/s: 423 rss: 456Mb L: 482/65536 MS: 5 ChangeBinInt-ChangeBinInt-ShuffleBytes-ChangeBinInt-CopyPart-
#52583	REDUCE cov: 8881 ft: 52605 corp: 1745/35Mb lim: 65536 exec/s: 424 rss: 456Mb L: 9993/65536 MS: 5 ChangeBinInt-CopyPart-InsertByte-InsertByte-CrossOver-
#52592	REDUCE cov: 8881 ft: 52605 corp: 1745/35Mb lim: 65536 exec/s: 424 rss: 456Mb L: 8349/65536 MS: 4 ShuffleBytes-CrossOver-ChangeBit-EraseBytes-
#52599	REDUCE cov: 8881 ft: 52605 corp: 1745/35Mb lim: 65536 exec/s: 424 rss: 456Mb L: 28311/65536 MS: 2 ChangeASCIIInt-EraseBytes-
#52616	REDUCE cov: 8881 ft: 52605 corp: 1745/35Mb lim: 65536 exec/s: 424 rss: 456Mb L: 3478/65536 MS: 2 ShuffleBytes-EraseBytes-
#52621	REDUCE cov: 8881 ft: 52605 corp: 1745/35Mb lim: 65536 exec/s: 424 rss: 456Mb L: 10418/65536 MS: 5 CMP-InsertRepeatedBytes-ChangeBinInt-ChangeByte-EraseBytes- DE: "\000\000\177\376\266g\275\330"-
#52670	REDUCE cov: 8881 ft: 52605 corp: 1745/35Mb lim: 65536 exec/s: 421 rss: 456Mb L: 4240/65536 MS: 4 InsertByte-CMP-ChangeASCIIInt-EraseBytes- DE: "&Hopf;"-
#52677	REDUCE cov: 8881 ft: 52605 corp: 1745/35Mb lim: 65536 exec/s: 421 rss: 456Mb L: 23071/65536 MS: 2 ShuffleBytes-EraseBytes-
#52682	NEW    cov: 8881 ft: 52609 corp: 1746/35Mb lim: 65536 exec/s: 421 rss: 456Mb L: 63680/65536 MS: 5 InsertRepeatedBytes-ChangeBinInt-CopyPart-CMP-CrossOver- DE: "\262\374t\001\000c\000\000"-
#52705	REDUCE cov: 8881 ft: 52609 corp: 1746/35Mb lim: 65536 exec/s: 421 rss: 456Mb L: 4575/65536 MS: 3 InsertRepeatedBytes-PersAutoDict-EraseBytes- DE: "\326\251\001\000 a\000\000"-
#52712	REDUCE cov: 8881 ft: 52610 corp: 1747/35Mb lim: 65536 exec/s: 421 rss: 456Mb L: 52338/65536 MS: 2 ChangeByte-CrossOver-
#52734	REDUCE cov: 8881 ft: 52613 corp: 1748/35Mb lim: 65536 exec/s: 421 rss: 456Mb L: 4125/65536 MS: 2 ChangeBit-CopyPart-
#52758	REDUCE cov: 8881 ft: 52613 corp: 1748/35Mb lim: 65536 exec/s: 422 rss: 456Mb L: 53334/65536 MS: 4 ShuffleBytes-InsertByte-ChangeBit-EraseBytes-
#52813	REDUCE cov: 8881 ft: 52613 corp: 1748/35Mb lim: 65536 exec/s: 422 rss: 456Mb L: 21438/65536 MS: 5 EraseBytes-InsertByte-PersAutoDict-EraseBytes-CopyPart- DE: "lock"-
#52850	REDUCE cov: 8881 ft: 52613 corp: 1748/35Mb lim: 65536 exec/s: 422 rss: 456Mb L: 4038/65536 MS: 2 CMP-EraseBytes- DE: "&qscr;"-
#52903	REDUCE cov: 8881 ft: 52613 corp: 1748/35Mb lim: 65536 exec/s: 423 rss: 456Mb L: 29153/65536 MS: 3 ChangeASCIIInt-ChangeByte-EraseBytes-
#52958	NEW    cov: 8881 ft: 52614 corp: 1749/35Mb lim: 65536 exec/s: 423 rss: 456Mb L: 54480/65536 MS: 5 ChangeBinInt-ChangeBinInt-ChangeASCIIInt-ShuffleBytes-CopyPart-
#52986	REDUCE cov: 8881 ft: 52616 corp: 1750/35Mb lim: 65536 exec/s: 423 rss: 456Mb L: 45501/65536 MS: 3 ChangeBit-PersAutoDict-CrossOver- DE: "\274w\362\000\220b\000\000"-
#52987	REDUCE cov: 8881 ft: 52616 corp: 1750/35Mb lim: 65536 exec/s: 423 rss: 456Mb L: 186/65536 MS: 1 EraseBytes-
#52988	REDUCE cov: 8881 ft: 52616 corp: 1750/35Mb lim: 65536 exec/s: 423 rss: 456Mb L: 467/65536 MS: 1 EraseBytes-
#53022	REDUCE cov: 8881 ft: 52616 corp: 1750/35Mb lim: 65536 exec/s: 424 rss: 456Mb L: 23460/65536 MS: 4 ShuffleBytes-ChangeBit-ChangeBit-EraseBytes-
#53030	REDUCE cov: 8881 ft: 52616 corp: 1750/35Mb lim: 65536 exec/s: 424 rss: 456Mb L: 1354/65536 MS: 3 InsertByte-CopyPart-EraseBytes-
#53036	REDUCE cov: 8881 ft: 52616 corp: 1750/35Mb lim: 65536 exec/s: 424 rss: 456Mb L: 25246/65536 MS: 1 EraseBytes-
#53052	REDUCE cov: 8881 ft: 52616 corp: 1750/35Mb lim: 65536 exec/s: 424 rss: 456Mb L: 62044/65536 MS: 1 EraseBytes-
#53078	NEW    cov: 8881 ft: 52617 corp: 1751/35Mb lim: 65536 exec/s: 424 rss: 456Mb L: 2902/65536 MS: 1 CMP- DE: "&Eogon;"-
#53127	REDUCE cov: 8881 ft: 52637 corp: 1752/35Mb lim: 65536 exec/s: 425 rss: 456Mb L: 39434/65536 MS: 4 InsertRepeatedBytes-ChangeBit-ShuffleBytes-CopyPart-
#53130	NEW    cov: 8881 ft: 52638 corp: 1753/35Mb lim: 65536 exec/s: 425 rss: 456Mb L: 39890/65536 MS: 3 ShuffleBytes-CMP-CopyPart- DE: "\356\262$\000\260b\000\000"-
#53131	REDUCE cov: 8881 ft: 52638 corp: 1753/35Mb lim: 65536 exec/s: 425 rss: 456Mb L: 315/65536 MS: 1 EraseBytes-
#53232	REDUCE cov: 8881 ft: 52638 corp: 1753/35Mb lim: 65536 exec/s: 422 rss: 456Mb L: 14552/65536 MS: 1 EraseBytes-
#53239	REDUCE cov: 8881 ft: 52638 corp: 1753/35Mb lim: 65536 exec/s: 422 rss: 456Mb L: 27133/65536 MS: 2 InsertByte-EraseBytes-
#53280	REDUCE cov: 8881 ft: 52638 corp: 1753/35Mb lim: 65536 exec/s: 422 rss: 456Mb L: 17867/65536 MS: 1 CrossOver-
#53353	REDUCE cov: 8881 ft: 52638 corp: 1753/35Mb lim: 65536 exec/s: 423 rss: 456Mb L: 4149/65536 MS: 3 ChangeBit-PersAutoDict-EraseBytes- DE: "\377\377\377\026"-
#53373	NEW    cov: 8881 ft: 52639 corp: 1754/35Mb lim: 65536 exec/s: 423 rss: 456Mb L: 4716/65536 MS: 5 ChangeBinInt-CopyPart-CMP-ShuffleBytes-EraseBytes- DE: "\260\375\267\001Pb\000\000"-
#53525	REDUCE cov: 8882 ft: 52640 corp: 1755/35Mb lim: 65536 exec/s: 424 rss: 456Mb L: 80/65536 MS: 2 ChangeByte-ChangeBinInt-
#53581	REDUCE cov: 8882 ft: 52643 corp: 1756/35Mb lim: 65536 exec/s: 425 rss: 456Mb L: 18897/65536 MS: 1 CopyPart-
#53591	REDUCE cov: 8882 ft: 52643 corp: 1756/35Mb lim: 65536 exec/s: 425 rss: 456Mb L: 13625/65536 MS: 5 InsertByte-InsertRepeatedBytes-ChangeByte-ChangeBit-EraseBytes-
#53600	REDUCE cov: 8882 ft: 52643 corp: 1756/35Mb lim: 65536 exec/s: 425 rss: 456Mb L: 55043/65536 MS: 4 CopyPart-ChangeByte-CMP-EraseBytes- DE: "\371\337/\001\000c\000\000"-
#53603	REDUCE cov: 8882 ft: 52643 corp: 1756/35Mb lim: 65536 exec/s: 425 rss: 456Mb L: 4897/65536 MS: 3 CrossOver-PersAutoDict-EraseBytes- DE: "\012\036\207\000\000b\000\000"-
#53604	REDUCE cov: 8882 ft: 52643 corp: 1756/35Mb lim: 65536 exec/s: 425 rss: 456Mb L: 18724/65536 MS: 1 EraseBytes-
#53608	REDUCE cov: 8882 ft: 52643 corp: 1756/35Mb lim: 65536 exec/s: 425 rss: 457Mb L: 27620/65536 MS: 4 CMP-ChangeASCIIInt-ChangeByte-EraseBytes- DE: " \313C\000\220b\000\000"-
#53653	REDUCE cov: 8882 ft: 52643 corp: 1756/35Mb lim: 65536 exec/s: 422 rss: 458Mb L: 43468/65536 MS: 5 CopyPart-ChangeBit-ChangeASCIIInt-InsertByte-CrossOver-
#53717	REDUCE cov: 8882 ft: 52643 corp: 1756/35Mb lim: 65536 exec/s: 422 rss: 458Mb L: 8727/65536 MS: 4 ChangeASCIIInt-ChangeBinInt-ChangeBit-EraseBytes-
#53759	REDUCE cov: 8882 ft: 52643 corp: 1756/35Mb lim: 65536 exec/s: 423 rss: 458Mb L: 7057/65536 MS: 2 CrossOver-EraseBytes-
#53770	REDUCE cov: 8882 ft: 52643 corp: 1756/35Mb lim: 65536 exec/s: 423 rss: 458Mb L: 17795/65536 MS: 1 EraseBytes-
#53780	REDUCE cov: 8882 ft: 52643 corp: 1756/35Mb lim: 65536 exec/s: 423 rss: 458Mb L: 17877/65536 MS: 5 PersAutoDict-CMP-InsertRepeatedBytes-ChangeByte-CrossOver- DE: "&Clockwi"-"&compl"-
#53796	REDUCE cov: 8882 ft: 52643 corp: 1756/35Mb lim: 65536 exec/s: 423 rss: 458Mb L: 31643/65536 MS: 1 EraseBytes-
#53798	REDUCE cov: 8882 ft: 52643 corp: 1756/35Mb lim: 65536 exec/s: 423 rss: 458Mb L: 6437/65536 MS: 2 ShuffleBytes-EraseBytes-
#53802	NEW    cov: 8882 ft: 52644 corp: 1757/35Mb lim: 65536 exec/s: 423 rss: 458Mb L: 32529/65536 MS: 4 ChangeASCIIInt-PersAutoDict-InsertRepeatedBytes-PersAutoDict- DE: "(,"-"\330}+\000\200b\000\000"-
#53843	REDUCE cov: 8882 ft: 52644 corp: 1757/35Mb lim: 65536 exec/s: 423 rss: 458Mb L: 8062/65536 MS: 1 EraseBytes-
#53874	REDUCE cov: 8882 ft: 52646 corp: 1758/35Mb lim: 65536 exec/s: 424 rss: 458Mb L: 20696/65536 MS: 1 CrossOver-
#53882	REDUCE cov: 8882 ft: 52646 corp: 1758/35Mb lim: 65536 exec/s: 424 rss: 458Mb L: 322/65536 MS: 3 ChangeBit-EraseBytes-ChangeBinInt-
#53889	REDUCE cov: 8882 ft: 52646 corp: 1758/35Mb lim: 65536 exec/s: 424 rss: 458Mb L: 891/65536 MS: 2 InsertRepeatedBytes-EraseBytes-
#53893	REDUCE cov: 8882 ft: 52646 corp: 1758/35Mb lim: 65536 exec/s: 424 rss: 458Mb L: 19679/65536 MS: 4 InsertRepeatedBytes-CopyPart-CMP-EraseBytes- DE: "&ThisIsNotDe"-
#53901	REDUCE cov: 8882 ft: 52646 corp: 1758/35Mb lim: 65536 exec/s: 424 rss: 458Mb L: 1680/65536 MS: 3 ChangeASCIIInt-InsertByte-EraseBytes-
#53904	REDUCE cov: 8882 ft: 52646 corp: 1758/35Mb lim: 65536 exec/s: 424 rss: 458Mb L: 4761/65536 MS: 3 ChangeBinInt-InsertRepeatedBytes-EraseBytes-
#53919	REDUCE cov: 8882 ft: 52646 corp: 1758/35Mb lim: 65536 exec/s: 424 rss: 458Mb L: 36573/65536 MS: 5 CopyPart-ChangeBit-EraseBytes-ChangeASCIIInt-CopyPart-
#53930	REDUCE cov: 8882 ft: 52646 corp: 1758/35Mb lim: 65536 exec/s: 424 rss: 458Mb L: 7218/65536 MS: 1 EraseBytes-
#53954	REDUCE cov: 8882 ft: 52648 corp: 1759/35Mb lim: 65536 exec/s: 424 rss: 458Mb L: 31496/65536 MS: 4 ChangeASCIIInt-ChangeBinInt-ShuffleBytes-CopyPart-
#53961	REDUCE cov: 8882 ft: 52648 corp: 1759/35Mb lim: 65536 exec/s: 424 rss: 458Mb L: 139/65536 MS: 2 InsertByte-EraseBytes-
#53966	NEW    cov: 8883 ft: 52649 corp: 1760/36Mb lim: 65536 exec/s: 424 rss: 458Mb L: 15651/65536 MS: 5 CMP-PersAutoDict-CMP-ChangeBit-ChangeByte- DE: "\001\000`\320\000\0003\332"-"(\000"-"<![CDATA["-
#53984	REDUCE cov: 8883 ft: 52649 corp: 1760/36Mb lim: 65536 exec/s: 425 rss: 458Mb L: 14323/65536 MS: 3 InsertRepeatedBytes-ChangeByte-EraseBytes-
#53993	REDUCE cov: 8883 ft: 52649 corp: 1760/35Mb lim: 65536 exec/s: 425 rss: 458Mb L: 8205/65536 MS: 4 ChangeASCIIInt-CrossOver-PersAutoDict-EraseBytes- DE: "\001\000bP\001\241S\252"-
#54032	REDUCE cov: 8883 ft: 52649 corp: 1760/35Mb lim: 65536 exec/s: 425 rss: 458Mb L: 22372/65536 MS: 4 CrossOver-ChangeByte-InsertRepeatedBytes-EraseBytes-
#54049	REDUCE cov: 8883 ft: 52649 corp: 1760/35Mb lim: 65536 exec/s: 425 rss: 458Mb L: 1727/65536 MS: 2 ShuffleBytes-EraseBytes-
#54069	NEW    cov: 8883 ft: 52650 corp: 1761/36Mb lim: 65536 exec/s: 425 rss: 458Mb L: 17833/65536 MS: 5 CMP-ChangeByte-CrossOver-PersAutoDict-CopyPart- DE: "\022\274\025\000@b\000\000"-"\377\377a\340\000\311\271O"-
#54097	REDUCE cov: 8883 ft: 52650 corp: 1761/36Mb lim: 65536 exec/s: 422 rss: 459Mb L: 549/65536 MS: 3 ChangeBinInt-PersAutoDict-EraseBytes- DE: "f\350\000\000Pb\000\000"-
#54123	REDUCE cov: 8883 ft: 52650 corp: 1761/36Mb lim: 65536 exec/s: 422 rss: 459Mb L: 4013/65536 MS: 1 EraseBytes-
#54162	REDUCE cov: 8883 ft: 52650 corp: 1761/36Mb lim: 65536 exec/s: 423 rss: 459Mb L: 12909/65536 MS: 4 CopyPart-CopyPart-ChangeBit-EraseBytes-
#54167	REDUCE cov: 8883 ft: 52651 corp: 1762/36Mb lim: 65536 exec/s: 423 rss: 459Mb L: 53610/65536 MS: 5 ChangeASCIIInt-ChangeBinInt-ChangeBinInt-CrossOver-CopyPart-
#54169	REDUCE cov: 8883 ft: 52651 corp: 1762/36Mb lim: 65536 exec/s: 423 rss: 459Mb L: 34695/65536 MS: 2 ChangeASCIIInt-EraseBytes-
#54185	REDUCE cov: 8883 ft: 52651 corp: 1762/36Mb lim: 65536 exec/s: 423 rss: 459Mb L: 22500/65536 MS: 1 EraseBytes-
#54296	REDUCE cov: 8883 ft: 52651 corp: 1762/36Mb lim: 65536 exec/s: 424 rss: 459Mb L: 31870/65536 MS: 1 CrossOver-
#54309	REDUCE cov: 8883 ft: 52651 corp: 1762/36Mb lim: 65536 exec/s: 424 rss: 459Mb L: 5162/65536 MS: 3 InsertRepeatedBytes-ShuffleBytes-EraseBytes-
#54316	REDUCE cov: 8883 ft: 52651 corp: 1762/36Mb lim: 65536 exec/s: 424 rss: 459Mb L: 45104/65536 MS: 2 ChangeBit-EraseBytes-
#54374	REDUCE cov: 8883 ft: 52652 corp: 1763/36Mb lim: 65536 exec/s: 424 rss: 459Mb L: 33681/65536 MS: 3 PersAutoDict-ChangeBinInt-CopyPart- DE: "\000\000b\340\001d\352\222"-
#54399	NEW    cov: 8883 ft: 52659 corp: 1764/36Mb lim: 65536 exec/s: 424 rss: 459Mb L: 65536/65536 MS: 5 CopyPart-ChangeBinInt-CopyPart-ChangeASCIIInt-CrossOver-
#54437	REDUCE cov: 8883 ft: 52659 corp: 1764/36Mb lim: 65536 exec/s: 425 rss: 459Mb L: 15494/65536 MS: 3 InsertByte-ChangeASCIIInt-EraseBytes-
#54451	REDUCE cov: 8883 ft: 52659 corp: 1764/36Mb lim: 65536 exec/s: 425 rss: 459Mb L: 33422/65536 MS: 4 CrossOver-ShuffleBytes-InsertByte-EraseBytes-
#54459	REDUCE cov: 8883 ft: 52677 corp: 1765/36Mb lim: 65536 exec/s: 425 rss: 459Mb L: 46243/65536 MS: 3 ChangeASCIIInt-CMP-CopyPart- DE: "\001\000\000\007"-
#54475	REDUCE cov: 8883 ft: 52677 corp: 1765/36Mb lim: 65536 exec/s: 425 rss: 459Mb L: 32616/65536 MS: 1 EraseBytes-
#54551	REDUCE cov: 8883 ft: 52677 corp: 1765/36Mb lim: 65536 exec/s: 426 rss: 459Mb L: 9365/65536 MS: 1 EraseBytes-
#54562	REDUCE cov: 8883 ft: 52677 corp: 1765/36Mb lim: 65536 exec/s: 426 rss: 459Mb L: 5521/65536 MS: 1 EraseBytes-
#54637	REDUCE cov: 8883 ft: 52677 corp: 1765/36Mb lim: 65536 exec/s: 423 rss: 459Mb L: 22399/65536 MS: 5 PersAutoDict-CrossOver-InsertByte-ChangeBit-EraseBytes- DE: "&qscr;"-
#54684	REDUCE cov: 8883 ft: 52677 corp: 1765/36Mb lim: 65536 exec/s: 423 rss: 459Mb L: 3221/65536 MS: 2 ChangeBit-EraseBytes-
#54725	REDUCE cov: 8883 ft: 52677 corp: 1765/36Mb lim: 65536 exec/s: 424 rss: 459Mb L: 41003/65536 MS: 1 EraseBytes-
#54741	REDUCE cov: 8883 ft: 52677 corp: 1765/36Mb lim: 65536 exec/s: 424 rss: 459Mb L: 24423/65536 MS: 1 EraseBytes-
#54792	REDUCE cov: 8883 ft: 52677 corp: 1765/36Mb lim: 65536 exec/s: 424 rss: 459Mb L: 4014/65536 MS: 1 EraseBytes-
#54803	NEW    cov: 8884 ft: 52678 corp: 1766/36Mb lim: 65536 exec/s: 424 rss: 459Mb L: 12445/65536 MS: 1 ShuffleBytes-
#54811	NEW    cov: 8884 ft: 52679 corp: 1767/36Mb lim: 65536 exec/s: 424 rss: 459Mb L: 8150/65536 MS: 3 CopyPart-CopyPart-PersAutoDict- DE: "!\033"-
#54820	REDUCE cov: 8884 ft: 52680 corp: 1768/36Mb lim: 65536 exec/s: 424 rss: 459Mb L: 46031/65536 MS: 4 CrossOver-InsertRepeatedBytes-InsertByte-CopyPart-
#54880	REDUCE cov: 8884 ft: 52680 corp: 1768/36Mb lim: 65536 exec/s: 425 rss: 459Mb L: 19324/65536 MS: 5 CMP-PersAutoDict-ShuffleBytes-ChangeASCIIInt-CrossOver- DE: "\327\275g\266\376\177\000\000"-"\377\377a\300\000\254ws"-
#54977	REDUCE cov: 8884 ft: 52680 corp: 1768/36Mb lim: 65536 exec/s: 426 rss: 459Mb L: 16643/65536 MS: 2 ShuffleBytes-EraseBytes-
#54994	REDUCE cov: 8884 ft: 52680 corp: 1768/36Mb lim: 65536 exec/s: 423 rss: 459Mb L: 29095/65536 MS: 2 ChangeBit-EraseBytes-
#55014	REDUCE cov: 8884 ft: 52680 corp: 1768/36Mb lim: 65536 exec/s: 423 rss: 459Mb L: 28958/65536 MS: 5 ShuffleBytes-InsertByte-InsertByte-PersAutoDict-EraseBytes- DE: "\377\377a@\000(\334X"-
#55020	REDUCE cov: 8884 ft: 52680 corp: 1768/36Mb lim: 65536 exec/s: 423 rss: 459Mb L: 9787/65536 MS: 1 EraseBytes-
#55047	REDUCE cov: 8884 ft: 52680 corp: 1768/36Mb lim: 65536 exec/s: 423 rss: 459Mb L: 1400/65536 MS: 2 InsertByte-EraseBytes-
#55049	REDUCE cov: 8884 ft: 52680 corp: 1768/36Mb lim: 65536 exec/s: 423 rss: 459Mb L: 3256/65536 MS: 2 ChangeBit-EraseBytes-
#55097	REDUCE cov: 8884 ft: 52680 corp: 1768/36Mb lim: 65536 exec/s: 423 rss: 459Mb L: 325/65536 MS: 3 CrossOver-ChangeBit-EraseBytes-
#55105	REDUCE cov: 8884 ft: 52680 corp: 1768/36Mb lim: 65536 exec/s: 423 rss: 459Mb L: 11985/65536 MS: 3 InsertRepeatedBytes-CrossOver-EraseBytes-
#55166	REDUCE cov: 8884 ft: 52680 corp: 1768/36Mb lim: 65536 exec/s: 424 rss: 459Mb L: 20246/65536 MS: 1 EraseBytes-
#55181	REDUCE cov: 8884 ft: 52680 corp: 1768/36Mb lim: 65536 exec/s: 424 rss: 459Mb L: 53273/65536 MS: 5 InsertRepeatedBytes-CMP-ChangeByte-InsertByte-EraseBytes- DE: "&gt;"-
#55185	REDUCE cov: 8884 ft: 52680 corp: 1768/36Mb lim: 65536 exec/s: 424 rss: 459Mb L: 25411/65536 MS: 4 ChangeByte-ChangeASCIIInt-ChangeByte-EraseBytes-
#55201	REDUCE cov: 8884 ft: 52680 corp: 1768/36Mb lim: 65536 exec/s: 424 rss: 459Mb L: 10400/65536 MS: 1 EraseBytes-
#55229	REDUCE cov: 8884 ft: 52680 corp: 1768/36Mb lim: 65536 exec/s: 424 rss: 459Mb L: 31604/65536 MS: 3 CMP-ChangeBinInt-EraseBytes- DE: "&hba"-
#55233	REDUCE cov: 8884 ft: 52681 corp: 1769/36Mb lim: 65536 exec/s: 424 rss: 459Mb L: 31465/65536 MS: 4 ChangeBit-PersAutoDict-ChangeBinInt-CrossOver- DE: "\3770"-
#55276	REDUCE cov: 8884 ft: 52681 corp: 1769/36Mb lim: 65536 exec/s: 425 rss: 459Mb L: 10296/65536 MS: 3 ChangeASCIIInt-ShuffleBytes-EraseBytes-
#55302	NEW    cov: 8884 ft: 52682 corp: 1770/36Mb lim: 65536 exec/s: 425 rss: 459Mb L: 19243/65536 MS: 1 CopyPart-
#55353	REDUCE cov: 8884 ft: 52682 corp: 1770/36Mb lim: 65536 exec/s: 425 rss: 459Mb L: 6662/65536 MS: 1 EraseBytes-
#55374	REDUCE cov: 8884 ft: 52682 corp: 1770/36Mb lim: 65536 exec/s: 425 rss: 459Mb L: 35350/65536 MS: 1 EraseBytes-
#55385	REDUCE cov: 8884 ft: 52682 corp: 1770/36Mb lim: 65536 exec/s: 426 rss: 459Mb L: 33684/65536 MS: 1 EraseBytes-
#55412	NEW    cov: 8884 ft: 52683 corp: 1771/36Mb lim: 65536 exec/s: 426 rss: 459Mb L: 21262/65536 MS: 2 ChangeByte-CopyPart-
#55421	NEW    cov: 8884 ft: 52739 corp: 1772/36Mb lim: 65536 exec/s: 426 rss: 459Mb L: 62530/65536 MS: 4 ChangeASCIIInt-EraseBytes-PersAutoDict-CopyPart- DE: "&quot;"-
#55427	REDUCE cov: 8884 ft: 52739 corp: 1772/36Mb lim: 65536 exec/s: 426 rss: 459Mb L: 436/65536 MS: 1 EraseBytes-
#55443	REDUCE cov: 8884 ft: 52739 corp: 1772/36Mb lim: 65536 exec/s: 423 rss: 459Mb L: 5513/65536 MS: 1 EraseBytes-
#55471	REDUCE cov: 8884 ft: 52739 corp: 1772/36Mb lim: 65536 exec/s: 423 rss: 459Mb L: 1172/65536 MS: 3 InsertByte-CrossOver-EraseBytes-
#55628	REDUCE cov: 8884 ft: 52739 corp: 1772/36Mb lim: 65536 exec/s: 424 rss: 459Mb L: 8645/65536 MS: 2 ChangeBinInt-EraseBytes-
#55633	REDUCE cov: 8884 ft: 52739 corp: 1772/36Mb lim: 65536 exec/s: 424 rss: 459Mb L: 5653/65536 MS: 5 InsertRepeatedBytes-InsertRepeatedBytes-PersAutoDict-CopyPart-EraseBytes- DE: ",\004\335\000\020c\000\000"-
#55678	REDUCE cov: 8884 ft: 52739 corp: 1772/36Mb lim: 65536 exec/s: 425 rss: 459Mb L: 701/65536 MS: 5 ChangeByte-InsertRepeatedBytes-ChangeBit-CopyPart-EraseBytes-
#55778	REDUCE cov: 8884 ft: 52739 corp: 1772/36Mb lim: 65536 exec/s: 425 rss: 459Mb L: 46786/65536 MS: 5 ChangeBit-ChangeBinInt-ChangeASCIIInt-InsertRepeatedBytes-EraseBytes-
#55821	REDUCE cov: 8884 ft: 52739 corp: 1772/36Mb lim: 65536 exec/s: 426 rss: 459Mb L: 1531/65536 MS: 3 ShuffleBytes-PersAutoDict-EraseBytes- DE: "&gna"-
#55842	REDUCE cov: 8884 ft: 52739 corp: 1772/36Mb lim: 65536 exec/s: 426 rss: 459Mb L: 20811/65536 MS: 1 EraseBytes-
#55848	REDUCE cov: 8884 ft: 52739 corp: 1772/36Mb lim: 65536 exec/s: 426 rss: 459Mb L: 14669/65536 MS: 1 EraseBytes-
#55895	REDUCE cov: 8884 ft: 52739 corp: 1772/36Mb lim: 65536 exec/s: 426 rss: 459Mb L: 20414/65536 MS: 2 InsertByte-EraseBytes-
#55926	NEW    cov: 8884 ft: 52740 corp: 1773/36Mb lim: 65536 exec/s: 423 rss: 459Mb L: 3265/65536 MS: 1 CopyPart-
#55943	REDUCE cov: 8884 ft: 52740 corp: 1773/36Mb lim: 65536 exec/s: 423 rss: 459Mb L: 147/65536 MS: 2 ShuffleBytes-EraseBytes-
#56041	REDUCE cov: 8884 ft: 52740 corp: 1773/36Mb lim: 65536 exec/s: 424 rss: 459Mb L: 42045/65536 MS: 3 ChangeASCIIInt-InsertByte-EraseBytes-
#56050	NEW    cov: 8884 ft: 52741 corp: 1774/36Mb lim: 65536 exec/s: 424 rss: 459Mb L: 12806/65536 MS: 4 CrossOver-ShuffleBytes-EraseBytes-CrossOver-
#56060	REDUCE cov: 8884 ft: 52741 corp: 1774/36Mb lim: 65536 exec/s: 424 rss: 459Mb L: 390/65536 MS: 5 ChangeBinInt-ChangeBinInt-CMP-ChangeByte-EraseBytes- DE: "foo"-
#56077	REDUCE cov: 8884 ft: 52741 corp: 1774/36Mb lim: 65536 exec/s: 424 rss: 459Mb L: 390/65536 MS: 2 ChangeASCIIInt-EraseBytes-
#56091	REDUCE cov: 8884 ft: 52741 corp: 1774/36Mb lim: 65536 exec/s: 424 rss: 459Mb L: 13893/65536 MS: 4 InsertByte-InsertRepeatedBytes-ChangeBit-EraseBytes-
#56163	REDUCE cov: 8884 ft: 52741 corp: 1774/36Mb lim: 65536 exec/s: 425 rss: 459Mb L: 10486/65536 MS: 2 InsertRepeatedBytes-EraseBytes-
#56169	REDUCE cov: 8884 ft: 52741 corp: 1774/36Mb lim: 65536 exec/s: 425 rss: 459Mb L: 41202/65536 MS: 1 EraseBytes-
#56175	REDUCE cov: 8884 ft: 52741 corp: 1774/36Mb lim: 65536 exec/s: 425 rss: 459Mb L: 2557/65536 MS: 1 EraseBytes-
#56218	REDUCE cov: 8884 ft: 52741 corp: 1774/36Mb lim: 65536 exec/s: 425 rss: 459Mb L: 26724/65536 MS: 3 ChangeBinInt-ChangeBit-EraseBytes-
#56329	REDUCE cov: 8884 ft: 52741 corp: 1774/36Mb lim: 65536 exec/s: 426 rss: 459Mb L: 51177/65536 MS: 1 EraseBytes-
#56332	NEW    cov: 8884 ft: 52742 corp: 1775/36Mb lim: 65536 exec/s: 426 rss: 459Mb L: 6997/65536 MS: 3 ChangeBit-ChangeByte-CopyPart-
#56345	REDUCE cov: 8884 ft: 52742 corp: 1775/36Mb lim: 65536 exec/s: 426 rss: 459Mb L: 2624/65536 MS: 3 ChangeByte-ChangeBinInt-EraseBytes-
#56349	REDUCE cov: 8884 ft: 52742 corp: 1775/36Mb lim: 65536 exec/s: 426 rss: 459Mb L: 5854/65536 MS: 4 ChangeASCIIInt-CMP-ShuffleBytes-EraseBytes- DE: "\001\000\000\003"-
#56383	REDUCE cov: 8884 ft: 52742 corp: 1775/36Mb lim: 65536 exec/s: 423 rss: 459Mb L: 3551/65536 MS: 4 InsertRepeatedBytes-ShuffleBytes-ChangeASCIIInt-EraseBytes-
#56394	REDUCE cov: 8884 ft: 52742 corp: 1775/36Mb lim: 65536 exec/s: 424 rss: 459Mb L: 29820/65536 MS: 1 EraseBytes-
#56402	REDUCE cov: 8884 ft: 52742 corp: 1775/36Mb lim: 65536 exec/s: 424 rss: 459Mb L: 15920/65536 MS: 3 PersAutoDict-InsertByte-EraseBytes- DE: "\000\001"-
#56418	REDUCE cov: 8884 ft: 52742 corp: 1775/36Mb lim: 65536 exec/s: 424 rss: 459Mb L: 12038/65536 MS: 1 EraseBytes-
#56424	REDUCE cov: 8884 ft: 52742 corp: 1775/36Mb lim: 65536 exec/s: 424 rss: 459Mb L: 6041/65536 MS: 1 EraseBytes-
#56431	REDUCE cov: 8884 ft: 52742 corp: 1775/36Mb lim: 65536 exec/s: 424 rss: 459Mb L: 7224/65536 MS: 2 ChangeASCIIInt-EraseBytes-
#56513	REDUCE cov: 8884 ft: 52742 corp: 1775/36Mb lim: 65536 exec/s: 424 rss: 459Mb L: 2031/65536 MS: 2 ChangeBit-EraseBytes-
#56619	NEW    cov: 8884 ft: 52745 corp: 1776/36Mb lim: 65536 exec/s: 425 rss: 459Mb L: 65536/65536 MS: 1 CopyPart-
#56669	REDUCE cov: 8884 ft: 52745 corp: 1776/36Mb lim: 65536 exec/s: 426 rss: 459Mb L: 25953/65536 MS: 5 CMP-PersAutoDict-InsertRepeatedBytes-ChangeBinInt-EraseBytes- DE: "ple"-"\377\377\377\015"-
#56705	REDUCE cov: 8884 ft: 52745 corp: 1776/36Mb lim: 65536 exec/s: 426 rss: 459Mb L: 1976/65536 MS: 1 EraseBytes-
#56712	REDUCE cov: 8884 ft: 52745 corp: 1776/36Mb lim: 65536 exec/s: 426 rss: 459Mb L: 27755/65536 MS: 2 ChangeBit-EraseBytes-
#56756	REDUCE cov: 8884 ft: 52754 corp: 1777/36Mb lim: 65536 exec/s: 426 rss: 459Mb L: 16981/65536 MS: 4 InsertRepeatedBytes-InsertRepeatedBytes-CrossOver-CopyPart-
#56759	REDUCE cov: 8884 ft: 52754 corp: 1777/36Mb lim: 65536 exec/s: 426 rss: 459Mb L: 42700/65536 MS: 3 ChangeByte-CMP-EraseBytes- DE: "\260{'\001\340b\000\000"-
#56766	REDUCE cov: 8884 ft: 52754 corp: 1777/36Mb lim: 65536 exec/s: 426 rss: 459Mb L: 9380/65536 MS: 2 InsertByte-EraseBytes-
#56805	REDUCE cov: 8885 ft: 52755 corp: 1778/36Mb lim: 65536 exec/s: 427 rss: 459Mb L: 2022/65536 MS: 4 ShuffleBytes-InsertRepeatedBytes-ShuffleBytes-ChangeByte-
#56872	REDUCE cov: 8885 ft: 52755 corp: 1778/36Mb lim: 65536 exec/s: 424 rss: 459Mb L: 33335/65536 MS: 2 InsertRepeatedBytes-EraseBytes-
#56923	REDUCE cov: 8885 ft: 52755 corp: 1778/36Mb lim: 65536 exec/s: 424 rss: 459Mb L: 350/65536 MS: 1 EraseBytes-
#56951	REDUCE cov: 8885 ft: 52757 corp: 1779/36Mb lim: 65536 exec/s: 425 rss: 459Mb L: 38704/65536 MS: 3 CrossOver-EraseBytes-CopyPart-
#56955	NEW    cov: 8885 ft: 52758 corp: 1780/36Mb lim: 65536 exec/s: 425 rss: 459Mb L: 55457/65536 MS: 4 CopyPart-InsertRepeatedBytes-InsertRepeatedBytes-CopyPart-
#56961	NEW    cov: 8885 ft: 52760 corp: 1781/36Mb lim: 65536 exec/s: 425 rss: 459Mb L: 47520/65536 MS: 1 CopyPart-
#57021	REDUCE cov: 8885 ft: 52760 corp: 1781/36Mb lim: 65536 exec/s: 425 rss: 459Mb L: 29341/65536 MS: 5 PersAutoDict-CMP-CMP-ChangeByte-EraseBytes- DE: "\377\377\377\010"-"\017|\001\001\300b\000\000"-"\364y"-
#57025	NEW    cov: 8885 ft: 52777 corp: 1782/36Mb lim: 65536 exec/s: 425 rss: 459Mb L: 8582/65536 MS: 4 ChangeBinInt-CMP-ChangeBit-CopyPart- DE: "www"-
#57091	REDUCE cov: 8887 ft: 52779 corp: 1783/36Mb lim: 65536 exec/s: 426 rss: 459Mb L: 44505/65536 MS: 1 CrossOver-
#57146	REDUCE cov: 8887 ft: 52779 corp: 1783/36Mb lim: 65536 exec/s: 426 rss: 459Mb L: 29605/65536 MS: 5 InsertRepeatedBytes-ShuffleBytes-PersAutoDict-PersAutoDict-EraseBytes- DE: "\004(\005\000\360b\000\000"-"\000\000\000<"-
#57195	REDUCE cov: 8887 ft: 52779 corp: 1783/36Mb lim: 65536 exec/s: 426 rss: 459Mb L: 13158/65536 MS: 4 ChangeBinInt-CrossOver-CMP-EraseBytes- DE: "\001\023"-
#57209	REDUCE cov: 8887 ft: 52779 corp: 1783/36Mb lim: 65536 exec/s: 426 rss: 459Mb L: 6417/65536 MS: 4 ChangeByte-CrossOver-InsertByte-EraseBytes-
#57280	REDUCE cov: 8887 ft: 52779 corp: 1783/36Mb lim: 65536 exec/s: 427 rss: 459Mb L: 3576/65536 MS: 1 EraseBytes-
#57296	REDUCE cov: 8887 ft: 52779 corp: 1783/36Mb lim: 65536 exec/s: 427 rss: 459Mb L: 16086/65536 MS: 1 EraseBytes-
#57326	REDUCE cov: 8889 ft: 52781 corp: 1784/36Mb lim: 65536 exec/s: 427 rss: 459Mb L: 11549/65536 MS: 5 InsertByte-CrossOver-InsertRepeatedBytes-ChangeASCIIInt-CMP- DE: "<![CDATA["-
#57403	REDUCE cov: 8889 ft: 52781 corp: 1784/36Mb lim: 65536 exec/s: 425 rss: 459Mb L: 11920/65536 MS: 2 ChangeASCIIInt-EraseBytes-
#57424	NEW    cov: 8889 ft: 52783 corp: 1785/36Mb lim: 65536 exec/s: 425 rss: 459Mb L: 59259/65536 MS: 1 CrossOver-
#57443	REDUCE cov: 8889 ft: 52783 corp: 1785/36Mb lim: 65536 exec/s: 425 rss: 459Mb L: 249/65536 MS: 4 CopyPart-InsertRepeatedBytes-ChangeBit-EraseBytes-
#57469	REDUCE cov: 8889 ft: 52817 corp: 1786/36Mb lim: 65536 exec/s: 425 rss: 459Mb L: 27978/65536 MS: 1 CopyPart-
#57499	REDUCE cov: 8889 ft: 52817 corp: 1786/36Mb lim: 65536 exec/s: 425 rss: 459Mb L: 11127/65536 MS: 5 ChangeASCIIInt-CMP-ChangeByte-InsertByte-EraseBytes- DE: "]]>"-
#57503	REDUCE cov: 8889 ft: 52817 corp: 1786/36Mb lim: 65536 exec/s: 425 rss: 459Mb L: 6172/65536 MS: 4 PersAutoDict-ShuffleBytes-InsertRepeatedBytes-EraseBytes- DE: "4\000"-
#57505	REDUCE cov: 8889 ft: 52878 corp: 1787/36Mb lim: 65536 exec/s: 425 rss: 459Mb L: 23212/65536 MS: 2 EraseBytes-ChangeBit-
#57557	REDUCE cov: 8889 ft: 52878 corp: 1787/36Mb lim: 65536 exec/s: 426 rss: 459Mb L: 1445/65536 MS: 2 ChangeBit-EraseBytes-
#57564	REDUCE cov: 8889 ft: 52878 corp: 1787/36Mb lim: 65536 exec/s: 426 rss: 459Mb L: 5599/65536 MS: 2 ChangeBinInt-EraseBytes-
#57582	REDUCE cov: 8889 ft: 52878 corp: 1787/36Mb lim: 65536 exec/s: 426 rss: 459Mb L: 9501/65536 MS: 3 PersAutoDict-ChangeBinInt-EraseBytes- DE: "\000\000ap\000\001\306\267"-
#57604	REDUCE cov: 8889 ft: 52878 corp: 1787/36Mb lim: 65536 exec/s: 426 rss: 459Mb L: 11541/65536 MS: 2 ShuffleBytes-EraseBytes-
#57635	REDUCE cov: 8889 ft: 52878 corp: 1787/36Mb lim: 65536 exec/s: 426 rss: 459Mb L: 8481/65536 MS: 1 EraseBytes-
#57657	NEW    cov: 8889 ft: 52881 corp: 1788/36Mb lim: 65536 exec/s: 427 rss: 459Mb L: 44836/65536 MS: 2 PersAutoDict-CMP- DE: "\000\012"-"<![CDATA["-
#57663	NEW    cov: 8889 ft: 52883 corp: 1789/36Mb lim: 65536 exec/s: 427 rss: 459Mb L: 8360/65536 MS: 1 ChangeByte-
#57705	REDUCE cov: 8889 ft: 52883 corp: 1789/36Mb lim: 65536 exec/s: 427 rss: 459Mb L: 5416/65536 MS: 2 CrossOver-EraseBytes-
#57736	REDUCE cov: 8889 ft: 52883 corp: 1789/36Mb lim: 65536 exec/s: 427 rss: 459Mb L: 22217/65536 MS: 1 EraseBytes-
#57740	REDUCE cov: 8889 ft: 52883 corp: 1789/36Mb lim: 65536 exec/s: 427 rss: 459Mb L: 9897/65536 MS: 4 ChangeBinInt-ChangeByte-PersAutoDict-EraseBytes- DE: "\027\000\000\000"-
#57754	REDUCE cov: 8889 ft: 52883 corp: 1789/36Mb lim: 65536 exec/s: 427 rss: 459Mb L: 19453/65536 MS: 4 ChangeBit-InsertRepeatedBytes-InsertByte-EraseBytes-
#57807	REDUCE cov: 8889 ft: 52903 corp: 1790/36Mb lim: 65536 exec/s: 428 rss: 459Mb L: 7433/65536 MS: 3 InsertByte-ShuffleBytes-CrossOver-
#57819	REDUCE cov: 8889 ft: 52903 corp: 1790/36Mb lim: 65536 exec/s: 428 rss: 459Mb L: 18050/65536 MS: 2 InsertRepeatedBytes-EraseBytes-
#57850	NEW    cov: 8889 ft: 52972 corp: 1791/36Mb lim: 65536 exec/s: 425 rss: 459Mb L: 52845/65536 MS: 1 CopyPart-
#57851	REDUCE cov: 8889 ft: 52972 corp: 1791/36Mb lim: 65536 exec/s: 425 rss: 459Mb L: 2674/65536 MS: 1 EraseBytes-
#57865	REDUCE cov: 8889 ft: 52973 corp: 1792/36Mb lim: 65536 exec/s: 425 rss: 459Mb L: 89/65536 MS: 4 ChangeByte-ShuffleBytes-PersAutoDict-CMP- DE: "\027\000\000\000"-"\377>"-
#57877	REDUCE cov: 8889 ft: 52973 corp: 1792/36Mb lim: 65536 exec/s: 425 rss: 459Mb L: 15381/65536 MS: 2 ShuffleBytes-EraseBytes-
#57890	REDUCE cov: 8889 ft: 52974 corp: 1793/36Mb lim: 65536 exec/s: 425 rss: 459Mb L: 672/65536 MS: 3 InsertRepeatedBytes-InsertByte-CopyPart-
#57913	REDUCE cov: 8889 ft: 52974 corp: 1793/36Mb lim: 65536 exec/s: 425 rss: 459Mb L: 8137/65536 MS: 3 ChangeBinInt-ChangeByte-EraseBytes-
#57926	REDUCE cov: 8889 ft: 52974 corp: 1793/36Mb lim: 65536 exec/s: 425 rss: 459Mb L: 23492/65536 MS: 3 CMP-InsertRepeatedBytes-EraseBytes- DE: "&Hat;"-
#57987	REDUCE cov: 8889 ft: 52974 corp: 1793/36Mb lim: 65536 exec/s: 426 rss: 459Mb L: 16418/65536 MS: 1 EraseBytes-
#58073	REDUCE cov: 8889 ft: 52974 corp: 1793/36Mb lim: 65536 exec/s: 427 rss: 459Mb L: 5326/65536 MS: 1 EraseBytes-
#58095	REDUCE cov: 8889 ft: 52974 corp: 1793/36Mb lim: 65536 exec/s: 427 rss: 459Mb L: 17196/65536 MS: 2 ChangeByte-EraseBytes-
#58102	NEW    cov: 8889 ft: 52975 corp: 1794/36Mb lim: 65536 exec/s: 427 rss: 459Mb L: 1959/65536 MS: 2 InsertByte-CMP- DE: "&angm"-
#58160	NEW    cov: 8889 ft: 52999 corp: 1795/36Mb lim: 65536 exec/s: 427 rss: 459Mb L: 14441/65536 MS: 3 ShuffleBytes-ShuffleBytes-CopyPart-
#58176	REDUCE cov: 8889 ft: 52999 corp: 1795/36Mb lim: 65536 exec/s: 427 rss: 459Mb L: 226/65536 MS: 1 EraseBytes-
#58194	REDUCE cov: 8889 ft: 52999 corp: 1795/36Mb lim: 65536 exec/s: 427 rss: 459Mb L: 6137/65536 MS: 3 ChangeASCIIInt-ShuffleBytes-EraseBytes-
#58205	REDUCE cov: 8889 ft: 52999 corp: 1795/36Mb lim: 65536 exec/s: 427 rss: 459Mb L: 408/65536 MS: 1 EraseBytes-
#58209	NEW    cov: 8891 ft: 53001 corp: 1796/36Mb lim: 65536 exec/s: 428 rss: 459Mb L: 44992/65536 MS: 4 ChangeByte-InsertRepeatedBytes-InsertByte-CrossOver-
#58241	NEW    cov: 8891 ft: 53040 corp: 1797/36Mb lim: 65536 exec/s: 428 rss: 459Mb L: 61342/65536 MS: 2 InsertByte-CopyPart-
#58282	REDUCE cov: 8891 ft: 53040 corp: 1797/36Mb lim: 65536 exec/s: 428 rss: 459Mb L: 149/65536 MS: 1 EraseBytes-
#58304	REDUCE cov: 8891 ft: 53040 corp: 1797/36Mb lim: 65536 exec/s: 428 rss: 459Mb L: 19721/65536 MS: 2 CrossOver-EraseBytes-
#58306	REDUCE cov: 8891 ft: 53040 corp: 1797/36Mb lim: 65536 exec/s: 428 rss: 459Mb L: 30333/65536 MS: 2 InsertRepeatedBytes-EraseBytes-
#58344	REDUCE cov: 8891 ft: 53040 corp: 1797/36Mb lim: 65536 exec/s: 425 rss: 459Mb L: 14170/65536 MS: 3 ChangeBinInt-ChangeBit-EraseBytes-
#58357	REDUCE cov: 8891 ft: 53040 corp: 1797/36Mb lim: 65536 exec/s: 425 rss: 459Mb L: 51458/65536 MS: 3 ChangeASCIIInt-ChangeBinInt-EraseBytes-
#58374	REDUCE cov: 8891 ft: 53040 corp: 1797/36Mb lim: 65536 exec/s: 426 rss: 459Mb L: 58609/65536 MS: 2 PersAutoDict-EraseBytes- DE: "\004\000"-
#58423	NEW    cov: 8891 ft: 53042 corp: 1798/36Mb lim: 65536 exec/s: 426 rss: 459Mb L: 14312/65536 MS: 4 InsertByte-ChangeByte-CrossOver-CopyPart-
#58450	REDUCE cov: 8891 ft: 53042 corp: 1798/36Mb lim: 65536 exec/s: 426 rss: 459Mb L: 17525/65536 MS: 2 CrossOver-EraseBytes-
#58526	REDUCE cov: 8891 ft: 53042 corp: 1798/36Mb lim: 65536 exec/s: 427 rss: 459Mb L: 2410/65536 MS: 1 EraseBytes-
#58557	REDUCE cov: 8891 ft: 53042 corp: 1798/36Mb lim: 65536 exec/s: 427 rss: 459Mb L: 6368/65536 MS: 1 EraseBytes-
#58603	NEW    cov: 8891 ft: 53045 corp: 1799/36Mb lim: 65536 exec/s: 427 rss: 459Mb L: 48485/65536 MS: 1 CrossOver-
#58609	REDUCE cov: 8891 ft: 53045 corp: 1799/36Mb lim: 65536 exec/s: 427 rss: 459Mb L: 14632/65536 MS: 1 EraseBytes-
#58666	REDUCE cov: 8891 ft: 53045 corp: 1799/36Mb lim: 65536 exec/s: 428 rss: 459Mb L: 173/65536 MS: 2 InsertRepeatedBytes-EraseBytes-
#58668	NEW    cov: 8891 ft: 53046 corp: 1800/36Mb lim: 65536 exec/s: 428 rss: 459Mb L: 161/65536 MS: 2 EraseBytes-CopyPart-
#58678	NEW    cov: 8891 ft: 53047 corp: 1801/36Mb lim: 65536 exec/s: 428 rss: 459Mb L: 34742/65536 MS: 5 ChangeByte-ChangeByte-CrossOver-EraseBytes-CopyPart-
#58683	REDUCE cov: 8891 ft: 53047 corp: 1801/36Mb lim: 65536 exec/s: 428 rss: 459Mb L: 2461/65536 MS: 5 PersAutoDict-ChangeByte-CopyPart-ChangeASCIIInt-EraseBytes- DE: "\241\0361\000`b\000\000"-
#58684	REDUCE cov: 8891 ft: 53047 corp: 1801/36Mb lim: 65536 exec/s: 428 rss: 459Mb L: 48182/65536 MS: 1 EraseBytes-
#58715	REDUCE cov: 8891 ft: 53047 corp: 1801/36Mb lim: 65536 exec/s: 428 rss: 459Mb L: 7848/65536 MS: 1 EraseBytes-
#58765	REDUCE cov: 8892 ft: 53063 corp: 1802/36Mb lim: 65536 exec/s: 428 rss: 459Mb L: 7046/65536 MS: 5 ChangeBit-CopyPart-CrossOver-InsertRepeatedBytes-CrossOver-
#58801	NEW    cov: 8892 ft: 53073 corp: 1803/36Mb lim: 65536 exec/s: 429 rss: 459Mb L: 51878/65536 MS: 1 InsertRepeatedBytes-
#58833	REDUCE cov: 8892 ft: 53073 corp: 1803/36Mb lim: 65536 exec/s: 426 rss: 459Mb L: 3720/65536 MS: 2 ChangeBinInt-EraseBytes-
#58842	REDUCE cov: 8892 ft: 53073 corp: 1803/36Mb lim: 65536 exec/s: 426 rss: 459Mb L: 18111/65536 MS: 4 InsertRepeatedBytes-InsertRepeatedBytes-CopyPart-EraseBytes-
#58862	REDUCE cov: 8892 ft: 53073 corp: 1803/36Mb lim: 65536 exec/s: 426 rss: 459Mb L: 1045/65536 MS: 5 InsertRepeatedBytes-PersAutoDict-ChangeBinInt-ShuffleBytes-EraseBytes- DE: "ional"-
#58868	REDUCE cov: 8892 ft: 53073 corp: 1803/36Mb lim: 65536 exec/s: 426 rss: 459Mb L: 26487/65536 MS: 1 EraseBytes-
#58911	REDUCE cov: 8892 ft: 53073 corp: 1803/36Mb lim: 65536 exec/s: 426 rss: 459Mb L: 15736/65536 MS: 3 InsertRepeatedBytes-ChangeBinInt-EraseBytes-
#58913	NEW    cov: 8892 ft: 53074 corp: 1804/36Mb lim: 65536 exec/s: 426 rss: 459Mb L: 2174/65536 MS: 2 InsertByte-InsertByte-
#58977	REDUCE cov: 8892 ft: 53084 corp: 1805/36Mb lim: 65536 exec/s: 427 rss: 459Mb L: 11542/65536 MS: 4 InsertByte-CrossOver-ChangeByte-CopyPart-
#59010	REDUCE cov: 8892 ft: 53084 corp: 1805/36Mb lim: 65536 exec/s: 427 rss: 459Mb L: 42120/65536 MS: 3 ChangeBinInt-PersAutoDict-EraseBytes- DE: "&gna"-
#59040	REDUCE cov: 8892 ft: 53088 corp: 1806/36Mb lim: 65536 exec/s: 427 rss: 459Mb L: 18878/65536 MS: 5 CMP-ShuffleBytes-PersAutoDict-CrossOver-CopyPart- DE: "&Darr;"-"\000\000bp\0008]("-
#59097	REDUCE cov: 8892 ft: 53088 corp: 1806/36Mb lim: 65536 exec/s: 428 rss: 459Mb L: 6604/65536 MS: 2 ChangeASCIIInt-EraseBytes-
#59103	REDUCE cov: 8892 ft: 53088 corp: 1806/36Mb lim: 65536 exec/s: 428 rss: 459Mb L: 36788/65536 MS: 1 EraseBytes-
#59106	REDUCE cov: 8892 ft: 53088 corp: 1806/36Mb lim: 65536 exec/s: 428 rss: 459Mb L: 7083/65536 MS: 3 ShuffleBytes-CMP-EraseBytes- DE: "https"-
#59108	REDUCE cov: 8892 ft: 53088 corp: 1806/36Mb lim: 65536 exec/s: 428 rss: 459Mb L: 40285/65536 MS: 2 CMP-EraseBytes- DE: "&TildeEqual;"-
#59112	REDUCE cov: 8892 ft: 53088 corp: 1806/36Mb lim: 65536 exec/s: 428 rss: 459Mb L: 40478/65536 MS: 4 CMP-InsertByte-ChangeBit-EraseBytes- DE: "B!\354\000\340b\000\000"-
#59162	REDUCE cov: 8892 ft: 53088 corp: 1806/36Mb lim: 65536 exec/s: 428 rss: 460Mb L: 23162/65536 MS: 5 ChangeASCIIInt-InsertRepeatedBytes-PersAutoDict-ChangeByte-EraseBytes- DE: "\377\377``\000\031y\271"-
#59187	REDUCE cov: 8892 ft: 53088 corp: 1806/36Mb lim: 65536 exec/s: 428 rss: 460Mb L: 51079/65536 MS: 5 CopyPart-ChangeByte-InsertByte-ChangeASCIIInt-EraseBytes-
#59239	REDUCE cov: 8892 ft: 53088 corp: 1806/36Mb lim: 65536 exec/s: 429 rss: 460Mb L: 44678/65536 MS: 2 PersAutoDict-EraseBytes- DE: "\377\377\377\015"-
#59254	REDUCE cov: 8892 ft: 53088 corp: 1806/36Mb lim: 65536 exec/s: 429 rss: 460Mb L: 32213/65536 MS: 5 InsertByte-ShuffleBytes-ChangeBinInt-ChangeBinInt-EraseBytes-
#59293	REDUCE cov: 8892 ft: 53088 corp: 1806/36Mb lim: 65536 exec/s: 426 rss: 460Mb L: 91/65536 MS: 4 CMP-ChangeBinInt-ChangeBinInt-EraseBytes- DE: "raphs"-
#59320	REDUCE cov: 8892 ft: 53113 corp: 1807/36Mb lim: 65536 exec/s: 426 rss: 460Mb L: 58473/65536 MS: 2 PersAutoDict-CrossOver- DE: "\020\000\000\000"-
#59340	NEW    cov: 8893 ft: 53114 corp: 1808/36Mb lim: 65536 exec/s: 426 rss: 460Mb L: 28355/65536 MS: 5 CMP-ChangeByte-ChangeBit-ShuffleBytes-InsertRepeatedBytes- DE: "www"-
#59355	REDUCE cov: 8893 ft: 53114 corp: 1808/36Mb lim: 65536 exec/s: 427 rss: 460Mb L: 12679/65536 MS: 5 InsertRepeatedBytes-InsertByte-ChangeByte-ChangeASCIIInt-EraseBytes-
#59418	NEW    cov: 8893 ft: 53135 corp: 1809/36Mb lim: 65536 exec/s: 427 rss: 460Mb L: 94/65536 MS: 3 EraseBytes-CopyPart-ChangeByte-
#59445	REDUCE cov: 8893 ft: 53135 corp: 1809/36Mb lim: 65536 exec/s: 427 rss: 460Mb L: 675/65536 MS: 2 PersAutoDict-EraseBytes- DE: "\000\000b\300\001\266qM"-
#59529	NEW    cov: 8893 ft: 53136 corp: 1810/36Mb lim: 65536 exec/s: 428 rss: 460Mb L: 202/65536 MS: 4 ChangeByte-ChangeBinInt-InsertByte-ChangeByte-
#59543	REDUCE cov: 8893 ft: 53136 corp: 1810/36Mb lim: 65536 exec/s: 428 rss: 460Mb L: 46685/65536 MS: 4 ChangeBit-ChangeASCIIInt-ChangeByte-EraseBytes-
#59551	REDUCE cov: 8893 ft: 53136 corp: 1810/36Mb lim: 65536 exec/s: 428 rss: 460Mb L: 18313/65536 MS: 3 InsertRepeatedBytes-CMP-EraseBytes- DE: "\000\023"-
#59556	REDUCE cov: 8893 ft: 53137 corp: 1811/36Mb lim: 65536 exec/s: 428 rss: 460Mb L: 26757/65536 MS: 5 ShuffleBytes-ShuffleBytes-PersAutoDict-ChangeByte-PersAutoDict- DE: "http"-"\013\000\000\000"-
#59557	REDUCE cov: 8893 ft: 53137 corp: 1811/36Mb lim: 65536 exec/s: 428 rss: 460Mb L: 49/65536 MS: 1 EraseBytes-
#59562	REDUCE cov: 8893 ft: 53137 corp: 1811/36Mb lim: 65536 exec/s: 428 rss: 460Mb L: 11198/65536 MS: 5 ShuffleBytes-CMP-CopyPart-ChangeBinInt-EraseBytes- DE: "&Different"-
#59571	REDUCE cov: 8893 ft: 53138 corp: 1812/36Mb lim: 65536 exec/s: 428 rss: 460Mb L: 452/65536 MS: 4 CrossOver-ChangeByte-ShuffleBytes-CopyPart-
#59588	REDUCE cov: 8893 ft: 53138 corp: 1812/36Mb lim: 65536 exec/s: 428 rss: 460Mb L: 4011/65536 MS: 2 ChangeASCIIInt-EraseBytes-
#59589	REDUCE cov: 8893 ft: 53138 corp: 1812/36Mb lim: 65536 exec/s: 428 rss: 460Mb L: 5671/65536 MS: 1 EraseBytes-
#59616	REDUCE cov: 8893 ft: 53138 corp: 1812/36Mb lim: 65536 exec/s: 428 rss: 460Mb L: 12550/65536 MS: 2 InsertRepeatedBytes-EraseBytes-
#59647	REDUCE cov: 8893 ft: 53138 corp: 1812/36Mb lim: 65536 exec/s: 429 rss: 460Mb L: 23983/65536 MS: 1 EraseBytes-
#59654	REDUCE cov: 8893 ft: 53138 corp: 1812/36Mb lim: 65536 exec/s: 429 rss: 460Mb L: 42747/65536 MS: 2 CopyPart-EraseBytes-
#59662	REDUCE cov: 8893 ft: 53138 corp: 1812/36Mb lim: 65536 exec/s: 429 rss: 460Mb L: 4762/65536 MS: 3 PersAutoDict-CopyPart-EraseBytes- DE: "0\000"-
#59821	REDUCE cov: 8893 ft: 53138 corp: 1812/36Mb lim: 65536 exec/s: 427 rss: 460Mb L: 17142/65536 MS: 4 InsertRepeatedBytes-ShuffleBytes-ChangeByte-EraseBytes-
#59845	REDUCE cov: 8893 ft: 53138 corp: 1812/36Mb lim: 65536 exec/s: 427 rss: 460Mb L: 85/65536 MS: 4 ChangeBinInt-ShuffleBytes-ChangeByte-EraseBytes-
#59848	NEW    cov: 8893 ft: 53147 corp: 1813/36Mb lim: 65536 exec/s: 427 rss: 460Mb L: 39852/65536 MS: 3 ChangeByte-CrossOver-CrossOver-
#59849	REDUCE cov: 8893 ft: 53147 corp: 1813/36Mb lim: 65536 exec/s: 427 rss: 460Mb L: 252/65536 MS: 1 EraseBytes-
#59870	REDUCE cov: 8893 ft: 53147 corp: 1813/36Mb lim: 65536 exec/s: 427 rss: 460Mb L: 3760/65536 MS: 1 EraseBytes-
#59906	NEW    cov: 8893 ft: 53153 corp: 1814/36Mb lim: 65536 exec/s: 427 rss: 460Mb L: 55068/65536 MS: 1 CopyPart-
#59927	REDUCE cov: 8893 ft: 53153 corp: 1814/36Mb lim: 65536 exec/s: 428 rss: 460Mb L: 19189/65536 MS: 1 EraseBytes-
#59952	REDUCE cov: 8893 ft: 53153 corp: 1814/36Mb lim: 65536 exec/s: 428 rss: 460Mb L: 1870/65536 MS: 5 InsertRepeatedBytes-InsertByte-ChangeByte-InsertRepeatedBytes-EraseBytes-
#59970	NEW    cov: 8893 ft: 53154 corp: 1815/36Mb lim: 65536 exec/s: 428 rss: 460Mb L: 39120/65536 MS: 3 CrossOver-ChangeASCIIInt-CrossOver-
#60022	REDUCE cov: 8893 ft: 53154 corp: 1815/36Mb lim: 65536 exec/s: 428 rss: 460Mb L: 6499/65536 MS: 2 ShuffleBytes-EraseBytes-
#60038	NEW    cov: 8893 ft: 53177 corp: 1816/36Mb lim: 65536 exec/s: 428 rss: 460Mb L: 8583/65536 MS: 1 InsertByte-
#60046	REDUCE cov: 8893 ft: 53177 corp: 1816/36Mb lim: 65536 exec/s: 428 rss: 460Mb L: 5576/65536 MS: 3 PersAutoDict-ShuffleBytes-EraseBytes- DE: "&oline"-
#60088	REDUCE cov: 8893 ft: 53177 corp: 1816/36Mb lim: 65536 exec/s: 429 rss: 460Mb L: 4678/65536 MS: 2 CopyPart-EraseBytes-
#60103	REDUCE cov: 8893 ft: 53177 corp: 1816/36Mb lim: 65536 exec/s: 429 rss: 460Mb L: 14015/65536 MS: 5 InsertByte-CopyPart-CMP-CMP-EraseBytes- DE: "www"-"\000\000b\240\000f\267\025"-
#60124	REDUCE cov: 8893 ft: 53178 corp: 1817/36Mb lim: 65536 exec/s: 429 rss: 460Mb L: 56613/65536 MS: 1 CopyPart-
#60222	REDUCE cov: 8893 ft: 53178 corp: 1817/36Mb lim: 65536 exec/s: 430 rss: 460Mb L: 14184/65536 MS: 3 ShuffleBytes-PersAutoDict-EraseBytes- DE: "\022\274\025\000@b\000\000"-
#60243	REDUCE cov: 8893 ft: 53178 corp: 1817/36Mb lim: 65536 exec/s: 430 rss: 460Mb L: 245/65536 MS: 1 EraseBytes-
#60244	REDUCE cov: 8893 ft: 53178 corp: 1817/36Mb lim: 65536 exec/s: 430 rss: 460Mb L: 11301/65536 MS: 1 EraseBytes-
#60262	NEW    cov: 8893 ft: 53179 corp: 1818/36Mb lim: 65536 exec/s: 430 rss: 460Mb L: 37576/65536 MS: 3 InsertRepeatedBytes-ChangeBinInt-CopyPart-
#60285	NEW    cov: 8893 ft: 53180 corp: 1819/37Mb lim: 65536 exec/s: 430 rss: 460Mb L: 57646/65536 MS: 3 PersAutoDict-ChangeByte-CrossOver- DE: "\377\377_\200\000\000\026("-
#60336	NEW    cov: 8894 ft: 53191 corp: 1820/37Mb lim: 65536 exec/s: 427 rss: 460Mb L: 94/65536 MS: 1 ShuffleBytes-
#60343	REDUCE cov: 8894 ft: 53191 corp: 1820/37Mb lim: 65536 exec/s: 427 rss: 460Mb L: 2994/65536 MS: 2 InsertRepeatedBytes-EraseBytes-
#60375	REDUCE cov: 8894 ft: 53191 corp: 1820/37Mb lim: 65536 exec/s: 428 rss: 460Mb L: 7066/65536 MS: 2 PersAutoDict-EraseBytes- DE: "&notni"-
#60398	REDUCE cov: 8894 ft: 53191 corp: 1820/37Mb lim: 65536 exec/s: 428 rss: 460Mb L: 12007/65536 MS: 3 ChangeBit-ChangeByte-EraseBytes-
#60401	REDUCE cov: 8894 ft: 53191 corp: 1820/37Mb lim: 65536 exec/s: 428 rss: 460Mb L: 53501/65536 MS: 3 ShuffleBytes-ChangeASCIIInt-EraseBytes-
#60413	REDUCE cov: 8894 ft: 53191 corp: 1820/37Mb lim: 65536 exec/s: 428 rss: 460Mb L: 4254/65536 MS: 2 InsertRepeatedBytes-EraseBytes-
#60435	NEW    cov: 8894 ft: 53192 corp: 1821/37Mb lim: 65536 exec/s: 428 rss: 460Mb L: 12321/65536 MS: 2 ChangeASCIIInt-PersAutoDict- DE: "&hba"-
#60447	NEW    cov: 8894 ft: 53193 corp: 1822/37Mb lim: 65536 exec/s: 428 rss: 460Mb L: 28078/65536 MS: 2 EraseBytes-ChangeBinInt-
#60448	REDUCE cov: 8894 ft: 53193 corp: 1822/37Mb lim: 65536 exec/s: 428 rss: 460Mb L: 470/65536 MS: 1 EraseBytes-
#60470	REDUCE cov: 8894 ft: 53209 corp: 1823/37Mb lim: 65536 exec/s: 428 rss: 460Mb L: 32960/65536 MS: 2 ShuffleBytes-InsertRepeatedBytes-
#60479	REDUCE cov: 8894 ft: 53209 corp: 1823/37Mb lim: 65536 exec/s: 428 rss: 460Mb L: 40582/65536 MS: 4 PersAutoDict-CopyPart-ChangeASCIIInt-EraseBytes- DE: "\000\000\000\000\000\000\000\000"-
#60503	NEW    cov: 8894 ft: 53217 corp: 1824/37Mb lim: 65536 exec/s: 429 rss: 460Mb L: 18929/65536 MS: 4 InsertRepeatedBytes-ChangeBit-CMP-CopyPart- DE: "\001\000\000\000\000\000\000\000"-
#60543	REDUCE cov: 8894 ft: 53217 corp: 1824/37Mb lim: 65536 exec/s: 429 rss: 460Mb L: 7422/65536 MS: 5 ShuffleBytes-ChangeASCIIInt-CMP-CopyPart-EraseBytes- DE: "\351\035,\000@b\000\000"-
#60555	NEW    cov: 8894 ft: 53218 corp: 1825/37Mb lim: 65536 exec/s: 429 rss: 460Mb L: 20897/65536 MS: 2 EraseBytes-CrossOver-
#60592	REDUCE cov: 8894 ft: 53218 corp: 1825/37Mb lim: 65536 exec/s: 429 rss: 460Mb L: 9266/65536 MS: 2 InsertRepeatedBytes-EraseBytes-
#60596	REDUCE cov: 8894 ft: 53218 corp: 1825/37Mb lim: 65536 exec/s: 429 rss: 460Mb L: 63487/65536 MS: 4 ChangeASCIIInt-ChangeBinInt-PersAutoDict-EraseBytes- DE: "<ecture n"-
#60622	REDUCE cov: 8894 ft: 53218 corp: 1825/37Mb lim: 65536 exec/s: 429 rss: 460Mb L: 1005/65536 MS: 1 EraseBytes-
#60670	NEW    cov: 8894 ft: 53219 corp: 1826/37Mb lim: 65536 exec/s: 430 rss: 460Mb L: 32648/65536 MS: 3 ShuffleBytes-ChangeByte-CrossOver-
#60751	REDUCE cov: 8894 ft: 53219 corp: 1826/37Mb lim: 65536 exec/s: 430 rss: 460Mb L: 21007/65536 MS: 1 EraseBytes-
#60773	REDUCE cov: 8894 ft: 53219 corp: 1826/37Mb lim: 65536 exec/s: 431 rss: 460Mb L: 28564/65536 MS: 2 ChangeByte-EraseBytes-
#60821	NEW    cov: 8894 ft: 53220 corp: 1827/37Mb lim: 65536 exec/s: 431 rss: 460Mb L: 8591/65536 MS: 3 ChangeBinInt-ChangeBinInt-CopyPart-
#60829	REDUCE cov: 8894 ft: 53223 corp: 1828/37Mb lim: 65536 exec/s: 431 rss: 460Mb L: 26376/65536 MS: 3 InsertByte-CrossOver-EraseBytes-
#60831	REDUCE cov: 8894 ft: 53223 corp: 1828/37Mb lim: 65536 exec/s: 431 rss: 460Mb L: 722/65536 MS: 2 CMP-EraseBytes- DE: "\376\230]\000\260b\000\000"-
#60856	REDUCE cov: 8894 ft: 53223 corp: 1828/37Mb lim: 65536 exec/s: 428 rss: 460Mb L: 11887/65536 MS: 5 CMP-InsertByte-ChangeBinInt-CMP-EraseBytes- DE: "ies"-"\001\000\000\000\000\000\000\000"-
#60877	NEW    cov: 8894 ft: 53224 corp: 1829/37Mb lim: 65536 exec/s: 428 rss: 460Mb L: 30998/65536 MS: 1 CopyPart-
#60881	REDUCE cov: 8894 ft: 53224 corp: 1829/37Mb lim: 65536 exec/s: 428 rss: 460Mb L: 3021/65536 MS: 4 InsertRepeatedBytes-CopyPart-ShuffleBytes-EraseBytes-
#60884	REDUCE cov: 8894 ft: 53224 corp: 1829/37Mb lim: 65536 exec/s: 428 rss: 460Mb L: 26930/65536 MS: 3 ChangeBit-InsertRepeatedBytes-EraseBytes-
#60952	REDUCE cov: 8894 ft: 53224 corp: 1829/37Mb lim: 65536 exec/s: 429 rss: 460Mb L: 72/65536 MS: 3 PersAutoDict-CMP-EraseBytes- DE: "&notni"-"&checkma"-
#60998	NEW    cov: 8894 ft: 53225 corp: 1830/37Mb lim: 65536 exec/s: 429 rss: 460Mb L: 1425/65536 MS: 1 EraseBytes-
#61050	REDUCE cov: 8894 ft: 53225 corp: 1830/37Mb lim: 65536 exec/s: 429 rss: 460Mb L: 4180/65536 MS: 2 EraseBytes-ChangeBinInt-
#61076	NEW    cov: 8894 ft: 53226 corp: 1831/37Mb lim: 65536 exec/s: 430 rss: 460Mb L: 65336/65536 MS: 1 InsertByte-
#61082	REDUCE cov: 8894 ft: 53226 corp: 1831/37Mb lim: 65536 exec/s: 430 rss: 460Mb L: 14/65536 MS: 1 EraseBytes-
#61115	REDUCE cov: 8894 ft: 53226 corp: 1831/37Mb lim: 65536 exec/s: 430 rss: 460Mb L: 7860/65536 MS: 3 CopyPart-PersAutoDict-EraseBytes- DE: "&Darr;"-
#61142	REDUCE cov: 8894 ft: 53226 corp: 1831/37Mb lim: 65536 exec/s: 430 rss: 460Mb L: 763/65536 MS: 2 ChangeByte-EraseBytes-
#61160	NEW    cov: 8894 ft: 53229 corp: 1832/37Mb lim: 65536 exec/s: 430 rss: 460Mb L: 38669/65536 MS: 3 CMP-ChangeBinInt-CrossOver- DE: "\001?"-
#61180	REDUCE cov: 8894 ft: 53229 corp: 1832/37Mb lim: 65536 exec/s: 430 rss: 460Mb L: 8536/65536 MS: 5 PersAutoDict-ChangeByte-InsertByte-InsertRepeatedBytes-EraseBytes- DE: "\250!\237\000\360b\000\000"-
#61207	REDUCE cov: 8894 ft: 53229 corp: 1832/37Mb lim: 65536 exec/s: 431 rss: 460Mb L: 8830/65536 MS: 2 ChangeByte-EraseBytes-
#61270	REDUCE cov: 8894 ft: 53229 corp: 1832/37Mb lim: 65536 exec/s: 431 rss: 460Mb L: 29730/65536 MS: 3 CMP-ChangeBinInt-EraseBytes- DE: "&gnap"-
#61282	REDUCE cov: 8894 ft: 53229 corp: 1832/37Mb lim: 65536 exec/s: 431 rss: 460Mb L: 40800/65536 MS: 2 InsertRepeatedBytes-EraseBytes-
#61312	REDUCE cov: 8894 ft: 53229 corp: 1832/37Mb lim: 65536 exec/s: 428 rss: 460Mb L: 9423/65536 MS: 5 ChangeBinInt-CrossOver-PersAutoDict-CrossOver-EraseBytes- DE: "\017\000"-
#61314	REDUCE cov: 8894 ft: 53229 corp: 1832/37Mb lim: 65536 exec/s: 428 rss: 460Mb L: 15053/65536 MS: 2 ChangeBit-EraseBytes-
#61354	REDUCE cov: 8894 ft: 53229 corp: 1832/37Mb lim: 65536 exec/s: 429 rss: 460Mb L: 3300/65536 MS: 5 InsertRepeatedBytes-InsertByte-ChangeBit-PersAutoDict-EraseBytes- DE: "\031\000\000\000"-
#61381	REDUCE cov: 8894 ft: 53229 corp: 1832/37Mb lim: 65536 exec/s: 429 rss: 460Mb L: 416/65536 MS: 2 ShuffleBytes-EraseBytes-
#61394	REDUCE cov: 8894 ft: 53229 corp: 1832/37Mb lim: 65536 exec/s: 429 rss: 460Mb L: 13657/65536 MS: 3 ChangeBinInt-CMP-EraseBytes- DE: "!9\000\000"-
#61416	REDUCE cov: 8894 ft: 53229 corp: 1832/37Mb lim: 65536 exec/s: 429 rss: 460Mb L: 13581/65536 MS: 2 InsertByte-CrossOver-
#61427	REDUCE cov: 8894 ft: 53229 corp: 1832/37Mb lim: 65536 exec/s: 429 rss: 460Mb L: 1873/65536 MS: 1 EraseBytes-
#61470	REDUCE cov: 8894 ft: 53229 corp: 1832/37Mb lim: 65536 exec/s: 429 rss: 460Mb L: 16781/65536 MS: 3 ChangeASCIIInt-InsertByte-EraseBytes-
#61492	REDUCE cov: 8894 ft: 53229 corp: 1832/37Mb lim: 65536 exec/s: 430 rss: 460Mb L: 1775/65536 MS: 2 ChangeASCIIInt-EraseBytes-
#61542	REDUCE cov: 8894 ft: 53229 corp: 1832/37Mb lim: 65536 exec/s: 430 rss: 460Mb L: 2961/65536 MS: 5 CrossOver-ShuffleBytes-CopyPart-EraseBytes-ShuffleBytes-
#61580	REDUCE cov: 8894 ft: 53229 corp: 1832/37Mb lim: 65536 exec/s: 430 rss: 460Mb L: 2695/65536 MS: 3 ChangeASCIIInt-InsertRepeatedBytes-EraseBytes-
#61586	REDUCE cov: 8894 ft: 53230 corp: 1833/37Mb lim: 65536 exec/s: 430 rss: 460Mb L: 42831/65536 MS: 1 CopyPart-
#61622	REDUCE cov: 8894 ft: 53230 corp: 1833/37Mb lim: 65536 exec/s: 430 rss: 460Mb L: 3255/65536 MS: 1 EraseBytes-
#61623	REDUCE cov: 8894 ft: 53230 corp: 1833/37Mb lim: 65536 exec/s: 430 rss: 460Mb L: 298/65536 MS: 1 EraseBytes-
#61646	REDUCE cov: 8894 ft: 53230 corp: 1833/37Mb lim: 65536 exec/s: 431 rss: 460Mb L: 16171/65536 MS: 3 ChangeASCIIInt-InsertRepeatedBytes-EraseBytes-
#61700	NEW    cov: 8894 ft: 53231 corp: 1834/37Mb lim: 65536 exec/s: 431 rss: 460Mb L: 9559/65536 MS: 4 ChangeBit-CrossOver-InsertByte-CopyPart-
#61707	NEW    cov: 8894 ft: 53233 corp: 1835/37Mb lim: 65536 exec/s: 431 rss: 460Mb L: 34959/65536 MS: 2 InsertRepeatedBytes-CopyPart-
#61772	REDUCE cov: 8894 ft: 53233 corp: 1835/37Mb lim: 65536 exec/s: 431 rss: 460Mb L: 464/65536 MS: 5 ChangeBit-ChangeASCIIInt-PersAutoDict-ChangeByte-EraseBytes- DE: "\377\377a\000\000\002n\247"-
#61818	REDUCE cov: 8894 ft: 53233 corp: 1835/37Mb lim: 65536 exec/s: 432 rss: 460Mb L: 618/65536 MS: 1 EraseBytes-
#61855	REDUCE cov: 8894 ft: 53233 corp: 1835/37Mb lim: 65536 exec/s: 429 rss: 460Mb L: 2239/65536 MS: 2 ChangeASCIIInt-EraseBytes-
#61888	REDUCE cov: 8894 ft: 53233 corp: 1835/37Mb lim: 65536 exec/s: 429 rss: 460Mb L: 4377/65536 MS: 3 ShuffleBytes-ChangeBinInt-EraseBytes-
#61919	REDUCE cov: 8894 ft: 53233 corp: 1835/37Mb lim: 65536 exec/s: 429 rss: 460Mb L: 8344/65536 MS: 1 EraseBytes-
#61941	REDUCE cov: 8894 ft: 53233 corp: 1835/37Mb lim: 65536 exec/s: 430 rss: 460Mb L: 78/65536 MS: 2 ChangeBinInt-EraseBytes-
#61967	REDUCE cov: 8894 ft: 53233 corp: 1835/37Mb lim: 65536 exec/s: 430 rss: 460Mb L: 1870/65536 MS: 1 EraseBytes-
#62009	REDUCE cov: 8894 ft: 53233 corp: 1835/37Mb lim: 65536 exec/s: 430 rss: 460Mb L: 10500/65536 MS: 2 PersAutoDict-EraseBytes- DE: "\001\000b\260\000_\300Q"-
#62022	NEW    cov: 8894 ft: 53234 corp: 1836/37Mb lim: 65536 exec/s: 430 rss: 460Mb L: 54176/65536 MS: 3 ChangeBit-ChangeASCIIInt-CopyPart-
#62056	REDUCE cov: 8894 ft: 53234 corp: 1836/37Mb lim: 65536 exec/s: 430 rss: 460Mb L: 4843/65536 MS: 4 CopyPart-InsertRepeatedBytes-CopyPart-EraseBytes-
#62072	REDUCE cov: 8895 ft: 53235 corp: 1837/37Mb lim: 65536 exec/s: 431 rss: 460Mb L: 6608/65536 MS: 1 InsertRepeatedBytes-
#62076	REDUCE cov: 8895 ft: 53235 corp: 1837/37Mb lim: 65536 exec/s: 431 rss: 460Mb L: 49513/65536 MS: 4 PersAutoDict-CMP-ChangeByte-EraseBytes- DE: "\000\000a\340\000M\363_"-"NTT\001\360b\000\000"-
#62135	NEW    cov: 8895 ft: 53236 corp: 1838/37Mb lim: 65536 exec/s: 431 rss: 460Mb L: 52299/65536 MS: 4 InsertRepeatedBytes-PersAutoDict-InsertByte-EraseBytes- DE: "\000\000a\220\0002\201N"-
#62146	REDUCE cov: 8895 ft: 53236 corp: 1838/37Mb lim: 65536 exec/s: 431 rss: 460Mb L: 18885/65536 MS: 1 EraseBytes-
#62152	REDUCE cov: 8895 ft: 53236 corp: 1838/37Mb lim: 65536 exec/s: 431 rss: 460Mb L: 91/65536 MS: 1 EraseBytes-
#62158	NEW    cov: 8895 ft: 53238 corp: 1839/37Mb lim: 65536 exec/s: 431 rss: 460Mb L: 26155/65536 MS: 1 CrossOver-
#62164	REDUCE cov: 8895 ft: 53238 corp: 1839/37Mb lim: 65536 exec/s: 431 rss: 460Mb L: 578/65536 MS: 1 EraseBytes-
#62177	REDUCE cov: 8895 ft: 53238 corp: 1839/37Mb lim: 65536 exec/s: 431 rss: 460Mb L: 928/65536 MS: 3 ChangeBit-InsertRepeatedBytes-EraseBytes-
#62199	REDUCE cov: 8895 ft: 53238 corp: 1839/37Mb lim: 65536 exec/s: 431 rss: 460Mb L: 194/65536 MS: 2 ShuffleBytes-EraseBytes-
#62232	REDUCE cov: 8895 ft: 53238 corp: 1839/37Mb lim: 65536 exec/s: 432 rss: 460Mb L: 27192/65536 MS: 3 ShuffleBytes-ChangeBit-EraseBytes-
#62264	REDUCE cov: 8895 ft: 53238 corp: 1839/37Mb lim: 65536 exec/s: 429 rss: 460Mb L: 1725/65536 MS: 2 ChangeBit-EraseBytes-
#62291	NEW    cov: 8895 ft: 53240 corp: 1840/37Mb lim: 65536 exec/s: 429 rss: 460Mb L: 9817/65536 MS: 2 PersAutoDict-CopyPart- DE: "\002\000"-
#62341	REDUCE cov: 8895 ft: 53245 corp: 1841/37Mb lim: 65536 exec/s: 429 rss: 460Mb L: 11708/65536 MS: 5 ShuffleBytes-ChangeByte-ChangeBit-CopyPart-CopyPart-
#62380	NEW    cov: 8895 ft: 53248 corp: 1842/37Mb lim: 65536 exec/s: 430 rss: 460Mb L: 4130/65536 MS: 4 ShuffleBytes-ChangeBinInt-PersAutoDict-CrossOver- DE: "&aacu"-
#62381	REDUCE cov: 8895 ft: 53248 corp: 1842/37Mb lim: 65536 exec/s: 430 rss: 460Mb L: 33176/65536 MS: 1 CrossOver-
#62382	REDUCE cov: 8895 ft: 53249 corp: 1843/37Mb lim: 65536 exec/s: 430 rss: 460Mb L: 27632/65536 MS: 1 CopyPart-
#62428	NEW    cov: 8895 ft: 53297 corp: 1844/37Mb lim: 65536 exec/s: 430 rss: 460Mb L: 48840/65536 MS: 1 CopyPart-
#62459	REDUCE cov: 8895 ft: 53297 corp: 1844/37Mb lim: 65536 exec/s: 430 rss: 460Mb L: 52223/65536 MS: 1 EraseBytes-
#62469	NEW    cov: 8895 ft: 53299 corp: 1845/37Mb lim: 65536 exec/s: 430 rss: 460Mb L: 8751/65536 MS: 5 CopyPart-InsertRepeatedBytes-ChangeBit-ChangeBit-PersAutoDict- DE: "\001\000bP\001\241S\252"-
#62506	NEW    cov: 8895 ft: 53300 corp: 1846/37Mb lim: 65536 exec/s: 431 rss: 460Mb L: 54524/65536 MS: 2 ChangeBinInt-CopyPart-
#62517	REDUCE cov: 8895 ft: 53300 corp: 1846/37Mb lim: 65536 exec/s: 431 rss: 460Mb L: 37701/65536 MS: 1 CrossOver-
#62537	REDUCE cov: 8895 ft: 53301 corp: 1847/37Mb lim: 65536 exec/s: 431 rss: 460Mb L: 37570/65536 MS: 5 InsertRepeatedBytes-ChangeByte-InsertByte-ChangeBinInt-CopyPart-
#62572	REDUCE cov: 8905 ft: 53344 corp: 1848/37Mb lim: 65536 exec/s: 431 rss: 460Mb L: 5438/65536 MS: 5 ChangeByte-InsertByte-ChangeASCIIInt-ChangeASCIIInt-CrossOver-
#62603	REDUCE cov: 8905 ft: 53344 corp: 1848/37Mb lim: 65536 exec/s: 431 rss: 460Mb L: 41004/65536 MS: 1 EraseBytes-
#62615	REDUCE cov: 8905 ft: 53344 corp: 1848/37Mb lim: 65536 exec/s: 431 rss: 460Mb L: 22297/65536 MS: 2 ShuffleBytes-EraseBytes-
#62642	NEW    cov: 8923 ft: 53362 corp: 1849/37Mb lim: 65536 exec/s: 432 rss: 460Mb L: 54954/65536 MS: 2 CrossOver-ChangeBinInt-
#62667	REDUCE cov: 8923 ft: 53362 corp: 1849/37Mb lim: 65536 exec/s: 432 rss: 460Mb L: 4863/65536 MS: 5 CopyPart-InsertRepeatedBytes-ChangeBit-CMP-EraseBytes- DE: "\204\273g\266\376\177\000\000"-
#62802	NEW    cov: 8923 ft: 53365 corp: 1850/37Mb lim: 65536 exec/s: 430 rss: 460Mb L: 29979/65536 MS: 5 ChangeByte-InsertByte-CMP-ChangeASCIIInt-EraseBytes- DE: "&lan"-
#62829	NEW    cov: 8923 ft: 53449 corp: 1851/37Mb lim: 65536 exec/s: 430 rss: 460Mb L: 62023/65536 MS: 2 CopyPart-CopyPart-
#62843	REDUCE cov: 8923 ft: 53449 corp: 1851/37Mb lim: 65536 exec/s: 430 rss: 460Mb L: 44873/65536 MS: 4 CrossOver-InsertRepeatedBytes-CrossOver-EraseBytes-
#62878	REDUCE cov: 8923 ft: 53449 corp: 1851/37Mb lim: 65536 exec/s: 430 rss: 460Mb L: 47327/65536 MS: 5 CMP-ShuffleBytes-InsertByte-InsertByte-EraseBytes- DE: "1\000"-
#62884	REDUCE cov: 8923 ft: 53449 corp: 1851/37Mb lim: 65536 exec/s: 430 rss: 460Mb L: 52298/65536 MS: 1 EraseBytes-
#62896	REDUCE cov: 8923 ft: 53449 corp: 1851/37Mb lim: 65536 exec/s: 430 rss: 460Mb L: 48865/65536 MS: 2 ChangeASCIIInt-EraseBytes-
#62921	REDUCE cov: 8923 ft: 53449 corp: 1851/37Mb lim: 65536 exec/s: 430 rss: 460Mb L: 6427/65536 MS: 5 ChangeBinInt-ChangeASCIIInt-ChangeBit-InsertRepeatedBytes-EraseBytes-
#62983	REDUCE cov: 8923 ft: 53449 corp: 1851/37Mb lim: 65536 exec/s: 431 rss: 460Mb L: 8215/65536 MS: 2 ChangeByte-EraseBytes-
#62994	REDUCE cov: 8923 ft: 53449 corp: 1851/37Mb lim: 65536 exec/s: 431 rss: 460Mb L: 8376/65536 MS: 1 EraseBytes-
#62995	REDUCE cov: 8923 ft: 53449 corp: 1851/37Mb lim: 65536 exec/s: 431 rss: 460Mb L: 11328/65536 MS: 1 EraseBytes-
#63034	REDUCE cov: 8923 ft: 53449 corp: 1851/37Mb lim: 65536 exec/s: 431 rss: 460Mb L: 4615/65536 MS: 4 InsertByte-ChangeByte-ChangeBit-EraseBytes-
#63039	REDUCE cov: 8923 ft: 53449 corp: 1851/37Mb lim: 65536 exec/s: 431 rss: 460Mb L: 434/65536 MS: 5 ChangeByte-CMP-ChangeBinInt-ShuffleBytes-EraseBytes- DE: "\000\000\177\376\266g\276A"-
#63055	NEW    cov: 8923 ft: 53476 corp: 1852/37Mb lim: 65536 exec/s: 431 rss: 460Mb L: 45791/65536 MS: 1 CopyPart-
#63073	REDUCE cov: 8923 ft: 53476 corp: 1852/37Mb lim: 65536 exec/s: 432 rss: 460Mb L: 51167/65536 MS: 3 PersAutoDict-ChangeBinInt-EraseBytes- DE: "\001\000\000\013"-
#63137	REDUCE cov: 8923 ft: 53476 corp: 1852/37Mb lim: 65536 exec/s: 432 rss: 460Mb L: 4064/65536 MS: 4 ChangeByte-ChangeByte-ShuffleBytes-EraseBytes-
#63163	REDUCE cov: 8923 ft: 53476 corp: 1852/37Mb lim: 65536 exec/s: 432 rss: 460Mb L: 34201/65536 MS: 1 EraseBytes-
#63190	REDUCE cov: 8923 ft: 53476 corp: 1852/37Mb lim: 65536 exec/s: 432 rss: 460Mb L: 97/65536 MS: 2 InsertByte-EraseBytes-
#63226	NEW    cov: 8923 ft: 53477 corp: 1853/37Mb lim: 65536 exec/s: 430 rss: 460Mb L: 53914/65536 MS: 1 CrossOver-
#63241	REDUCE cov: 8923 ft: 53477 corp: 1853/37Mb lim: 65536 exec/s: 430 rss: 460Mb L: 5500/65536 MS: 5 InsertByte-CopyPart-InsertRepeatedBytes-ChangeByte-EraseBytes-
#63283	NEW    cov: 8923 ft: 53482 corp: 1854/37Mb lim: 65536 exec/s: 430 rss: 460Mb L: 65335/65536 MS: 2 ChangeBit-CrossOver-
#63322	REDUCE cov: 8923 ft: 53482 corp: 1854/37Mb lim: 65536 exec/s: 430 rss: 460Mb L: 1428/65536 MS: 4 CrossOver-InsertRepeatedBytes-CrossOver-EraseBytes-
#63324	REDUCE cov: 8923 ft: 53482 corp: 1854/37Mb lim: 65536 exec/s: 430 rss: 460Mb L: 40333/65536 MS: 2 ShuffleBytes-EraseBytes-
#63392	NEW    cov: 8923 ft: 53492 corp: 1855/37Mb lim: 65536 exec/s: 431 rss: 460Mb L: 64632/65536 MS: 3 CrossOver-CopyPart-CopyPart-
#63413	REDUCE cov: 8923 ft: 53581 corp: 1856/37Mb lim: 65536 exec/s: 431 rss: 460Mb L: 13723/65536 MS: 1 CopyPart-
#63425	REDUCE cov: 8923 ft: 53581 corp: 1856/37Mb lim: 65536 exec/s: 431 rss: 460Mb L: 9657/65536 MS: 2 InsertByte-EraseBytes-
#63483	REDUCE cov: 8923 ft: 53582 corp: 1857/37Mb lim: 65536 exec/s: 431 rss: 460Mb L: 42814/65536 MS: 3 ChangeByte-ChangeBinInt-InsertRepeatedBytes-
#63489	REDUCE cov: 8923 ft: 53582 corp: 1857/37Mb lim: 65536 exec/s: 431 rss: 460Mb L: 6674/65536 MS: 1 EraseBytes-
#63527	REDUCE cov: 8923 ft: 53582 corp: 1857/37Mb lim: 65536 exec/s: 432 rss: 460Mb L: 17891/65536 MS: 3 ChangeByte-CMP-EraseBytes- DE: "\377\377a\260\000^\352q"-
#63569	REDUCE cov: 8923 ft: 53582 corp: 1857/37Mb lim: 65536 exec/s: 432 rss: 460Mb L: 17082/65536 MS: 2 CrossOver-EraseBytes-
#63595	REDUCE cov: 8923 ft: 53582 corp: 1857/37Mb lim: 65536 exec/s: 432 rss: 460Mb L: 27137/65536 MS: 1 EraseBytes-
#63603	REDUCE cov: 8923 ft: 53582 corp: 1857/37Mb lim: 65536 exec/s: 432 rss: 460Mb L: 33045/65536 MS: 3 ChangeBinInt-InsertByte-EraseBytes-
#63651	REDUCE cov: 8923 ft: 53582 corp: 1857/37Mb lim: 65536 exec/s: 433 rss: 460Mb L: 8047/65536 MS: 3 InsertByte-ChangeBinInt-EraseBytes-
#63658	REDUCE cov: 8923 ft: 53582 corp: 1857/37Mb lim: 65536 exec/s: 433 rss: 460Mb L: 41394/65536 MS: 2 InsertByte-EraseBytes-
#63707	REDUCE cov: 8923 ft: 53584 corp: 1858/37Mb lim: 65536 exec/s: 430 rss: 460Mb L: 7170/65536 MS: 4 ChangeByte-ChangeByte-ShuffleBytes-EraseBytes-
#63714	REDUCE cov: 8923 ft: 53584 corp: 1858/37Mb lim: 65536 exec/s: 430 rss: 460Mb L: 25594/65536 MS: 2 ShuffleBytes-EraseBytes-
#63730	REDUCE cov: 8923 ft: 53584 corp: 1858/37Mb lim: 65536 exec/s: 430 rss: 460Mb L: 17030/65536 MS: 1 EraseBytes-
#63761	NEW    cov: 8923 ft: 53585 corp: 1859/37Mb lim: 65536 exec/s: 430 rss: 460Mb L: 30798/65536 MS: 1 CopyPart-
#63927	REDUCE cov: 8923 ft: 53585 corp: 1859/37Mb lim: 65536 exec/s: 431 rss: 460Mb L: 46198/65536 MS: 1 EraseBytes-
#63970	NEW    cov: 8923 ft: 53586 corp: 1860/37Mb lim: 65536 exec/s: 432 rss: 460Mb L: 2262/65536 MS: 3 ChangeBit-ShuffleBytes-CopyPart-
#63977	REDUCE cov: 8923 ft: 53586 corp: 1860/37Mb lim: 65536 exec/s: 432 rss: 460Mb L: 14721/65536 MS: 2 ChangeBinInt-EraseBytes-
#63998	REDUCE cov: 8923 ft: 53586 corp: 1860/37Mb lim: 65536 exec/s: 432 rss: 460Mb L: 7017/65536 MS: 1 EraseBytes-
#63999	REDUCE cov: 8923 ft: 53586 corp: 1860/37Mb lim: 65536 exec/s: 432 rss: 460Mb L: 3198/65536 MS: 1 EraseBytes-
#64005	NEW    cov: 8923 ft: 53588 corp: 1861/37Mb lim: 65536 exec/s: 432 rss: 460Mb L: 49885/65536 MS: 1 CopyPart-
#64054	NEW    cov: 8925 ft: 53590 corp: 1862/37Mb lim: 65536 exec/s: 432 rss: 460Mb L: 18277/65536 MS: 4 CopyPart-PersAutoDict-ChangeBinInt-CrossOver- DE: "&DifferentialD;"-
#64087	REDUCE cov: 8925 ft: 53590 corp: 1862/37Mb lim: 65536 exec/s: 433 rss: 460Mb L: 31949/65536 MS: 3 CMP-PersAutoDict-EraseBytes- DE: "\000\000c\000\000E\345\364"-"\333\\"-
#64095	REDUCE cov: 8925 ft: 53592 corp: 1863/37Mb lim: 65536 exec/s: 433 rss: 460Mb L: 6317/65536 MS: 3 ChangeBit-InsertByte-CrossOver-
#64114	REDUCE cov: 8925 ft: 53592 corp: 1863/37Mb lim: 65536 exec/s: 430 rss: 460Mb L: 26851/65536 MS: 4 ChangeBit-CrossOver-ChangeBit-EraseBytes-
#64128	REDUCE cov: 8925 ft: 53592 corp: 1863/37Mb lim: 65536 exec/s: 430 rss: 460Mb L: 7238/65536 MS: 4 PersAutoDict-InsertRepeatedBytes-CMP-EraseBytes- DE: "\001\000"-"\000\000\000'"-
#64135	REDUCE cov: 8925 ft: 53592 corp: 1863/37Mb lim: 65536 exec/s: 430 rss: 460Mb L: 6835/65536 MS: 2 ChangeBit-EraseBytes-
#64171	REDUCE cov: 8925 ft: 53592 corp: 1863/37Mb lim: 65536 exec/s: 430 rss: 460Mb L: 20001/65536 MS: 1 EraseBytes-
#64176	REDUCE cov: 8925 ft: 53592 corp: 1863/37Mb lim: 65536 exec/s: 430 rss: 460Mb L: 27883/65536 MS: 5 ChangeBinInt-ChangeBit-InsertByte-ShuffleBytes-EraseBytes-
#64221	REDUCE cov: 8925 ft: 53592 corp: 1863/37Mb lim: 65536 exec/s: 431 rss: 460Mb L: 38632/65536 MS: 5 ShuffleBytes-CrossOver-InsertRepeatedBytes-ChangeBinInt-EraseBytes-
#64228	REDUCE cov: 8925 ft: 53592 corp: 1863/37Mb lim: 65536 exec/s: 431 rss: 460Mb L: 1997/65536 MS: 2 InsertRepeatedBytes-EraseBytes-
#64291	REDUCE cov: 8925 ft: 53592 corp: 1863/37Mb lim: 65536 exec/s: 431 rss: 460Mb L: 27032/65536 MS: 3 InsertByte-ChangeASCIIInt-EraseBytes-
#64376	REDUCE cov: 8925 ft: 53592 corp: 1863/37Mb lim: 65536 exec/s: 432 rss: 460Mb L: 34397/65536 MS: 5 ChangeByte-ShuffleBytes-ChangeByte-InsertByte-EraseBytes-
#64433	REDUCE cov: 8925 ft: 53592 corp: 1863/37Mb lim: 65536 exec/s: 432 rss: 460Mb L: 11415/65536 MS: 2 InsertRepeatedBytes-EraseBytes-
#64454	REDUCE cov: 8925 ft: 53592 corp: 1863/37Mb lim: 65536 exec/s: 432 rss: 460Mb L: 401/65536 MS: 1 EraseBytes-
#64473	NEW    cov: 8925 ft: 53593 corp: 1864/37Mb lim: 65536 exec/s: 432 rss: 460Mb L: 23808/65536 MS: 4 InsertByte-CMP-ChangeBinInt-CopyPart- DE: "&range"-
#64494	REDUCE cov: 8925 ft: 53593 corp: 1864/37Mb lim: 65536 exec/s: 432 rss: 460Mb L: 12417/65536 MS: 1 EraseBytes-
#64535	REDUCE cov: 8925 ft: 53593 corp: 1864/37Mb lim: 65536 exec/s: 433 rss: 460Mb L: 49218/65536 MS: 1 EraseBytes-
#64538	REDUCE cov: 8925 ft: 53594 corp: 1865/38Mb lim: 65536 exec/s: 433 rss: 460Mb L: 51254/65536 MS: 3 InsertRepeatedBytes-CMP-CrossOver- DE: "\001\000\000J"-
#64580	REDUCE cov: 8925 ft: 53594 corp: 1865/38Mb lim: 65536 exec/s: 430 rss: 460Mb L: 49/65536 MS: 2 PersAutoDict-EraseBytes- DE: "NTT\001\360b\000\000"-
#64610	REDUCE cov: 8925 ft: 53594 corp: 1865/37Mb lim: 65536 exec/s: 430 rss: 460Mb L: 29309/65536 MS: 5 ChangeByte-ChangeASCIIInt-InsertByte-CMP-EraseBytes- DE: "\260\374\033\001\300b\000\000"-
#64616	REDUCE cov: 8925 ft: 53594 corp: 1865/37Mb lim: 65536 exec/s: 430 rss: 460Mb L: 2994/65536 MS: 1 EraseBytes-
#64668	REDUCE cov: 8925 ft: 53594 corp: 1865/37Mb lim: 65536 exec/s: 431 rss: 460Mb L: 36069/65536 MS: 2 ShuffleBytes-EraseBytes-
#64689	NEW    cov: 8925 ft: 53595 corp: 1866/38Mb lim: 65536 exec/s: 431 rss: 460Mb L: 64480/65536 MS: 1 CopyPart-
#64694	REDUCE cov: 8925 ft: 53595 corp: 1866/38Mb lim: 65536 exec/s: 431 rss: 460Mb L: 3009/65536 MS: 5 ShuffleBytes-ChangeASCIIInt-ShuffleBytes-PersAutoDict-EraseBytes- DE: "!\000\000\000"-
#64707	REDUCE cov: 8925 ft: 53595 corp: 1866/38Mb lim: 65536 exec/s: 431 rss: 460Mb L: 31038/65536 MS: 3 CopyPart-ChangeASCIIInt-EraseBytes-
#64782	REDUCE cov: 8925 ft: 53595 corp: 1866/38Mb lim: 65536 exec/s: 431 rss: 460Mb L: 12416/65536 MS: 5 CopyPart-CopyPart-InsertByte-CopyPart-EraseBytes-
#64823	NEW    cov: 8926 ft: 53596 corp: 1867/38Mb lim: 65536 exec/s: 432 rss: 460Mb L: 7655/65536 MS: 1 CrossOver-
#64848	REDUCE cov: 8926 ft: 53596 corp: 1867/38Mb lim: 65536 exec/s: 432 rss: 460Mb L: 4101/65536 MS: 5 ChangeBit-ChangeBinInt-ChangeBinInt-PersAutoDict-EraseBytes- DE: "\351\035,\000@b\000\000"-
#64902	REDUCE cov: 8926 ft: 53596 corp: 1867/38Mb lim: 65536 exec/s: 432 rss: 460Mb L: 46123/65536 MS: 4 ShuffleBytes-ChangeByte-ShuffleBytes-EraseBytes-
#64913	NEW    cov: 8926 ft: 53601 corp: 1868/38Mb lim: 65536 exec/s: 432 rss: 460Mb L: 65536/65536 MS: 1 CrossOver-
#64929	REDUCE cov: 8926 ft: 53611 corp: 1869/38Mb lim: 65536 exec/s: 432 rss: 460Mb L: 33568/65536 MS: 1 CopyPart-
#64935	REDUCE cov: 8926 ft: 53611 corp: 1869/38Mb lim: 65536 exec/s: 432 rss: 460Mb L: 23055/65536 MS: 1 EraseBytes-
#64986	REDUCE cov: 8926 ft: 53611 corp: 1869/38Mb lim: 65536 exec/s: 433 rss: 460Mb L: 2014/65536 MS: 1 EraseBytes-
#65015	REDUCE cov: 8926 ft: 53611 corp: 1869/38Mb lim: 65536 exec/s: 433 rss: 460Mb L: 10341/65536 MS: 4 ChangeByte-ChangeByte-ShuffleBytes-EraseBytes-
#65050	REDUCE cov: 8926 ft: 53611 corp: 1869/38Mb lim: 65536 exec/s: 430 rss: 460Mb L: 41525/65536 MS: 5 ChangeBinInt-ChangeBit-InsertByte-ChangeASCIIInt-EraseBytes-
#65055	REDUCE cov: 8926 ft: 53611 corp: 1869/38Mb lim: 65536 exec/s: 430 rss: 460Mb L: 2931/65536 MS: 5 CopyPart-ChangeBinInt-InsertByte-InsertByte-EraseBytes-
#65072	REDUCE cov: 8926 ft: 53611 corp: 1869/38Mb lim: 65536 exec/s: 430 rss: 460Mb L: 6659/65536 MS: 2 ChangeBinInt-EraseBytes-
#65098	NEW    cov: 8926 ft: 53612 corp: 1870/38Mb lim: 65536 exec/s: 431 rss: 460Mb L: 26155/65536 MS: 1 CopyPart-
#65129	REDUCE cov: 8926 ft: 53612 corp: 1870/38Mb lim: 65536 exec/s: 431 rss: 460Mb L: 11086/65536 MS: 1 EraseBytes-
#65177	REDUCE cov: 8926 ft: 53612 corp: 1870/38Mb lim: 65536 exec/s: 431 rss: 460Mb L: 15507/65536 MS: 3 ChangeBit-ChangeBinInt-EraseBytes-
#65190	REDUCE cov: 8926 ft: 53614 corp: 1871/38Mb lim: 65536 exec/s: 431 rss: 460Mb L: 15292/65536 MS: 3 InsertRepeatedBytes-CMP-CopyPart- DE: "\036\356"-
#65215	REDUCE cov: 8926 ft: 53614 corp: 1871/38Mb lim: 65536 exec/s: 431 rss: 460Mb L: 3791/65536 MS: 5 ChangeByte-ChangeByte-ChangeByte-CrossOver-EraseBytes-
#65216	REDUCE cov: 8926 ft: 53614 corp: 1871/38Mb lim: 65536 exec/s: 431 rss: 460Mb L: 4732/65536 MS: 1 EraseBytes-
#65221	REDUCE cov: 8926 ft: 53616 corp: 1872/38Mb lim: 65536 exec/s: 431 rss: 460Mb L: 10400/65536 MS: 5 CrossOver-ChangeBinInt-InsertRepeatedBytes-InsertByte-InsertByte-
#65262	REDUCE cov: 8926 ft: 53642 corp: 1873/38Mb lim: 65536 exec/s: 432 rss: 460Mb L: 11343/65536 MS: 1 CrossOver-
#65265	REDUCE cov: 8926 ft: 53650 corp: 1874/38Mb lim: 65536 exec/s: 432 rss: 460Mb L: 4208/65536 MS: 3 ChangeByte-ShuffleBytes-EraseBytes-
#65268	NEW    cov: 8926 ft: 53651 corp: 1875/38Mb lim: 65536 exec/s: 432 rss: 460Mb L: 10547/65536 MS: 3 InsertRepeatedBytes-InsertByte-CrossOver-
#65322	REDUCE cov: 8926 ft: 53651 corp: 1875/38Mb lim: 65536 exec/s: 432 rss: 460Mb L: 1249/65536 MS: 4 ChangeBit-PersAutoDict-InsertByte-EraseBytes- DE: "\231\357\001\000\200a\000\000"-
#65349	REDUCE cov: 8926 ft: 53651 corp: 1875/38Mb lim: 65536 exec/s: 432 rss: 460Mb L: 5581/65536 MS: 2 ChangeASCIIInt-EraseBytes-
#65385	REDUCE cov: 8926 ft: 53651 corp: 1875/38Mb lim: 65536 exec/s: 433 rss: 460Mb L: 15047/65536 MS: 1 EraseBytes-
#65393	REDUCE cov: 8926 ft: 53651 corp: 1875/38Mb lim: 65536 exec/s: 433 rss: 460Mb L: 3621/65536 MS: 3 InsertRepeatedBytes-PersAutoDict-EraseBytes- DE: "\003\376)\0000b\000\000"-
#65426	REDUCE cov: 8926 ft: 53651 corp: 1875/38Mb lim: 65536 exec/s: 433 rss: 460Mb L: 1977/65536 MS: 3 ChangeBit-InsertByte-EraseBytes-
#65438	REDUCE cov: 8926 ft: 53651 corp: 1875/38Mb lim: 65536 exec/s: 433 rss: 460Mb L: 11727/65536 MS: 2 ChangeBinInt-EraseBytes-
#65447	REDUCE cov: 8926 ft: 53651 corp: 1875/38Mb lim: 65536 exec/s: 433 rss: 460Mb L: 325/65536 MS: 4 ChangeByte-InsertByte-CrossOver-EraseBytes-
#65503	REDUCE cov: 8926 ft: 53651 corp: 1875/38Mb lim: 65536 exec/s: 433 rss: 460Mb L: 235/65536 MS: 1 EraseBytes-
#65511	NEW    cov: 8926 ft: 53652 corp: 1876/38Mb lim: 65536 exec/s: 433 rss: 460Mb L: 65450/65536 MS: 3 InsertRepeatedBytes-ChangeBit-CopyPart-
#65536	pulse  cov: 8926 ft: 53652 corp: 1876/38Mb lim: 65536 exec/s: 434 rss: 460Mb
#65602	NEW    cov: 8927 ft: 53653 corp: 1877/38Mb lim: 65536 exec/s: 431 rss: 460Mb L: 56787/65536 MS: 1 InsertByte-
#65608	REDUCE cov: 8927 ft: 53653 corp: 1877/38Mb lim: 65536 exec/s: 431 rss: 460Mb L: 13634/65536 MS: 1 EraseBytes-
#65637	REDUCE cov: 8927 ft: 53653 corp: 1877/38Mb lim: 65536 exec/s: 431 rss: 460Mb L: 3850/65536 MS: 4 ChangeBinInt-ChangeASCIIInt-InsertByte-EraseBytes-
#65642	REDUCE cov: 8927 ft: 53653 corp: 1877/38Mb lim: 65536 exec/s: 431 rss: 460Mb L: 24885/65536 MS: 5 ChangeBinInt-InsertRepeatedBytes-PersAutoDict-CMP-EraseBytes- DE: "&gnapprox;"-"\000\000b\340\000\257t\017"-
#65654	REDUCE cov: 8927 ft: 53653 corp: 1877/38Mb lim: 65536 exec/s: 431 rss: 460Mb L: 30010/65536 MS: 2 CrossOver-EraseBytes-
#65665	REDUCE cov: 8927 ft: 53653 corp: 1877/38Mb lim: 65536 exec/s: 432 rss: 460Mb L: 13282/65536 MS: 1 EraseBytes-
#65677	REDUCE cov: 8927 ft: 53653 corp: 1877/38Mb lim: 65536 exec/s: 432 rss: 460Mb L: 88/65536 MS: 2 ChangeByte-EraseBytes-
#65685	REDUCE cov: 8927 ft: 53653 corp: 1877/38Mb lim: 65536 exec/s: 432 rss: 460Mb L: 4127/65536 MS: 3 CMP-InsertRepeatedBytes-EraseBytes- DE: "&Diamond"-
#65731	REDUCE cov: 8927 ft: 53653 corp: 1877/38Mb lim: 65536 exec/s: 432 rss: 460Mb L: 30220/65536 MS: 1 CrossOver-
#65751	REDUCE cov: 8927 ft: 53654 corp: 1878/38Mb lim: 65536 exec/s: 432 rss: 460Mb L: 54269/65536 MS: 5 ChangeBinInt-ShuffleBytes-ChangeByte-CopyPart-CopyPart-
#65792	REDUCE cov: 8927 ft: 53654 corp: 1878/38Mb lim: 65536 exec/s: 432 rss: 460Mb L: 8720/65536 MS: 1 EraseBytes-
#65845	REDUCE cov: 8927 ft: 53654 corp: 1878/38Mb lim: 65536 exec/s: 433 rss: 460Mb L: 35495/65536 MS: 3 ChangeByte-InsertRepeatedBytes-EraseBytes-
#65877	REDUCE cov: 8927 ft: 53654 corp: 1878/38Mb lim: 65536 exec/s: 433 rss: 460Mb L: 16819/65536 MS: 2 ShuffleBytes-EraseBytes-
#65896	REDUCE cov: 8927 ft: 53654 corp: 1878/38Mb lim: 65536 exec/s: 433 rss: 460Mb L: 45004/65536 MS: 4 InsertRepeatedBytes-CopyPart-ChangeBinInt-CrossOver-
#65907	REDUCE cov: 8928 ft: 53655 corp: 1879/38Mb lim: 65536 exec/s: 433 rss: 460Mb L: 21303/65536 MS: 1 CopyPart-
#65912	NEW    cov: 8928 ft: 53748 corp: 1880/38Mb lim: 65536 exec/s: 433 rss: 460Mb L: 59221/65536 MS: 5 ChangeBinInt-CMP-ChangeByte-CopyPart-CopyPart- DE: "\002\000"-
#65929	REDUCE cov: 8928 ft: 53748 corp: 1880/38Mb lim: 65536 exec/s: 433 rss: 460Mb L: 55061/65536 MS: 2 ChangeByte-EraseBytes-
#65931	REDUCE cov: 8928 ft: 53748 corp: 1880/38Mb lim: 65536 exec/s: 433 rss: 460Mb L: 22199/65536 MS: 2 ChangeBinInt-EraseBytes-
#65956	REDUCE cov: 8928 ft: 53748 corp: 1880/38Mb lim: 65536 exec/s: 433 rss: 460Mb L: 5145/65536 MS: 5 ChangeBit-ChangeASCIIInt-ChangeByte-ShuffleBytes-EraseBytes-
#65988	NEW    cov: 8928 ft: 53751 corp: 1881/38Mb lim: 65536 exec/s: 434 rss: 460Mb L: 19588/65536 MS: 2 InsertRepeatedBytes-CopyPart-
#66002	REDUCE cov: 8928 ft: 53751 corp: 1881/38Mb lim: 65536 exec/s: 434 rss: 460Mb L: 358/65536 MS: 4 ShuffleBytes-InsertRepeatedBytes-ChangeByte-EraseBytes-
#66023	REDUCE cov: 8928 ft: 53751 corp: 1881/38Mb lim: 65536 exec/s: 434 rss: 460Mb L: 18815/65536 MS: 1 CrossOver-
#66026	NEW    cov: 8928 ft: 53752 corp: 1882/38Mb lim: 65536 exec/s: 431 rss: 460Mb L: 13545/65536 MS: 3 CrossOver-InsertByte-CopyPart-
#66042	REDUCE cov: 8928 ft: 53752 corp: 1882/38Mb lim: 65536 exec/s: 431 rss: 460Mb L: 17381/65536 MS: 1 EraseBytes-
#66081	REDUCE cov: 8928 ft: 53753 corp: 1883/38Mb lim: 65536 exec/s: 431 rss: 460Mb L: 62449/65536 MS: 4 ChangeBit-InsertByte-CrossOver-CopyPart-
#66100	NEW    cov: 8928 ft: 53758 corp: 1884/38Mb lim: 65536 exec/s: 432 rss: 460Mb L: 56661/65536 MS: 4 InsertByte-PersAutoDict-CopyPart-CopyPart- DE: "&hba"-
#66134	REDUCE cov: 8928 ft: 53758 corp: 1884/38Mb lim: 65536 exec/s: 432 rss: 460Mb L: 18834/65536 MS: 4 PersAutoDict-ChangeBinInt-InsertRepeatedBytes-EraseBytes- DE: "!l"-
#66154	REDUCE cov: 8928 ft: 53758 corp: 1884/38Mb lim: 65536 exec/s: 432 rss: 461Mb L: 19798/65536 MS: 5 ShuffleBytes-ChangeByte-CMP-ChangeBit-EraseBytes- DE: "ween"-
#66202	REDUCE cov: 8928 ft: 53758 corp: 1884/38Mb lim: 65536 exec/s: 432 rss: 461Mb L: 9340/65536 MS: 3 PersAutoDict-CrossOver-EraseBytes- DE: "%I"-
#66210	REDUCE cov: 8928 ft: 53758 corp: 1884/38Mb lim: 65536 exec/s: 432 rss: 461Mb L: 40835/65536 MS: 3 ShuffleBytes-InsertRepeatedBytes-EraseBytes-
#66247	REDUCE cov: 8928 ft: 53758 corp: 1884/38Mb lim: 65536 exec/s: 432 rss: 461Mb L: 20610/65536 MS: 2 InsertRepeatedBytes-EraseBytes-
#66350	REDUCE cov: 8928 ft: 53758 corp: 1884/38Mb lim: 65536 exec/s: 433 rss: 461Mb L: 60538/65536 MS: 3 InsertRepeatedBytes-ShuffleBytes-EraseBytes-
#66382	REDUCE cov: 8928 ft: 53758 corp: 1884/38Mb lim: 65536 exec/s: 433 rss: 461Mb L: 4191/65536 MS: 2 ChangeBit-EraseBytes-
#66406	REDUCE cov: 8928 ft: 53758 corp: 1884/38Mb lim: 65536 exec/s: 434 rss: 461Mb L: 20905/65536 MS: 4 ChangeASCIIInt-CrossOver-ShuffleBytes-EraseBytes-
#66437	REDUCE cov: 8928 ft: 53758 corp: 1884/38Mb lim: 65536 exec/s: 434 rss: 461Mb L: 6584/65536 MS: 1 EraseBytes-
#66492	REDUCE cov: 8928 ft: 53758 corp: 1884/38Mb lim: 65536 exec/s: 431 rss: 461Mb L: 28319/65536 MS: 5 ChangeBinInt-ShuffleBytes-InsertRepeatedBytes-ChangeBit-EraseBytes-
#66500	REDUCE cov: 8928 ft: 53758 corp: 1884/38Mb lim: 65536 exec/s: 431 rss: 461Mb L: 19037/65536 MS: 3 ChangeBinInt-ChangeBit-EraseBytes-
#66520	REDUCE cov: 8928 ft: 53758 corp: 1884/38Mb lim: 65536 exec/s: 431 rss: 461Mb L: 445/65536 MS: 5 CopyPart-InsertRepeatedBytes-ShuffleBytes-CMP-EraseBytes- DE: "https"-
#66583	REDUCE cov: 8928 ft: 53758 corp: 1884/38Mb lim: 65536 exec/s: 432 rss: 462Mb L: 12008/65536 MS: 3 CopyPart-InsertRepeatedBytes-EraseBytes-
#66633	REDUCE cov: 8928 ft: 53758 corp: 1884/38Mb lim: 65536 exec/s: 432 rss: 463Mb L: 6459/65536 MS: 5 InsertRepeatedBytes-CrossOver-PersAutoDict-ChangeBinInt-EraseBytes- DE: "\000\000b\240\000\210\033\332"-
#66639	REDUCE cov: 8928 ft: 53758 corp: 1884/38Mb lim: 65536 exec/s: 432 rss: 463Mb L: 9115/65536 MS: 1 EraseBytes-
#66645	REDUCE cov: 8928 ft: 53758 corp: 1884/38Mb lim: 65536 exec/s: 432 rss: 463Mb L: 72/65536 MS: 1 EraseBytes-
#66661	REDUCE cov: 8928 ft: 53758 corp: 1884/38Mb lim: 65536 exec/s: 432 rss: 463Mb L: 9268/65536 MS: 1 EraseBytes-
#66672	REDUCE cov: 8928 ft: 53758 corp: 1884/38Mb lim: 65536 exec/s: 432 rss: 463Mb L: 14121/65536 MS: 1 EraseBytes-
#66680	NEW    cov: 8928 ft: 53759 corp: 1885/38Mb lim: 65536 exec/s: 432 rss: 463Mb L: 13418/65536 MS: 3 ChangeASCIIInt-CrossOver-CopyPart-
#66708	NEW    cov: 8929 ft: 53760 corp: 1886/38Mb lim: 65536 exec/s: 433 rss: 463Mb L: 37670/65536 MS: 3 InsertRepeatedBytes-CopyPart-CMP- DE: "\357\273\277"-
#66728	REDUCE cov: 8929 ft: 53760 corp: 1886/38Mb lim: 65536 exec/s: 433 rss: 463Mb L: 57848/65536 MS: 5 CMP-InsertByte-InsertByte-CMP-CrossOver- DE: "_@\232\001\360b\000\000"-"\000\000c\000\000\304\374|"-
#66741	REDUCE cov: 8929 ft: 53760 corp: 1886/38Mb lim: 65536 exec/s: 433 rss: 463Mb L: 15703/65536 MS: 3 PersAutoDict-ChangeBinInt-EraseBytes- DE: "\000\000\177\376\266g\276<"-
#66748	REDUCE cov: 8929 ft: 53764 corp: 1887/38Mb lim: 65536 exec/s: 433 rss: 463Mb L: 32309/65536 MS: 2 ChangeASCIIInt-CopyPart-
#66762	REDUCE cov: 8929 ft: 53764 corp: 1887/38Mb lim: 65536 exec/s: 433 rss: 463Mb L: 11066/65536 MS: 4 PersAutoDict-CrossOver-ChangeBit-EraseBytes- DE: "\000\000b\300\000rp\353"-
#66794	NEW    cov: 8929 ft: 53788 corp: 1888/38Mb lim: 65536 exec/s: 433 rss: 463Mb L: 24965/65536 MS: 2 InsertByte-CopyPart-
#66801	REDUCE cov: 8929 ft: 53789 corp: 1889/38Mb lim: 65536 exec/s: 433 rss: 463Mb L: 28150/65536 MS: 2 CrossOver-CopyPart-
#66820	NEW    cov: 8929 ft: 53790 corp: 1890/38Mb lim: 65536 exec/s: 433 rss: 463Mb L: 50878/65536 MS: 4 PersAutoDict-ShuffleBytes-InsertRepeatedBytes-CopyPart- DE: "\275;\023\000\200b\000\000"-
#66839	REDUCE cov: 8929 ft: 53792 corp: 1891/38Mb lim: 65536 exec/s: 434 rss: 463Mb L: 1117/65536 MS: 4 EraseBytes-ChangeBit-ChangeBit-CMP- DE: "\014\000"-
#66897	REDUCE cov: 8929 ft: 53792 corp: 1891/38Mb lim: 65536 exec/s: 434 rss: 463Mb L: 28109/65536 MS: 3 ShuffleBytes-CopyPart-EraseBytes-
#66935	REDUCE cov: 8929 ft: 53792 corp: 1891/38Mb lim: 65536 exec/s: 431 rss: 463Mb L: 5025/65536 MS: 3 CMP-ChangeBinInt-EraseBytes- DE: "\000\010"-
#66937	REDUCE cov: 8929 ft: 53792 corp: 1891/38Mb lim: 65536 exec/s: 431 rss: 463Mb L: 38867/65536 MS: 2 ChangeBit-EraseBytes-
#66948	REDUCE cov: 8929 ft: 53792 corp: 1891/38Mb lim: 65536 exec/s: 431 rss: 463Mb L: 10719/65536 MS: 1 EraseBytes-
#66961	REDUCE cov: 8929 ft: 53792 corp: 1891/38Mb lim: 65536 exec/s: 432 rss: 463Mb L: 10100/65536 MS: 3 PersAutoDict-ChangeBit-EraseBytes- DE: "\377\377a\000\000\002n\247"-
#66972	REDUCE cov: 8929 ft: 53792 corp: 1891/38Mb lim: 65536 exec/s: 432 rss: 463Mb L: 7053/65536 MS: 1 EraseBytes-
#66991	REDUCE cov: 8929 ft: 53792 corp: 1891/38Mb lim: 65536 exec/s: 432 rss: 463Mb L: 16564/65536 MS: 4 CMP-PersAutoDict-CMP-EraseBytes- DE: "\000\000\036\337"-"(\000"-"\273R"-
#67029	REDUCE cov: 8929 ft: 53792 corp: 1891/38Mb lim: 65536 exec/s: 432 rss: 463Mb L: 8538/65536 MS: 3 ShuffleBytes-InsertRepeatedBytes-EraseBytes-
#67056	REDUCE cov: 8929 ft: 53792 corp: 1891/38Mb lim: 65536 exec/s: 432 rss: 463Mb L: 3515/65536 MS: 2 CopyPart-EraseBytes-
#67112	REDUCE cov: 8929 ft: 53792 corp: 1891/38Mb lim: 65536 exec/s: 432 rss: 463Mb L: 9003/65536 MS: 1 EraseBytes-
#67123	NEW    cov: 8929 ft: 53797 corp: 1892/38Mb lim: 65536 exec/s: 433 rss: 463Mb L: 653/65536 MS: 1 CrossOver-
#67139	REDUCE cov: 8929 ft: 53797 corp: 1892/38Mb lim: 65536 exec/s: 433 rss: 463Mb L: 5221/65536 MS: 1 EraseBytes-
#67171	REDUCE cov: 8929 ft: 53797 corp: 1892/38Mb lim: 65536 exec/s: 433 rss: 463Mb L: 42998/65536 MS: 2 ChangeBit-EraseBytes-
#67255	REDUCE cov: 8929 ft: 53797 corp: 1892/38Mb lim: 65536 exec/s: 433 rss: 463Mb L: 2932/65536 MS: 4 PersAutoDict-ChangeBinInt-CMP-EraseBytes- DE: "\260\375\267\001Pb\000\000"-"ity"-
#67288	REDUCE cov: 8929 ft: 53797 corp: 1892/38Mb lim: 65536 exec/s: 434 rss: 463Mb L: 31533/65536 MS: 3 ChangeBit-CrossOver-EraseBytes-
#67289	REDUCE cov: 8929 ft: 53797 corp: 1892/38Mb lim: 65536 exec/s: 434 rss: 463Mb L: 17164/65536 MS: 1 EraseBytes-
#67337	REDUCE cov: 8929 ft: 53797 corp: 1892/38Mb lim: 65536 exec/s: 434 rss: 463Mb L: 26566/65536 MS: 3 ChangeASCIIInt-ChangeASCIIInt-CrossOver-
#67352	NEW    cov: 8929 ft: 53810 corp: 1893/38Mb lim: 65536 exec/s: 434 rss: 463Mb L: 54136/65536 MS: 5 InsertByte-ChangeBinInt-ChangeBinInt-PersAutoDict-CopyPart- DE: "\001!"-
#67363	NEW    cov: 8929 ft: 53857 corp: 1894/38Mb lim: 65536 exec/s: 434 rss: 463Mb L: 64504/65536 MS: 1 ChangeBinInt-
#67382	NEW    cov: 8929 ft: 53870 corp: 1895/38Mb lim: 65536 exec/s: 434 rss: 463Mb L: 26128/65536 MS: 4 ChangeBinInt-InsertRepeatedBytes-CrossOver-CopyPart-
#67388	REDUCE cov: 8929 ft: 53870 corp: 1895/38Mb lim: 65536 exec/s: 434 rss: 463Mb L: 25034/65536 MS: 1 EraseBytes-
#67389	REDUCE cov: 8929 ft: 53870 corp: 1895/38Mb lim: 65536 exec/s: 434 rss: 463Mb L: 12096/65536 MS: 1 EraseBytes-
#67396	REDUCE cov: 8929 ft: 53870 corp: 1895/38Mb lim: 65536 exec/s: 432 rss: 463Mb L: 55301/65536 MS: 2 ChangeASCIIInt-EraseBytes-
#67401	REDUCE cov: 8929 ft: 53870 corp: 1895/38Mb lim: 65536 exec/s: 432 rss: 463Mb L: 25662/65536 MS: 5 CMP-InsertRepeatedBytes-CMP-ChangeBinInt-EraseBytes- DE: "6\000\000\000"-"&range"-
#67422	REDUCE cov: 8929 ft: 53870 corp: 1895/38Mb lim: 65536 exec/s: 432 rss: 463Mb L: 23187/65536 MS: 1 EraseBytes-
#67431	REDUCE cov: 8929 ft: 53870 corp: 1895/38Mb lim: 65536 exec/s: 432 rss: 463Mb L: 2727/65536 MS: 4 InsertByte-CMP-ChangeASCIIInt-EraseBytes- DE: "\000\000a \000\003!@"-
#67449	NEW    cov: 8929 ft: 53878 corp: 1896/38Mb lim: 65536 exec/s: 432 rss: 463Mb L: 8779/65536 MS: 3 PersAutoDict-ChangeBinInt-CopyPart- DE: "\001\000b\260\000_\300Q"-
#67561	REDUCE cov: 8929 ft: 53878 corp: 1896/38Mb lim: 65536 exec/s: 433 rss: 463Mb L: 3976/65536 MS: 2 CrossOver-EraseBytes-
#67627	REDUCE cov: 8929 ft: 53878 corp: 1896/38Mb lim: 65536 exec/s: 433 rss: 463Mb L: 85/65536 MS: 1 EraseBytes-
#67691	NEW    cov: 8929 ft: 53927 corp: 1897/38Mb lim: 65536 exec/s: 433 rss: 463Mb L: 22164/65536 MS: 4 ChangeBinInt-ChangeBinInt-CrossOver-CrossOver-
#67709	REDUCE cov: 8929 ft: 53927 corp: 1897/38Mb lim: 65536 exec/s: 434 rss: 463Mb L: 1769/65536 MS: 3 InsertRepeatedBytes-ChangeBit-EraseBytes-
#67759	REDUCE cov: 8929 ft: 53927 corp: 1897/38Mb lim: 65536 exec/s: 434 rss: 463Mb L: 12732/65536 MS: 5 CrossOver-PersAutoDict-CopyPart-InsertByte-EraseBytes- DE: "\001\000\000\000\000\000\000\000"-
#67766	NEW    cov: 8929 ft: 53928 corp: 1898/38Mb lim: 65536 exec/s: 434 rss: 463Mb L: 62736/65536 MS: 2 ChangeBinInt-CrossOver-
#67773	REDUCE cov: 8929 ft: 53928 corp: 1898/38Mb lim: 65536 exec/s: 434 rss: 463Mb L: 20657/65536 MS: 2 ChangeASCIIInt-EraseBytes-
#67818	REDUCE cov: 8929 ft: 53928 corp: 1898/38Mb lim: 65536 exec/s: 434 rss: 463Mb L: 17300/65536 MS: 5 InsertByte-InsertRepeatedBytes-InsertRepeatedBytes-ChangeByte-EraseBytes-
#67884	REDUCE cov: 8929 ft: 53928 corp: 1898/38Mb lim: 65536 exec/s: 435 rss: 463Mb L: 226/65536 MS: 1 EraseBytes-
#67920	REDUCE cov: 8929 ft: 53928 corp: 1898/38Mb lim: 65536 exec/s: 432 rss: 463Mb L: 27153/65536 MS: 1 EraseBytes-
#67956	REDUCE cov: 8929 ft: 53928 corp: 1898/38Mb lim: 65536 exec/s: 432 rss: 463Mb L: 71/65536 MS: 1 EraseBytes-
#68014	NEW    cov: 8929 ft: 53950 corp: 1899/38Mb lim: 65536 exec/s: 433 rss: 463Mb L: 1367/65536 MS: 3 InsertByte-ChangeBinInt-CopyPart-
#68045	REDUCE cov: 8929 ft: 53950 corp: 1899/38Mb lim: 65536 exec/s: 433 rss: 463Mb L: 753/65536 MS: 1 EraseBytes-
#68076	REDUCE cov: 8929 ft: 53950 corp: 1899/38Mb lim: 65536 exec/s: 433 rss: 463Mb L: 462/65536 MS: 1 EraseBytes-
#68096	NEW    cov: 8929 ft: 53951 corp: 1900/38Mb lim: 65536 exec/s: 433 rss: 463Mb L: 6793/65536 MS: 5 InsertByte-CopyPart-ChangeBit-PersAutoDict-CopyPart- DE: "\377\377a\320\000\243\032["-
#68100	REDUCE cov: 8929 ft: 53951 corp: 1900/38Mb lim: 65536 exec/s: 433 rss: 463Mb L: 36069/65536 MS: 4 InsertRepeatedBytes-ChangeASCIIInt-ChangeBit-EraseBytes-
#68101	REDUCE cov: 8929 ft: 53951 corp: 1900/38Mb lim: 65536 exec/s: 433 rss: 463Mb L: 317/65536 MS: 1 EraseBytes-
#68106	REDUCE cov: 8929 ft: 53951 corp: 1900/38Mb lim: 65536 exec/s: 433 rss: 463Mb L: 2127/65536 MS: 5 CopyPart-CMP-InsertRepeatedBytes-ShuffleBytes-EraseBytes- DE: "\037\000"-
#68129	REDUCE cov: 8929 ft: 53951 corp: 1900/38Mb lim: 65536 exec/s: 433 rss: 463Mb L: 41083/65536 MS: 3 InsertRepeatedBytes-InsertRepeatedBytes-EraseBytes-
#68134	REDUCE cov: 8929 ft: 53951 corp: 1900/38Mb lim: 65536 exec/s: 433 rss: 463Mb L: 33/65536 MS: 5 CMP-CMP-ChangeBinInt-CopyPart-EraseBytes- DE: "&gnapprox;"-"&ngE;"-
#68146	NEW    cov: 8929 ft: 53963 corp: 1901/38Mb lim: 65536 exec/s: 434 rss: 463Mb L: 61391/65536 MS: 2 CopyPart-CopyPart-
#68160	REDUCE cov: 8929 ft: 53963 corp: 1901/38Mb lim: 65536 exec/s: 434 rss: 463Mb L: 33612/65536 MS: 4 InsertByte-ChangeByte-ChangeBit-EraseBytes-
#68161	REDUCE cov: 8929 ft: 53963 corp: 1901/38Mb lim: 65536 exec/s: 434 rss: 463Mb L: 39665/65536 MS: 1 EraseBytes-
#68180	REDUCE cov: 8929 ft: 53963 corp: 1901/38Mb lim: 65536 exec/s: 434 rss: 463Mb L: 41315/65536 MS: 4 InsertByte-ShuffleBytes-CMP-EraseBytes- DE: "\036\000\000\000"-
#68199	REDUCE cov: 8929 ft: 53963 corp: 1901/38Mb lim: 65536 exec/s: 434 rss: 463Mb L: 6926/65536 MS: 4 ChangeBinInt-ChangeBit-CrossOver-EraseBytes-
#68242	NEW    cov: 8929 ft: 53964 corp: 1902/38Mb lim: 65536 exec/s: 434 rss: 463Mb L: 13284/65536 MS: 3 ChangeByte-InsertByte-CrossOver-
#68258	REDUCE cov: 8929 ft: 53964 corp: 1902/38Mb lim: 65536 exec/s: 434 rss: 463Mb L: 24403/65536 MS: 1 CrossOver-
#68293	REDUCE cov: 8929 ft: 53964 corp: 1902/38Mb lim: 65536 exec/s: 434 rss: 463Mb L: 314/65536 MS: 5 InsertRepeatedBytes-PersAutoDict-ChangeByte-ShuffleBytes-EraseBytes- DE: "\221\232\215\214"-
#68301	NEW    cov: 8932 ft: 53968 corp: 1903/38Mb lim: 65536 exec/s: 435 rss: 463Mb L: 64210/65536 MS: 3 ChangeASCIIInt-CrossOver-ChangeByte-
#68331	REDUCE cov: 8932 ft: 53976 corp: 1904/38Mb lim: 65536 exec/s: 435 rss: 463Mb L: 42979/65536 MS: 5 CopyPart-ChangeASCIIInt-ChangeBit-CrossOver-CrossOver-
#68394	REDUCE cov: 8932 ft: 53980 corp: 1905/38Mb lim: 65536 exec/s: 432 rss: 463Mb L: 21651/65536 MS: 3 InsertRepeatedBytes-ChangeBit-CopyPart-
#68404	REDUCE cov: 8932 ft: 53988 corp: 1906/38Mb lim: 65536 exec/s: 432 rss: 463Mb L: 57030/65536 MS: 5 ChangeBit-CopyPart-InsertRepeatedBytes-ChangeByte-CopyPart-
#68411	REDUCE cov: 8932 ft: 53988 corp: 1906/38Mb lim: 65536 exec/s: 432 rss: 463Mb L: 16303/65536 MS: 2 CMP-EraseBytes- DE: "&Hopf;"-
#68442	REDUCE cov: 8932 ft: 53993 corp: 1907/38Mb lim: 65536 exec/s: 433 rss: 463Mb L: 959/65536 MS: 1 CrossOver-
#68462	REDUCE cov: 8932 ft: 53993 corp: 1907/38Mb lim: 65536 exec/s: 433 rss: 463Mb L: 16127/65536 MS: 5 CrossOver-PersAutoDict-EraseBytes-InsertByte-EraseBytes- DE: "\001\000bP\001\241S\252"-
#68473	NEW    cov: 8932 ft: 53994 corp: 1908/38Mb lim: 65536 exec/s: 433 rss: 463Mb L: 7445/65536 MS: 1 CopyPart-
#68476	REDUCE cov: 8932 ft: 53994 corp: 1908/38Mb lim: 65536 exec/s: 433 rss: 463Mb L: 18239/65536 MS: 3 ChangeBit-ChangeByte-EraseBytes-
#68501	NEW    cov: 8932 ft: 53995 corp: 1909/38Mb lim: 65536 exec/s: 433 rss: 463Mb L: 27648/65536 MS: 5 ShuffleBytes-ChangeASCIIInt-ChangeASCIIInt-InsertRepeatedBytes-CrossOver-
#68522	NEW    cov: 8932 ft: 53996 corp: 1910/38Mb lim: 65536 exec/s: 433 rss: 463Mb L: 43272/65536 MS: 1 CopyPart-
#68529	NEW    cov: 8933 ft: 53997 corp: 1911/38Mb lim: 65536 exec/s: 433 rss: 463Mb L: 59222/65536 MS: 2 InsertByte-ChangeByte-
#68532	REDUCE cov: 8933 ft: 53997 corp: 1911/38Mb lim: 65536 exec/s: 433 rss: 463Mb L: 31668/65536 MS: 3 CrossOver-ChangeByte-EraseBytes-
#68537	REDUCE cov: 8933 ft: 53997 corp: 1911/38Mb lim: 65536 exec/s: 433 rss: 463Mb L: 39488/65536 MS: 5 PersAutoDict-ChangeBit-InsertRepeatedBytes-PersAutoDict-EraseBytes- DE: "&gnap"-"\000\000"-
#68584	NEW    cov: 8935 ft: 53999 corp: 1912/38Mb lim: 65536 exec/s: 434 rss: 463Mb L: 43001/65536 MS: 2 ChangeBinInt-CrossOver-
#68587	REDUCE cov: 8935 ft: 53999 corp: 1912/38Mb lim: 65536 exec/s: 434 rss: 463Mb L: 43721/65536 MS: 3 CopyPart-ShuffleBytes-EraseBytes-
#68594	REDUCE cov: 8935 ft: 53999 corp: 1912/38Mb lim: 65536 exec/s: 434 rss: 463Mb L: 3754/65536 MS: 2 ChangeASCIIInt-EraseBytes-
#68657	REDUCE cov: 8935 ft: 53999 corp: 1912/38Mb lim: 65536 exec/s: 434 rss: 463Mb L: 3822/65536 MS: 3 InsertByte-CrossOver-EraseBytes-
#68669	NEW    cov: 8935 ft: 54003 corp: 1913/38Mb lim: 65536 exec/s: 434 rss: 463Mb L: 8774/65536 MS: 2 ChangeASCIIInt-CopyPart-
#68671	REDUCE cov: 8935 ft: 54004 corp: 1914/39Mb lim: 65536 exec/s: 434 rss: 463Mb L: 31900/65536 MS: 2 ChangeBit-CrossOver-
#68685	REDUCE cov: 8935 ft: 54004 corp: 1914/39Mb lim: 65536 exec/s: 434 rss: 463Mb L: 19018/65536 MS: 4 ChangeByte-ChangeBit-CMP-EraseBytes- DE: "http"-
#68686	REDUCE cov: 8935 ft: 54004 corp: 1914/38Mb lim: 65536 exec/s: 434 rss: 463Mb L: 13044/65536 MS: 1 EraseBytes-
#68732	REDUCE cov: 8935 ft: 54004 corp: 1914/38Mb lim: 65536 exec/s: 435 rss: 463Mb L: 51301/65536 MS: 1 EraseBytes-
#68768	REDUCE cov: 8935 ft: 54004 corp: 1914/38Mb lim: 65536 exec/s: 435 rss: 463Mb L: 31304/65536 MS: 1 EraseBytes-
#68800	REDUCE cov: 8935 ft: 54004 corp: 1914/38Mb lim: 65536 exec/s: 432 rss: 463Mb L: 146/65536 MS: 2 CrossOver-EraseBytes-
#68833	REDUCE cov: 8935 ft: 54004 corp: 1914/38Mb lim: 65536 exec/s: 432 rss: 463Mb L: 37146/65536 MS: 3 ChangeASCIIInt-CrossOver-EraseBytes-
#68914	REDUCE cov: 8935 ft: 54004 corp: 1914/38Mb lim: 65536 exec/s: 433 rss: 463Mb L: 107/65536 MS: 1 EraseBytes-
#68919	REDUCE cov: 8935 ft: 54004 corp: 1914/38Mb lim: 65536 exec/s: 433 rss: 463Mb L: 40930/65536 MS: 5 CrossOver-CopyPart-InsertByte-ChangeBinInt-EraseBytes-
#68965	NEW    cov: 8935 ft: 54007 corp: 1915/39Mb lim: 65536 exec/s: 433 rss: 463Mb L: 55038/65536 MS: 1 CopyPart-
#69010	REDUCE cov: 8935 ft: 54007 corp: 1915/39Mb lim: 65536 exec/s: 434 rss: 463Mb L: 4118/65536 MS: 5 ChangeASCIIInt-ChangeBinInt-ChangeBit-CMP-EraseBytes- DE: "\357\273\277"-
#69027	REDUCE cov: 8935 ft: 54007 corp: 1915/39Mb lim: 65536 exec/s: 434 rss: 463Mb L: 43619/65536 MS: 2 ChangeASCIIInt-EraseBytes-
#69029	REDUCE cov: 8935 ft: 54007 corp: 1915/39Mb lim: 65536 exec/s: 434 rss: 463Mb L: 4948/65536 MS: 2 ChangeBinInt-EraseBytes-
#69035	REDUCE cov: 8935 ft: 54007 corp: 1915/39Mb lim: 65536 exec/s: 434 rss: 463Mb L: 2160/65536 MS: 1 EraseBytes-
#69081	NEW    cov: 8935 ft: 54021 corp: 1916/39Mb lim: 65536 exec/s: 434 rss: 463Mb L: 60558/65536 MS: 1 CopyPart-
#69089	REDUCE cov: 8935 ft: 54021 corp: 1916/39Mb lim: 65536 exec/s: 434 rss: 463Mb L: 15759/65536 MS: 3 InsertRepeatedBytes-ChangeASCIIInt-EraseBytes-
#69101	REDUCE cov: 8935 ft: 54021 corp: 1916/39Mb lim: 65536 exec/s: 434 rss: 463Mb L: 8734/65536 MS: 2 ShuffleBytes-EraseBytes-
#69172	REDUCE cov: 8935 ft: 54021 corp: 1916/39Mb lim: 65536 exec/s: 435 rss: 463Mb L: 12391/65536 MS: 1 EraseBytes-
#69221	REDUCE cov: 8935 ft: 54021 corp: 1916/39Mb lim: 65536 exec/s: 435 rss: 463Mb L: 824/65536 MS: 4 ChangeByte-ChangeBinInt-CrossOver-EraseBytes-
#69227	REDUCE cov: 8935 ft: 54021 corp: 1916/39Mb lim: 65536 exec/s: 435 rss: 463Mb L: 77/65536 MS: 1 EraseBytes-
#69250	REDUCE cov: 8935 ft: 54021 corp: 1916/39Mb lim: 65536 exec/s: 435 rss: 463Mb L: 10276/65536 MS: 3 ShuffleBytes-CMP-EraseBytes- DE: "@\000"-
#69255	REDUCE cov: 8935 ft: 54021 corp: 1916/39Mb lim: 65536 exec/s: 435 rss: 463Mb L: 13732/65536 MS: 5 ChangeBit-ShuffleBytes-ChangeByte-CMP-EraseBytes- DE: "\001="-
#69262	REDUCE cov: 8935 ft: 54021 corp: 1916/39Mb lim: 65536 exec/s: 435 rss: 463Mb L: 63/65536 MS: 2 ShuffleBytes-EraseBytes-
#69284	NEW    cov: 8935 ft: 54053 corp: 1917/39Mb lim: 65536 exec/s: 435 rss: 463Mb L: 9791/65536 MS: 2 InsertRepeatedBytes-ChangeBit-
#69337	REDUCE cov: 8935 ft: 54053 corp: 1917/39Mb lim: 65536 exec/s: 433 rss: 463Mb L: 3244/65536 MS: 3 CopyPart-InsertRepeatedBytes-EraseBytes-
#69393	REDUCE cov: 8935 ft: 54053 corp: 1917/39Mb lim: 65536 exec/s: 433 rss: 463Mb L: 1512/65536 MS: 1 EraseBytes-
#69399	REDUCE cov: 8935 ft: 54054 corp: 1918/39Mb lim: 65536 exec/s: 433 rss: 463Mb L: 44729/65536 MS: 1 CopyPart-
#69400	NEW    cov: 8935 ft: 54062 corp: 1919/39Mb lim: 65536 exec/s: 433 rss: 463Mb L: 8752/65536 MS: 1 InsertByte-
#69447	REDUCE cov: 8935 ft: 54062 corp: 1919/39Mb lim: 65536 exec/s: 434 rss: 463Mb L: 26459/65536 MS: 2 CopyPart-EraseBytes-
#69448	REDUCE cov: 8935 ft: 54062 corp: 1919/39Mb lim: 65536 exec/s: 434 rss: 463Mb L: 32582/65536 MS: 1 CrossOver-
#69550	REDUCE cov: 8935 ft: 54062 corp: 1919/39Mb lim: 65536 exec/s: 434 rss: 463Mb L: 21676/65536 MS: 2 InsertByte-EraseBytes-
#69563	REDUCE cov: 8935 ft: 54062 corp: 1919/39Mb lim: 65536 exec/s: 434 rss: 463Mb L: 4675/65536 MS: 3 ChangeASCIIInt-CrossOver-CrossOver-
#69584	REDUCE cov: 8935 ft: 54062 corp: 1919/39Mb lim: 65536 exec/s: 434 rss: 463Mb L: 14245/65536 MS: 1 EraseBytes-
#69599	REDUCE cov: 8935 ft: 54062 corp: 1919/39Mb lim: 65536 exec/s: 434 rss: 463Mb L: 6073/65536 MS: 5 ShuffleBytes-ChangeASCIIInt-ChangeASCIIInt-ChangeByte-EraseBytes-
#69636	REDUCE cov: 8935 ft: 54062 corp: 1919/39Mb lim: 65536 exec/s: 435 rss: 463Mb L: 2345/65536 MS: 2 ChangeByte-EraseBytes-
#69652	NEW    cov: 8935 ft: 54080 corp: 1920/39Mb lim: 65536 exec/s: 435 rss: 463Mb L: 65536/65536 MS: 1 CrossOver-
#69770	REDUCE cov: 8935 ft: 54080 corp: 1920/39Mb lim: 65536 exec/s: 436 rss: 463Mb L: 23083/65536 MS: 3 ChangeBit-ChangeByte-EraseBytes-
#69789	REDUCE cov: 8935 ft: 54080 corp: 1920/39Mb lim: 65536 exec/s: 436 rss: 463Mb L: 397/65536 MS: 4 InsertByte-ChangeByte-InsertByte-EraseBytes-
#69795	NEW    cov: 8939 ft: 54090 corp: 1921/39Mb lim: 65536 exec/s: 436 rss: 463Mb L: 26178/65536 MS: 1 CrossOver-
#69801	REDUCE cov: 8939 ft: 54090 corp: 1921/39Mb lim: 65536 exec/s: 436 rss: 463Mb L: 28856/65536 MS: 1 EraseBytes-
#69820	REDUCE cov: 8939 ft: 54090 corp: 1921/39Mb lim: 65536 exec/s: 433 rss: 463Mb L: 2859/65536 MS: 4 CopyPart-CrossOver-CopyPart-EraseBytes-
#69831	REDUCE cov: 8939 ft: 54090 corp: 1921/39Mb lim: 65536 exec/s: 433 rss: 463Mb L: 2529/65536 MS: 1 EraseBytes-
#69914	REDUCE cov: 8939 ft: 54090 corp: 1921/39Mb lim: 65536 exec/s: 434 rss: 463Mb L: 48898/65536 MS: 3 InsertByte-ChangeBinInt-EraseBytes-
#69944	REDUCE cov: 8939 ft: 54091 corp: 1922/39Mb lim: 65536 exec/s: 434 rss: 463Mb L: 19661/65536 MS: 5 InsertByte-CopyPart-InsertRepeatedBytes-ChangeByte-CrossOver-
#69958	NEW    cov: 8940 ft: 54092 corp: 1923/39Mb lim: 65536 exec/s: 434 rss: 463Mb L: 5940/65536 MS: 4 CrossOver-InsertRepeatedBytes-InsertRepeatedBytes-CrossOver-
#70049	REDUCE cov: 8940 ft: 54092 corp: 1923/39Mb lim: 65536 exec/s: 435 rss: 463Mb L: 15796/65536 MS: 1 EraseBytes-
#70111	REDUCE cov: 8940 ft: 54108 corp: 1924/39Mb lim: 65536 exec/s: 435 rss: 463Mb L: 49832/65536 MS: 2 ShuffleBytes-CopyPart-
#70134	NEW    cov: 8940 ft: 54113 corp: 1925/39Mb lim: 65536 exec/s: 435 rss: 463Mb L: 50508/65536 MS: 3 ChangeByte-CrossOver-EraseBytes-
#70181	REDUCE cov: 8940 ft: 54113 corp: 1925/39Mb lim: 65536 exec/s: 435 rss: 463Mb L: 40815/65536 MS: 2 ChangeByte-EraseBytes-
#70208	REDUCE cov: 8940 ft: 54113 corp: 1925/39Mb lim: 65536 exec/s: 436 rss: 463Mb L: 25450/65536 MS: 2 CrossOver-EraseBytes-
#70219	REDUCE cov: 8940 ft: 54113 corp: 1925/39Mb lim: 65536 exec/s: 436 rss: 463Mb L: 1210/65536 MS: 1 EraseBytes-
#70220	REDUCE cov: 8940 ft: 54113 corp: 1925/39Mb lim: 65536 exec/s: 436 rss: 463Mb L: 42765/65536 MS: 1 CrossOver-
#70271	REDUCE cov: 8940 ft: 54113 corp: 1925/39Mb lim: 65536 exec/s: 433 rss: 463Mb L: 17308/65536 MS: 1 EraseBytes-
#70351	REDUCE cov: 8940 ft: 54113 corp: 1925/39Mb lim: 65536 exec/s: 434 rss: 463Mb L: 3534/65536 MS: 5 ChangeASCIIInt-ChangeBit-ChangeBinInt-CrossOver-EraseBytes-
#70357	REDUCE cov: 8940 ft: 54113 corp: 1925/39Mb lim: 65536 exec/s: 434 rss: 463Mb L: 784/65536 MS: 1 EraseBytes-
#70379	REDUCE cov: 8940 ft: 54113 corp: 1925/39Mb lim: 65536 exec/s: 434 rss: 463Mb L: 6407/65536 MS: 2 CopyPart-EraseBytes-
#70440	REDUCE cov: 8940 ft: 54113 corp: 1925/39Mb lim: 65536 exec/s: 434 rss: 463Mb L: 23170/65536 MS: 1 EraseBytes-
#70466	REDUCE cov: 8940 ft: 54113 corp: 1925/39Mb lim: 65536 exec/s: 434 rss: 463Mb L: 38626/65536 MS: 1 EraseBytes-
#70468	REDUCE cov: 8940 ft: 54113 corp: 1925/39Mb lim: 65536 exec/s: 434 rss: 463Mb L: 40049/65536 MS: 2 ChangeASCIIInt-EraseBytes-
#70514	REDUCE cov: 8940 ft: 54113 corp: 1925/39Mb lim: 65536 exec/s: 435 rss: 463Mb L: 22584/65536 MS: 1 EraseBytes-
#70542	REDUCE cov: 8940 ft: 54113 corp: 1925/39Mb lim: 65536 exec/s: 435 rss: 463Mb L: 38783/65536 MS: 3 CrossOver-ChangeASCIIInt-EraseBytes-
#70563	REDUCE cov: 8940 ft: 54113 corp: 1925/39Mb lim: 65536 exec/s: 435 rss: 464Mb L: 180/65536 MS: 1 EraseBytes-
#70578	NEW    cov: 8940 ft: 54118 corp: 1926/39Mb lim: 65536 exec/s: 435 rss: 464Mb L: 63571/65536 MS: 5 ChangeASCIIInt-ChangeBit-ChangeBinInt-PersAutoDict-CopyPart- DE: "\246=F\001Pb\000\000"-
#70590	REDUCE cov: 8940 ft: 54118 corp: 1926/39Mb lim: 65536 exec/s: 435 rss: 464Mb L: 3888/65536 MS: 2 ChangeByte-EraseBytes-
#70686	REDUCE cov: 8940 ft: 54118 corp: 1926/39Mb lim: 65536 exec/s: 436 rss: 465Mb L: 10120/65536 MS: 1 EraseBytes-
#70711	NEW    cov: 8940 ft: 54144 corp: 1927/39Mb lim: 65536 exec/s: 433 rss: 465Mb L: 64671/65536 MS: 5 ChangeBit-CMP-ChangeBit-InsertRepeatedBytes-CopyPart- DE: "W\277z\001\320b\000\000"-
#70763	REDUCE cov: 8940 ft: 54144 corp: 1927/39Mb lim: 65536 exec/s: 434 rss: 465Mb L: 9775/65536 MS: 2 ChangeASCIIInt-EraseBytes-
#70821	REDUCE cov: 8940 ft: 54144 corp: 1927/39Mb lim: 65536 exec/s: 434 rss: 465Mb L: 4358/65536 MS: 3 ShuffleBytes-InsertByte-EraseBytes-
#70827	REDUCE cov: 8940 ft: 54144 corp: 1927/39Mb lim: 65536 exec/s: 434 rss: 465Mb L: 19411/65536 MS: 1 EraseBytes-
#70843	REDUCE cov: 8941 ft: 54145 corp: 1928/39Mb lim: 65536 exec/s: 434 rss: 465Mb L: 316/65536 MS: 1 CrossOver-
#70849	REDUCE cov: 8941 ft: 54145 corp: 1928/39Mb lim: 65536 exec/s: 434 rss: 465Mb L: 51960/65536 MS: 1 EraseBytes-
#70872	NEW    cov: 8941 ft: 54155 corp: 1929/39Mb lim: 65536 exec/s: 434 rss: 465Mb L: 55654/65536 MS: 3 CrossOver-ChangeASCIIInt-CopyPart-
#70904	REDUCE cov: 8941 ft: 54156 corp: 1930/39Mb lim: 65536 exec/s: 434 rss: 465Mb L: 2873/65536 MS: 2 ShuffleBytes-EraseBytes-
#70926	REDUCE cov: 8941 ft: 54156 corp: 1930/39Mb lim: 65536 exec/s: 435 rss: 465Mb L: 4658/65536 MS: 2 ChangeASCIIInt-EraseBytes-
#70979	REDUCE cov: 8941 ft: 54175 corp: 1931/39Mb lim: 65536 exec/s: 435 rss: 465Mb L: 34452/65536 MS: 3 ChangeBinInt-ChangeBit-CrossOver-
#71002	REDUCE cov: 8941 ft: 54175 corp: 1931/39Mb lim: 65536 exec/s: 435 rss: 465Mb L: 14780/65536 MS: 3 CMP-CMP-EraseBytes- DE: "ftp"-"\0003"-
#71088	REDUCE cov: 8941 ft: 54175 corp: 1931/39Mb lim: 65536 exec/s: 436 rss: 465Mb L: 25575/65536 MS: 1 EraseBytes-
#71124	REDUCE cov: 8941 ft: 54175 corp: 1931/39Mb lim: 65536 exec/s: 436 rss: 466Mb L: 26423/65536 MS: 1 EraseBytes-
#71143	REDUCE cov: 8941 ft: 54175 corp: 1931/39Mb lim: 65536 exec/s: 436 rss: 466Mb L: 28049/65536 MS: 4 ChangeBit-CMP-ShuffleBytes-EraseBytes- DE: "&Hilbe"-
#71206	REDUCE cov: 8941 ft: 54176 corp: 1932/39Mb lim: 65536 exec/s: 436 rss: 466Mb L: 26486/65536 MS: 3 InsertByte-CrossOver-InsertByte-
#71280	REDUCE cov: 8941 ft: 54176 corp: 1932/39Mb lim: 65536 exec/s: 434 rss: 466Mb L: 7043/65536 MS: 4 PersAutoDict-InsertByte-ShuffleBytes-EraseBytes- DE: "\275;\023\000\200b\000\000"-
#71317	REDUCE cov: 8941 ft: 54176 corp: 1932/39Mb lim: 65536 exec/s: 434 rss: 466Mb L: 13189/65536 MS: 2 CrossOver-EraseBytes-
#71354	REDUCE cov: 8941 ft: 54176 corp: 1932/39Mb lim: 65536 exec/s: 435 rss: 466Mb L: 8303/65536 MS: 2 PersAutoDict-EraseBytes- DE: "\036\356"-
#71359	REDUCE cov: 8941 ft: 54176 corp: 1932/39Mb lim: 65536 exec/s: 435 rss: 466Mb L: 40420/65536 MS: 5 CopyPart-InsertRepeatedBytes-InsertByte-InsertRepeatedBytes-EraseBytes-
#71422	NEW    cov: 8942 ft: 54177 corp: 1933/39Mb lim: 65536 exec/s: 435 rss: 466Mb L: 4553/65536 MS: 3 ChangeASCIIInt-CopyPart-InsertRepeatedBytes-
#71428	REDUCE cov: 8942 ft: 54177 corp: 1933/39Mb lim: 65536 exec/s: 435 rss: 466Mb L: 9340/65536 MS: 1 EraseBytes-
#71450	REDUCE cov: 8942 ft: 54177 corp: 1933/39Mb lim: 65536 exec/s: 435 rss: 466Mb L: 27568/65536 MS: 2 InsertByte-EraseBytes-
#71548	REDUCE cov: 8942 ft: 54178 corp: 1934/39Mb lim: 65536 exec/s: 436 rss: 466Mb L: 62337/65536 MS: 3 CMP-ChangeBinInt-CrossOver- DE: "\000\000b\240\000u_k"-
#71606	REDUCE cov: 8942 ft: 54179 corp: 1935/39Mb lim: 65536 exec/s: 436 rss: 466Mb L: 8802/65536 MS: 3 EraseBytes-ChangeByte-CrossOver-
#71676	REDUCE cov: 8942 ft: 54179 corp: 1935/39Mb lim: 65536 exec/s: 437 rss: 466Mb L: 6265/65536 MS: 5 ChangeASCIIInt-ChangeASCIIInt-ChangeBit-InsertByte-EraseBytes-
#71705	REDUCE cov: 8942 ft: 54179 corp: 1935/39Mb lim: 65536 exec/s: 437 rss: 466Mb L: 1137/65536 MS: 4 ChangeBinInt-ChangeASCIIInt-ChangeBinInt-EraseBytes-
#71741	REDUCE cov: 8942 ft: 54179 corp: 1935/39Mb lim: 65536 exec/s: 437 rss: 466Mb L: 22714/65536 MS: 1 EraseBytes-
#71750	REDUCE cov: 8942 ft: 54179 corp: 1935/39Mb lim: 65536 exec/s: 434 rss: 466Mb L: 41683/65536 MS: 4 ChangeByte-PersAutoDict-InsertByte-EraseBytes- DE: "\001\000bP\001\241S\252"-
#71751	REDUCE cov: 8942 ft: 54179 corp: 1935/39Mb lim: 65536 exec/s: 434 rss: 466Mb L: 28437/65536 MS: 1 EraseBytes-
#71758	REDUCE cov: 8942 ft: 54179 corp: 1935/39Mb lim: 65536 exec/s: 434 rss: 466Mb L: 8717/65536 MS: 2 InsertRepeatedBytes-EraseBytes-
#71772	REDUCE cov: 8942 ft: 54179 corp: 1935/39Mb lim: 65536 exec/s: 434 rss: 466Mb L: 2402/65536 MS: 4 ChangeBinInt-ChangeBit-CopyPart-EraseBytes-
#71781	REDUCE cov: 8942 ft: 54180 corp: 1936/39Mb lim: 65536 exec/s: 435 rss: 466Mb L: 61155/65536 MS: 4 ChangeBinInt-CopyPart-InsertRepeatedBytes-CopyPart-
#71788	REDUCE cov: 8942 ft: 54180 corp: 1936/39Mb lim: 65536 exec/s: 435 rss: 466Mb L: 2545/65536 MS: 2 InsertByte-EraseBytes-
#71801	REDUCE cov: 8942 ft: 54180 corp: 1936/39Mb lim: 65536 exec/s: 435 rss: 466Mb L: 1522/65536 MS: 3 ChangeBit-ChangeByte-EraseBytes-
#71872	REDUCE cov: 8942 ft: 54180 corp: 1936/39Mb lim: 65536 exec/s: 435 rss: 466Mb L: 8722/65536 MS: 1 EraseBytes-
#71880	REDUCE cov: 8942 ft: 54180 corp: 1936/39Mb lim: 65536 exec/s: 435 rss: 466Mb L: 14292/65536 MS: 3 ChangeBinInt-PersAutoDict-EraseBytes- DE: "ies"-
#71893	REDUCE cov: 8942 ft: 54180 corp: 1936/39Mb lim: 65536 exec/s: 435 rss: 466Mb L: 5016/65536 MS: 3 InsertByte-InsertRepeatedBytes-EraseBytes-
#71896	REDUCE cov: 8942 ft: 54187 corp: 1937/39Mb lim: 65536 exec/s: 435 rss: 466Mb L: 32083/65536 MS: 3 CopyPart-ChangeBit-CMP- DE: "<![CDATA["-
#71932	REDUCE cov: 8942 ft: 54187 corp: 1937/39Mb lim: 65536 exec/s: 435 rss: 466Mb L: 17045/65536 MS: 1 EraseBytes-
#71967	REDUCE cov: 8942 ft: 54187 corp: 1937/39Mb lim: 65536 exec/s: 436 rss: 466Mb L: 33604/65536 MS: 5 ShuffleBytes-CopyPart-PersAutoDict-CopyPart-EraseBytes- DE: "\000\000b\340\000\006\270\232"-
#72016	REDUCE cov: 8942 ft: 54187 corp: 1937/39Mb lim: 65536 exec/s: 436 rss: 466Mb L: 39816/65536 MS: 4 InsertRepeatedBytes-ChangeByte-CopyPart-EraseBytes-
#72023	REDUCE cov: 8942 ft: 54187 corp: 1937/39Mb lim: 65536 exec/s: 436 rss: 466Mb L: 8349/65536 MS: 2 PersAutoDict-EraseBytes- DE: "\377\377\377\010"-
#72046	REDUCE cov: 8942 ft: 54187 corp: 1937/39Mb lim: 65536 exec/s: 436 rss: 466Mb L: 212/65536 MS: 3 ShuffleBytes-ShuffleBytes-EraseBytes-
#72067	REDUCE cov: 8942 ft: 54187 corp: 1937/39Mb lim: 65536 exec/s: 436 rss: 466Mb L: 2784/65536 MS: 1 EraseBytes-
#72069	REDUCE cov: 8942 ft: 54187 corp: 1937/39Mb lim: 65536 exec/s: 436 rss: 466Mb L: 360/65536 MS: 2 InsertRepeatedBytes-EraseBytes-
#72105	REDUCE cov: 8942 ft: 54187 corp: 1937/39Mb lim: 65536 exec/s: 437 rss: 466Mb L: 10705/65536 MS: 1 EraseBytes-
#72115	NEW    cov: 8942 ft: 54188 corp: 1938/39Mb lim: 65536 exec/s: 437 rss: 466Mb L: 192/65536 MS: 5 CrossOver-CMP-InsertByte-ChangeByte-CopyPart- DE: "\377\377\377\377"-
#72124	REDUCE cov: 8942 ft: 54188 corp: 1938/39Mb lim: 65536 exec/s: 437 rss: 466Mb L: 2716/65536 MS: 4 ChangeBit-CrossOver-ChangeBit-EraseBytes-
#72197	REDUCE cov: 8942 ft: 54188 corp: 1938/39Mb lim: 65536 exec/s: 437 rss: 466Mb L: 21195/65536 MS: 3 InsertRepeatedBytes-CMP-EraseBytes- DE: "\001\000\000\000"-
#72217	REDUCE cov: 8942 ft: 54188 corp: 1938/39Mb lim: 65536 exec/s: 437 rss: 466Mb L: 32135/65536 MS: 5 ChangeByte-ChangeByte-ShuffleBytes-CopyPart-EraseBytes-
#72220	REDUCE cov: 8942 ft: 54188 corp: 1938/39Mb lim: 65536 exec/s: 437 rss: 466Mb L: 12942/65536 MS: 3 PersAutoDict-ChangeBinInt-EraseBytes- DE: "\377\377a@\000(\334X"-
#72238	REDUCE cov: 8942 ft: 54188 corp: 1938/39Mb lim: 65536 exec/s: 435 rss: 466Mb L: 15428/65536 MS: 3 CopyPart-InsertRepeatedBytes-EraseBytes-
#72293	REDUCE cov: 8942 ft: 54188 corp: 1938/39Mb lim: 65536 exec/s: 435 rss: 466Mb L: 10310/65536 MS: 5 ChangeBinInt-InsertRepeatedBytes-ChangeBit-ChangeBinInt-EraseBytes-
#72294	REDUCE cov: 8942 ft: 54188 corp: 1938/39Mb lim: 65536 exec/s: 435 rss: 466Mb L: 5047/65536 MS: 1 EraseBytes-
#72314	REDUCE cov: 8942 ft: 54188 corp: 1938/39Mb lim: 65536 exec/s: 435 rss: 466Mb L: 1758/65536 MS: 5 InsertRepeatedBytes-ChangeBinInt-ChangeByte-InsertByte-EraseBytes-
#72319	REDUCE cov: 8942 ft: 54188 corp: 1938/39Mb lim: 65536 exec/s: 435 rss: 466Mb L: 383/65536 MS: 5 ChangeByte-ChangeBinInt-ChangeBit-InsertRepeatedBytes-EraseBytes-
#72360	REDUCE cov: 8942 ft: 54188 corp: 1938/39Mb lim: 65536 exec/s: 435 rss: 466Mb L: 33453/65536 MS: 1 EraseBytes-
#72462	REDUCE cov: 8942 ft: 54188 corp: 1938/39Mb lim: 65536 exec/s: 436 rss: 466Mb L: 20984/65536 MS: 2 ChangeByte-EraseBytes-
#72490	REDUCE cov: 8942 ft: 54188 corp: 1938/39Mb lim: 65536 exec/s: 436 rss: 466Mb L: 12404/65536 MS: 3 CMP-ChangeByte-EraseBytes- DE: "\377\377a\360\001\024a\203"-
#72538	REDUCE cov: 8942 ft: 54188 corp: 1938/39Mb lim: 65536 exec/s: 436 rss: 466Mb L: 17549/65536 MS: 3 ChangeBit-PersAutoDict-EraseBytes- DE: "\011\000\000\000"-
#72542	REDUCE cov: 8942 ft: 54188 corp: 1938/39Mb lim: 65536 exec/s: 437 rss: 466Mb L: 1740/65536 MS: 4 CMP-CMP-PersAutoDict-EraseBytes- DE: "\001 "-"language-"-"\312\011\001\000@a\000\000"-
#72610	REDUCE cov: 8942 ft: 54188 corp: 1938/39Mb lim: 65536 exec/s: 437 rss: 466Mb L: 43761/65536 MS: 3 CMP-ChangeBit-EraseBytes- DE: "\214\346q\001\320b\000\000"-
#72617	NEW    cov: 8943 ft: 54192 corp: 1939/39Mb lim: 65536 exec/s: 437 rss: 466Mb L: 4218/65536 MS: 2 ChangeBinInt-InsertRepeatedBytes-
#72642	REDUCE cov: 8943 ft: 54192 corp: 1939/39Mb lim: 65536 exec/s: 437 rss: 466Mb L: 5821/65536 MS: 5 InsertByte-CMP-InsertByte-PersAutoDict-EraseBytes- DE: "\377\377\377\377"-"\033\000\000\000"-
#72659	REDUCE cov: 8943 ft: 54192 corp: 1939/39Mb lim: 65536 exec/s: 437 rss: 466Mb L: 16160/65536 MS: 2 ChangeBit-EraseBytes-
#72685	REDUCE cov: 8943 ft: 54192 corp: 1939/39Mb lim: 65536 exec/s: 437 rss: 466Mb L: 29187/65536 MS: 1 EraseBytes-
#72695	REDUCE cov: 8943 ft: 54195 corp: 1940/39Mb lim: 65536 exec/s: 437 rss: 466Mb L: 61012/65536 MS: 5 PersAutoDict-ShuffleBytes-ChangeBinInt-CopyPart-CopyPart- DE: "\262\374t\001\000c\000\000"-
#72708	REDUCE cov: 8943 ft: 54195 corp: 1940/39Mb lim: 65536 exec/s: 438 rss: 466Mb L: 27184/65536 MS: 3 CrossOver-PersAutoDict-EraseBytes- DE: "9\252"-
#72723	REDUCE cov: 8943 ft: 54195 corp: 1940/39Mb lim: 65536 exec/s: 435 rss: 466Mb L: 290/65536 MS: 5 ChangeBinInt-ChangeByte-ChangeBinInt-ChangeBit-EraseBytes-
#72737	NEW    cov: 8944 ft: 54196 corp: 1941/39Mb lim: 65536 exec/s: 435 rss: 466Mb L: 37210/65536 MS: 4 CMP-CrossOver-ChangeBit-CrossOver- DE: "\001\000b\300\001q\373|"-
#72754	NEW    cov: 8944 ft: 54212 corp: 1942/39Mb lim: 65536 exec/s: 435 rss: 466Mb L: 23954/65536 MS: 2 CopyPart-CrossOver-
#72758	REDUCE cov: 8944 ft: 54213 corp: 1943/39Mb lim: 65536 exec/s: 435 rss: 466Mb L: 4099/65536 MS: 4 CopyPart-CMP-ChangeASCIIInt-CopyPart- DE: "&Clockwi"-
#72773	REDUCE cov: 8944 ft: 54213 corp: 1943/39Mb lim: 65536 exec/s: 435 rss: 466Mb L: 6241/65536 MS: 5 InsertRepeatedBytes-ChangeBit-ChangeASCIIInt-PersAutoDict-EraseBytes- DE: "&DifferentialD;"-
#72792	NEW    cov: 8944 ft: 54214 corp: 1944/39Mb lim: 65536 exec/s: 435 rss: 466Mb L: 52693/65536 MS: 4 ShuffleBytes-CopyPart-ChangeBit-EraseBytes-
#72861	REDUCE cov: 8944 ft: 54214 corp: 1944/39Mb lim: 65536 exec/s: 436 rss: 466Mb L: 17412/65536 MS: 4 CMP-ChangeBinInt-PersAutoDict-EraseBytes- DE: "\377\377B\276"-"\377\377\312c"-
#72872	REDUCE cov: 8944 ft: 54214 corp: 1944/39Mb lim: 65536 exec/s: 436 rss: 466Mb L: 3429/65536 MS: 1 EraseBytes-
#72913	REDUCE cov: 8944 ft: 54214 corp: 1944/39Mb lim: 65536 exec/s: 436 rss: 466Mb L: 2639/65536 MS: 1 EraseBytes-
#72949	REDUCE cov: 8944 ft: 54214 corp: 1944/39Mb lim: 65536 exec/s: 436 rss: 466Mb L: 610/65536 MS: 1 EraseBytes-
#72965	REDUCE cov: 8944 ft: 54214 corp: 1944/39Mb lim: 65536 exec/s: 436 rss: 466Mb L: 11815/65536 MS: 1 EraseBytes-
#72969	NEW    cov: 8944 ft: 54219 corp: 1945/39Mb lim: 65536 exec/s: 436 rss: 466Mb L: 22885/65536 MS: 4 InsertByte-CMP-InsertRepeatedBytes-PersAutoDict- DE: "\331\275g\266\376\177\000\000"-"\333\\"-
#72988	REDUCE cov: 8944 ft: 54219 corp: 1945/39Mb lim: 65536 exec/s: 437 rss: 466Mb L: 33216/65536 MS: 4 ShuffleBytes-CopyPart-ChangeByte-EraseBytes-
#73002	REDUCE cov: 8944 ft: 54219 corp: 1945/39Mb lim: 65536 exec/s: 437 rss: 466Mb L: 238/65536 MS: 4 InsertByte-ChangeByte-ChangeBit-EraseBytes-
#73035	REDUCE cov: 8944 ft: 54219 corp: 1945/39Mb lim: 65536 exec/s: 437 rss: 466Mb L: 34313/65536 MS: 3 PersAutoDict-InsertByte-EraseBytes- DE: "\001!"-
#73071	REDUCE cov: 8944 ft: 54219 corp: 1945/39Mb lim: 65536 exec/s: 437 rss: 466Mb L: 2140/65536 MS: 1 EraseBytes-
#73130	REDUCE cov: 8944 ft: 54219 corp: 1945/39Mb lim: 65536 exec/s: 437 rss: 466Mb L: 24395/65536 MS: 4 ChangeASCIIInt-CopyPart-ChangeBit-EraseBytes-
#73164	REDUCE cov: 8948 ft: 54270 corp: 1946/39Mb lim: 65536 exec/s: 438 rss: 466Mb L: 31829/65536 MS: 4 InsertByte-ChangeBit-ChangeBit-CrossOver-
#73196	REDUCE cov: 8948 ft: 54270 corp: 1946/39Mb lim: 65536 exec/s: 438 rss: 466Mb L: 3816/65536 MS: 2 ChangeASCIIInt-EraseBytes-
#73237	REDUCE cov: 8948 ft: 54270 corp: 1946/39Mb lim: 65536 exec/s: 438 rss: 466Mb L: 4865/65536 MS: 1 EraseBytes-
#73246	REDUCE cov: 8948 ft: 54270 corp: 1946/39Mb lim: 65536 exec/s: 438 rss: 466Mb L: 13031/65536 MS: 4 CopyPart-InsertRepeatedBytes-ShuffleBytes-EraseBytes-
#73270	REDUCE cov: 8948 ft: 54270 corp: 1946/39Mb lim: 65536 exec/s: 436 rss: 466Mb L: 1341/65536 MS: 4 ShuffleBytes-ChangeBit-CopyPart-EraseBytes-
#73281	REDUCE cov: 8948 ft: 54270 corp: 1946/39Mb lim: 65536 exec/s: 436 rss: 466Mb L: 42157/65536 MS: 1 EraseBytes-
#73283	REDUCE cov: 8948 ft: 54270 corp: 1946/39Mb lim: 65536 exec/s: 436 rss: 466Mb L: 5176/65536 MS: 2 ChangeByte-EraseBytes-
#73346	REDUCE cov: 8948 ft: 54271 corp: 1947/39Mb lim: 65536 exec/s: 436 rss: 466Mb L: 613/65536 MS: 3 ChangeBit-InsertRepeatedBytes-CrossOver-
#73392	REDUCE cov: 8948 ft: 54271 corp: 1947/39Mb lim: 65536 exec/s: 436 rss: 466Mb L: 40759/65536 MS: 1 EraseBytes-
#73445	REDUCE cov: 8948 ft: 54271 corp: 1947/39Mb lim: 65536 exec/s: 437 rss: 466Mb L: 589/65536 MS: 3 ShuffleBytes-PersAutoDict-EraseBytes- DE: "\352\321\212\001Pb\000\000"-
#73446	REDUCE cov: 8948 ft: 54271 corp: 1947/39Mb lim: 65536 exec/s: 437 rss: 466Mb L: 3456/65536 MS: 1 EraseBytes-
#73474	REDUCE cov: 8948 ft: 54272 corp: 1948/39Mb lim: 65536 exec/s: 437 rss: 466Mb L: 144/65536 MS: 3 PersAutoDict-InsertByte-ChangeBinInt- DE: "\377\377\377\001"-
#73483	REDUCE cov: 8948 ft: 54272 corp: 1948/39Mb lim: 65536 exec/s: 437 rss: 466Mb L: 49021/65536 MS: 4 CopyPart-CrossOver-EraseBytes-CrossOver-
#73547	REDUCE cov: 8948 ft: 54272 corp: 1948/39Mb lim: 65536 exec/s: 437 rss: 466Mb L: 1670/65536 MS: 4 PersAutoDict-CMP-ChangeByte-EraseBytes- DE: "\275\343Y\000\340b\000\000"-"pan"-
#73590	REDUCE cov: 8948 ft: 54277 corp: 1949/39Mb lim: 65536 exec/s: 438 rss: 466Mb L: 11442/65536 MS: 3 InsertByte-CrossOver-CrossOver-
#73631	REDUCE cov: 8948 ft: 54286 corp: 1950/39Mb lim: 65536 exec/s: 438 rss: 466Mb L: 23375/65536 MS: 1 CopyPart-
#73663	REDUCE cov: 8948 ft: 54286 corp: 1950/39Mb lim: 65536 exec/s: 438 rss: 466Mb L: 8609/65536 MS: 2 ChangeASCIIInt-EraseBytes-
#73734	REDUCE cov: 8948 ft: 54287 corp: 1951/39Mb lim: 65536 exec/s: 438 rss: 466Mb L: 20248/65536 MS: 1 CrossOver-
#73741	REDUCE cov: 8948 ft: 54287 corp: 1951/39Mb lim: 65536 exec/s: 438 rss: 466Mb L: 2724/65536 MS: 2 CMP-EraseBytes- DE: "\000\000b@\000\210?D"-
#73786	REDUCE cov: 8948 ft: 54287 corp: 1951/39Mb lim: 65536 exec/s: 439 rss: 466Mb L: 1408/65536 MS: 5 ChangeBinInt-PersAutoDict-ChangeBit-InsertByte-EraseBytes- DE: "\001\000\177\376\266g\275\330"-
#73789	REDUCE cov: 8948 ft: 54287 corp: 1951/39Mb lim: 65536 exec/s: 439 rss: 466Mb L: 9169/65536 MS: 3 InsertByte-ChangeBinInt-EraseBytes-
#74133	REDUCE cov: 8948 ft: 54288 corp: 1952/39Mb lim: 65536 exec/s: 438 rss: 466Mb L: 32308/65536 MS: 4 ChangeBit-ChangeASCIIInt-CrossOver-CrossOver-
#74160	REDUCE cov: 8948 ft: 54288 corp: 1952/39Mb lim: 65536 exec/s: 438 rss: 466Mb L: 5668/65536 MS: 2 PersAutoDict-EraseBytes- DE: "ies"-
#74164	REDUCE cov: 8948 ft: 54288 corp: 1952/39Mb lim: 65536 exec/s: 438 rss: 466Mb L: 43389/65536 MS: 4 ShuffleBytes-CopyPart-ChangeBit-EraseBytes-
#74176	REDUCE cov: 8948 ft: 54288 corp: 1952/39Mb lim: 65536 exec/s: 438 rss: 466Mb L: 29998/65536 MS: 2 ChangeBinInt-EraseBytes-
#74213	REDUCE cov: 8948 ft: 54288 corp: 1952/39Mb lim: 65536 exec/s: 439 rss: 466Mb L: 7216/65536 MS: 2 ShuffleBytes-EraseBytes-
#74234	REDUCE cov: 8948 ft: 54288 corp: 1952/39Mb lim: 65536 exec/s: 439 rss: 466Mb L: 64195/65536 MS: 1 EraseBytes-
#74252	REDUCE cov: 8948 ft: 54288 corp: 1952/39Mb lim: 65536 exec/s: 439 rss: 466Mb L: 34712/65536 MS: 3 ChangeBit-ShuffleBytes-EraseBytes-
#74275	REDUCE cov: 8948 ft: 54288 corp: 1952/39Mb lim: 65536 exec/s: 439 rss: 466Mb L: 8071/65536 MS: 3 ChangeBinInt-InsertRepeatedBytes-EraseBytes-
#74301	REDUCE cov: 8948 ft: 54288 corp: 1952/39Mb lim: 65536 exec/s: 439 rss: 466Mb L: 434/65536 MS: 1 EraseBytes-
#74334	REDUCE cov: 8948 ft: 54288 corp: 1952/39Mb lim: 65536 exec/s: 439 rss: 466Mb L: 61832/65536 MS: 3 ChangeByte-ChangeBinInt-EraseBytes-
#74367	REDUCE cov: 8948 ft: 54289 corp: 1953/39Mb lim: 65536 exec/s: 437 rss: 466Mb L: 27634/65536 MS: 3 ChangeASCIIInt-ChangeBit-CrossOver-
#74385	NEW    cov: 8948 ft: 54290 corp: 1954/39Mb lim: 65536 exec/s: 437 rss: 466Mb L: 52908/65536 MS: 3 ChangeByte-ChangeByte-CopyPart-
#74389	REDUCE cov: 8948 ft: 54290 corp: 1954/39Mb lim: 65536 exec/s: 437 rss: 466Mb L: 1894/65536 MS: 4 ShuffleBytes-InsertByte-ChangeASCIIInt-EraseBytes-
#74402	REDUCE cov: 8948 ft: 54290 corp: 1954/39Mb lim: 65536 exec/s: 437 rss: 466Mb L: 41610/65536 MS: 3 ChangeByte-InsertByte-EraseBytes-
#74462	REDUCE cov: 8948 ft: 54290 corp: 1954/39Mb lim: 65536 exec/s: 438 rss: 466Mb L: 2260/65536 MS: 5 InsertByte-ChangeByte-InsertRepeatedBytes-InsertByte-EraseBytes-
#74487	REDUCE cov: 8948 ft: 54290 corp: 1954/39Mb lim: 65536 exec/s: 438 rss: 466Mb L: 7581/65536 MS: 5 InsertRepeatedBytes-ChangeBinInt-InsertRepeatedBytes-InsertRepeatedBytes-EraseBytes-
#74566	REDUCE cov: 8948 ft: 54290 corp: 1954/39Mb lim: 65536 exec/s: 438 rss: 466Mb L: 27880/65536 MS: 4 ChangeBinInt-ChangeASCIIInt-PersAutoDict-EraseBytes- DE: "\377\377u\257"-
#74677	REDUCE cov: 8948 ft: 54291 corp: 1955/39Mb lim: 65536 exec/s: 439 rss: 466Mb L: 8066/65536 MS: 1 CrossOver-
#74679	NEW    cov: 8948 ft: 54295 corp: 1956/39Mb lim: 65536 exec/s: 439 rss: 466Mb L: 52908/65536 MS: 2 ChangeBinInt-CrossOver-
#74726	NEW    cov: 8948 ft: 54296 corp: 1957/39Mb lim: 65536 exec/s: 439 rss: 466Mb L: 43520/65536 MS: 2 CMP-CopyPart- DE: "\377\377\256B"-
#74760	REDUCE cov: 8948 ft: 54296 corp: 1957/39Mb lim: 65536 exec/s: 439 rss: 466Mb L: 52740/65536 MS: 4 ChangeASCIIInt-InsertRepeatedBytes-ShuffleBytes-EraseBytes-
#74890	REDUCE cov: 8948 ft: 54296 corp: 1957/39Mb lim: 65536 exec/s: 437 rss: 466Mb L: 24539/65536 MS: 5 InsertRepeatedBytes-ShuffleBytes-ChangeByte-ChangeBinInt-EraseBytes-
#74905	REDUCE cov: 8948 ft: 54296 corp: 1957/39Mb lim: 65536 exec/s: 438 rss: 466Mb L: 126/65536 MS: 5 ChangeByte-ShuffleBytes-PersAutoDict-PersAutoDict-EraseBytes- DE: "!\033"-"\013\000\000\000"-
#74906	REDUCE cov: 8948 ft: 54296 corp: 1957/39Mb lim: 65536 exec/s: 438 rss: 466Mb L: 3779/65536 MS: 1 EraseBytes-
#74917	REDUCE cov: 8948 ft: 54296 corp: 1957/39Mb lim: 65536 exec/s: 438 rss: 466Mb L: 40077/65536 MS: 1 EraseBytes-
#74918	REDUCE cov: 8948 ft: 54296 corp: 1957/39Mb lim: 65536 exec/s: 438 rss: 466Mb L: 20200/65536 MS: 1 EraseBytes-
#74938	REDUCE cov: 8948 ft: 54296 corp: 1957/39Mb lim: 65536 exec/s: 438 rss: 466Mb L: 39103/65536 MS: 5 ChangeBinInt-ChangeBit-ChangeBit-CopyPart-EraseBytes-
#74970	NEW    cov: 8948 ft: 54297 corp: 1958/39Mb lim: 65536 exec/s: 438 rss: 466Mb L: 611/65536 MS: 2 ShuffleBytes-CopyPart-
#74978	REDUCE cov: 8948 ft: 54297 corp: 1958/39Mb lim: 65536 exec/s: 438 rss: 466Mb L: 442/65536 MS: 3 InsertRepeatedBytes-InsertByte-EraseBytes-
#74989	REDUCE cov: 8948 ft: 54297 corp: 1958/39Mb lim: 65536 exec/s: 438 rss: 466Mb L: 24156/65536 MS: 1 EraseBytes-
#75002	REDUCE cov: 8948 ft: 54297 corp: 1958/39Mb lim: 65536 exec/s: 438 rss: 466Mb L: 35485/65536 MS: 3 ChangeBit-PersAutoDict-EraseBytes- DE: "\250!\237\000\360b\000\000"-
#75011	REDUCE cov: 8948 ft: 54297 corp: 1958/39Mb lim: 65536 exec/s: 438 rss: 466Mb L: 325/65536 MS: 4 InsertRepeatedBytes-PersAutoDict-InsertRepeatedBytes-EraseBytes- DE: "\037\000"-
#75044	REDUCE cov: 8948 ft: 54297 corp: 1958/39Mb lim: 65536 exec/s: 438 rss: 466Mb L: 4949/65536 MS: 3 CrossOver-ChangeBit-EraseBytes-
#75045	NEW    cov: 8948 ft: 54333 corp: 1959/39Mb lim: 65536 exec/s: 438 rss: 466Mb L: 63571/65536 MS: 1 CopyPart-
#75178	REDUCE cov: 8948 ft: 54333 corp: 1959/39Mb lim: 65536 exec/s: 439 rss: 466Mb L: 17098/65536 MS: 3 CopyPart-ChangeBit-EraseBytes-
#75199	REDUCE cov: 8948 ft: 54333 corp: 1959/39Mb lim: 65536 exec/s: 439 rss: 466Mb L: 50547/65536 MS: 1 EraseBytes-
#75203	REDUCE cov: 8948 ft: 54333 corp: 1959/39Mb lim: 65536 exec/s: 439 rss: 466Mb L: 3630/65536 MS: 4 ChangeByte-ShuffleBytes-ChangeBit-EraseBytes-
#75230	REDUCE cov: 8948 ft: 54334 corp: 1960/39Mb lim: 65536 exec/s: 439 rss: 466Mb L: 8446/65536 MS: 2 ChangeBinInt-InsertRepeatedBytes-
#75251	REDUCE cov: 8948 ft: 54334 corp: 1960/39Mb lim: 65536 exec/s: 440 rss: 466Mb L: 1210/65536 MS: 1 EraseBytes-
#75342	REDUCE cov: 8948 ft: 54334 corp: 1960/39Mb lim: 65536 exec/s: 438 rss: 466Mb L: 25860/65536 MS: 1 EraseBytes-
#75348	REDUCE cov: 8948 ft: 54334 corp: 1960/39Mb lim: 65536 exec/s: 438 rss: 466Mb L: 4417/65536 MS: 1 EraseBytes-
#75350	REDUCE cov: 8948 ft: 54334 corp: 1960/39Mb lim: 65536 exec/s: 438 rss: 466Mb L: 8075/65536 MS: 2 InsertRepeatedBytes-EraseBytes-
#75446	REDUCE cov: 8948 ft: 54334 corp: 1960/39Mb lim: 65536 exec/s: 438 rss: 466Mb L: 171/65536 MS: 1 EraseBytes-
#75507	REDUCE cov: 8948 ft: 54334 corp: 1960/39Mb lim: 65536 exec/s: 438 rss: 466Mb L: 24408/65536 MS: 1 EraseBytes-
#75599	REDUCE cov: 8948 ft: 54334 corp: 1960/39Mb lim: 65536 exec/s: 439 rss: 466Mb L: 53157/65536 MS: 2 PersAutoDict-EraseBytes- DE: "\037\000"-
#75613	NEW    cov: 8948 ft: 54358 corp: 1961/39Mb lim: 65536 exec/s: 439 rss: 466Mb L: 13794/65536 MS: 4 CrossOver-CMP-PersAutoDict-CopyPart- DE: "\377\377~\376\266g\275\330"-"&gt;"-
#75622	REDUCE cov: 8948 ft: 54358 corp: 1961/39Mb lim: 65536 exec/s: 439 rss: 466Mb L: 30578/65536 MS: 4 ChangeASCIIInt-CMP-ChangeBinInt-EraseBytes- DE: "ines"-
#75691	REDUCE cov: 8948 ft: 54358 corp: 1961/39Mb lim: 65536 exec/s: 440 rss: 466Mb L: 350/65536 MS: 4 InsertRepeatedBytes-ChangeByte-PersAutoDict-EraseBytes- DE: "\225\330"-
#75696	REDUCE cov: 8948 ft: 54358 corp: 1961/39Mb lim: 65536 exec/s: 440 rss: 466Mb L: 3305/65536 MS: 5 PersAutoDict-ChangeByte-ShuffleBytes-PersAutoDict-EraseBytes- DE: "\377\377a@\000?\035\252"-"<\001ce made"-
#75724	REDUCE cov: 8948 ft: 54358 corp: 1961/39Mb lim: 65536 exec/s: 440 rss: 466Mb L: 6863/65536 MS: 3 ChangeBit-ChangeBit-EraseBytes-
#75758	REDUCE cov: 8948 ft: 54360 corp: 1962/39Mb lim: 65536 exec/s: 440 rss: 466Mb L: 15201/65536 MS: 4 CopyPart-ChangeBit-CrossOver-EraseBytes-
#75794	REDUCE cov: 8948 ft: 54360 corp: 1962/39Mb lim: 65536 exec/s: 438 rss: 466Mb L: 303/65536 MS: 1 EraseBytes-
#75814	REDUCE cov: 8948 ft: 54360 corp: 1962/39Mb lim: 65536 exec/s: 438 rss: 466Mb L: 39216/65536 MS: 5 CrossOver-PersAutoDict-ChangeByte-ChangeByte-CrossOver- DE: "\001\000b\340\001ri\304"-
#75860	REDUCE cov: 8948 ft: 54360 corp: 1962/39Mb lim: 65536 exec/s: 438 rss: 466Mb L: 3884/65536 MS: 1 EraseBytes-
#75869	REDUCE cov: 8948 ft: 54360 corp: 1962/39Mb lim: 65536 exec/s: 438 rss: 466Mb L: 2520/65536 MS: 4 CopyPart-InsertRepeatedBytes-ChangeASCIIInt-EraseBytes-
#75965	REDUCE cov: 8948 ft: 54360 corp: 1962/39Mb lim: 65536 exec/s: 439 rss: 466Mb L: 8984/65536 MS: 1 EraseBytes-
#75987	REDUCE cov: 8948 ft: 54360 corp: 1962/39Mb lim: 65536 exec/s: 439 rss: 466Mb L: 42171/65536 MS: 2 PersAutoDict-EraseBytes- DE: "ngs]"-
#75996	REDUCE cov: 8948 ft: 54360 corp: 1962/39Mb lim: 65536 exec/s: 439 rss: 466Mb L: 50239/65536 MS: 4 PersAutoDict-CopyPart-ChangeBit-EraseBytes- DE: "\270\000"-
#76010	REDUCE cov: 8948 ft: 54360 corp: 1962/39Mb lim: 65536 exec/s: 439 rss: 466Mb L: 88/65536 MS: 4 InsertByte-PersAutoDict-CMP-EraseBytes- DE: "&Diamond"-" \000\000\000"-
#76011	NEW    cov: 8948 ft: 54366 corp: 1963/39Mb lim: 65536 exec/s: 439 rss: 466Mb L: 23605/65536 MS: 1 CrossOver-
#76030	REDUCE cov: 8948 ft: 54366 corp: 1963/39Mb lim: 65536 exec/s: 439 rss: 466Mb L: 83/65536 MS: 4 ChangeBinInt-ChangeBinInt-ChangeBinInt-EraseBytes-
#76071	REDUCE cov: 8948 ft: 54366 corp: 1963/39Mb lim: 65536 exec/s: 439 rss: 466Mb L: 152/65536 MS: 1 EraseBytes-
#76109	REDUCE cov: 8948 ft: 54366 corp: 1963/39Mb lim: 65536 exec/s: 439 rss: 466Mb L: 6590/65536 MS: 3 ChangeByte-PersAutoDict-EraseBytes- DE: "\001\000\177\376\266g\273@"-
#76156	REDUCE cov: 8948 ft: 54366 corp: 1963/39Mb lim: 65536 exec/s: 440 rss: 466Mb L: 6272/65536 MS: 2 InsertByte-EraseBytes-
#76186	NEW    cov: 8948 ft: 54369 corp: 1964/39Mb lim: 65536 exec/s: 440 rss: 466Mb L: 60806/65536 MS: 5 CrossOver-ShuffleBytes-ChangeASCIIInt-ShuffleBytes-CopyPart-
#76193	REDUCE cov: 8948 ft: 54369 corp: 1964/39Mb lim: 65536 exec/s: 440 rss: 466Mb L: 8402/65536 MS: 2 ChangeByte-EraseBytes-
#76294	REDUCE cov: 8948 ft: 54369 corp: 1964/39Mb lim: 65536 exec/s: 438 rss: 466Mb L: 53285/65536 MS: 1 EraseBytes-
#76309	REDUCE cov: 8948 ft: 54369 corp: 1964/39Mb lim: 65536 exec/s: 438 rss: 466Mb L: 18364/65536 MS: 5 InsertRepeatedBytes-InsertRepeatedBytes-ChangeByte-ShuffleBytes-EraseBytes-
#76368	REDUCE cov: 8948 ft: 54369 corp: 1964/39Mb lim: 65536 exec/s: 438 rss: 466Mb L: 256/65536 MS: 4 CMP-PersAutoDict-InsertByte-EraseBytes- DE: "\000\000\000\000"-"\001\000bp\000&\354\373"-
#76401	REDUCE cov: 8948 ft: 54369 corp: 1964/39Mb lim: 65536 exec/s: 439 rss: 466Mb L: 43518/65536 MS: 3 InsertRepeatedBytes-ChangeByte-EraseBytes-
#76429	REDUCE cov: 8948 ft: 54369 corp: 1964/39Mb lim: 65536 exec/s: 439 rss: 466Mb L: 20519/65536 MS: 3 ChangeBinInt-InsertByte-EraseBytes-
#76496	REDUCE cov: 8948 ft: 54369 corp: 1964/39Mb lim: 65536 exec/s: 439 rss: 466Mb L: 10685/65536 MS: 2 InsertByte-EraseBytes-
#76498	NEW    cov: 8948 ft: 54379 corp: 1965/39Mb lim: 65536 exec/s: 439 rss: 466Mb L: 64911/65536 MS: 2 ChangeASCIIInt-CopyPart-
#76509	NEW    cov: 8948 ft: 54382 corp: 1966/40Mb lim: 65536 exec/s: 439 rss: 466Mb L: 62253/65536 MS: 1 CopyPart-
#76517	REDUCE cov: 8948 ft: 54382 corp: 1966/40Mb lim: 65536 exec/s: 439 rss: 466Mb L: 403/65536 MS: 3 ChangeBinInt-InsertByte-EraseBytes-
#76523	REDUCE cov: 8948 ft: 54382 corp: 1966/40Mb lim: 65536 exec/s: 439 rss: 466Mb L: 7104/65536 MS: 1 EraseBytes-
#76556	REDUCE cov: 8948 ft: 54382 corp: 1966/40Mb lim: 65536 exec/s: 439 rss: 466Mb L: 10073/65536 MS: 3 ShuffleBytes-EraseBytes-CopyPart-
#76577	REDUCE cov: 8948 ft: 54382 corp: 1966/40Mb lim: 65536 exec/s: 440 rss: 466Mb L: 17730/65536 MS: 1 EraseBytes-
#76582	NEW    cov: 8948 ft: 54392 corp: 1967/40Mb lim: 65536 exec/s: 440 rss: 466Mb L: 62617/65536 MS: 5 CrossOver-ChangeBit-CopyPart-EraseBytes-CopyPart-
#76615	REDUCE cov: 8948 ft: 54392 corp: 1967/40Mb lim: 65536 exec/s: 440 rss: 466Mb L: 4884/65536 MS: 3 InsertRepeatedBytes-ChangeByte-EraseBytes-
#76636	REDUCE cov: 8948 ft: 54392 corp: 1967/40Mb lim: 65536 exec/s: 440 rss: 466Mb L: 9045/65536 MS: 1 EraseBytes-
#76637	REDUCE cov: 8948 ft: 54392 corp: 1967/40Mb lim: 65536 exec/s: 440 rss: 466Mb L: 400/65536 MS: 1 EraseBytes-
#76678	REDUCE cov: 8948 ft: 54392 corp: 1967/40Mb lim: 65536 exec/s: 440 rss: 466Mb L: 2463/65536 MS: 1 EraseBytes-
#76680	REDUCE cov: 8948 ft: 54392 corp: 1967/40Mb lim: 65536 exec/s: 440 rss: 466Mb L: 47693/65536 MS: 2 ChangeByte-EraseBytes-
#76750	REDUCE cov: 8948 ft: 54392 corp: 1967/40Mb lim: 65536 exec/s: 441 rss: 466Mb L: 2480/65536 MS: 5 ShuffleBytes-InsertByte-ChangeByte-ChangeBit-EraseBytes-
#76761	REDUCE cov: 8948 ft: 54392 corp: 1967/40Mb lim: 65536 exec/s: 441 rss: 466Mb L: 80/65536 MS: 1 EraseBytes-
#76803	REDUCE cov: 8948 ft: 54392 corp: 1967/40Mb lim: 65536 exec/s: 438 rss: 466Mb L: 2111/65536 MS: 2 ChangeASCIIInt-EraseBytes-
#76854	REDUCE cov: 8948 ft: 54392 corp: 1967/40Mb lim: 65536 exec/s: 439 rss: 466Mb L: 1826/65536 MS: 1 EraseBytes-
#76886	REDUCE cov: 8948 ft: 54392 corp: 1967/40Mb lim: 65536 exec/s: 439 rss: 466Mb L: 13106/65536 MS: 2 ChangeBinInt-EraseBytes-
#76933	REDUCE cov: 8948 ft: 54392 corp: 1967/40Mb lim: 65536 exec/s: 439 rss: 466Mb L: 45012/65536 MS: 2 ChangeBit-EraseBytes-
#76936	REDUCE cov: 8948 ft: 54392 corp: 1967/40Mb lim: 65536 exec/s: 439 rss: 466Mb L: 6865/65536 MS: 3 ChangeASCIIInt-ChangeASCIIInt-EraseBytes-
#77051	REDUCE cov: 8948 ft: 54392 corp: 1967/40Mb lim: 65536 exec/s: 440 rss: 466Mb L: 7901/65536 MS: 5 ChangeASCIIInt-PersAutoDict-CrossOver-ChangeBit-EraseBytes- DE: "\377\377a\300\001=v\307"-
#77052	REDUCE cov: 8948 ft: 54392 corp: 1967/40Mb lim: 65536 exec/s: 440 rss: 466Mb L: 22406/65536 MS: 1 EraseBytes-
#77079	REDUCE cov: 8948 ft: 54392 corp: 1967/40Mb lim: 65536 exec/s: 440 rss: 466Mb L: 58226/65536 MS: 2 InsertRepeatedBytes-EraseBytes-
#77086	REDUCE cov: 8948 ft: 54392 corp: 1967/40Mb lim: 65536 exec/s: 440 rss: 466Mb L: 10989/65536 MS: 2 InsertRepeatedBytes-EraseBytes-
#77164	REDUCE cov: 8948 ft: 54392 corp: 1967/40Mb lim: 65536 exec/s: 440 rss: 466Mb L: 347/65536 MS: 3 ShuffleBytes-CopyPart-EraseBytes-
#77175	REDUCE cov: 8948 ft: 54392 corp: 1967/40Mb lim: 65536 exec/s: 441 rss: 466Mb L: 7236/65536 MS: 1 EraseBytes-
#77188	REDUCE cov: 8948 ft: 54392 corp: 1967/40Mb lim: 65536 exec/s: 441 rss: 466Mb L: 20308/65536 MS: 3 ChangeASCIIInt-CMP-EraseBytes- DE: "ions"-
#77195	NEW    cov: 8948 ft: 54393 corp: 1968/40Mb lim: 65536 exec/s: 441 rss: 466Mb L: 33435/65536 MS: 2 CrossOver-CrossOver-
#77238	REDUCE cov: 8948 ft: 54393 corp: 1968/40Mb lim: 65536 exec/s: 441 rss: 466Mb L: 8122/65536 MS: 3 ChangeBinInt-PersAutoDict-EraseBytes- DE: "\000\000a\360\000\005?\015"-
#77242	REDUCE cov: 8948 ft: 54393 corp: 1968/40Mb lim: 65536 exec/s: 441 rss: 466Mb L: 36646/65536 MS: 4 ShuffleBytes-ChangeBinInt-InsertByte-EraseBytes-
#77289	REDUCE cov: 8948 ft: 54393 corp: 1968/40Mb lim: 65536 exec/s: 441 rss: 466Mb L: 2524/65536 MS: 2 PersAutoDict-EraseBytes- DE: "]]>"-
#77295	NEW    cov: 8948 ft: 54394 corp: 1969/40Mb lim: 65536 exec/s: 441 rss: 466Mb L: 51454/65536 MS: 1 CopyPart-
#77317	REDUCE cov: 8948 ft: 54394 corp: 1969/40Mb lim: 65536 exec/s: 441 rss: 466Mb L: 298/65536 MS: 2 EraseBytes-CrossOver-
#77376	REDUCE cov: 8948 ft: 54394 corp: 1969/40Mb lim: 65536 exec/s: 442 rss: 466Mb L: 3143/65536 MS: 4 ChangeByte-CopyPart-EraseBytes-EraseBytes-
#77393	REDUCE cov: 8948 ft: 54394 corp: 1969/40Mb lim: 65536 exec/s: 439 rss: 466Mb L: 12051/65536 MS: 2 ChangeASCIIInt-EraseBytes-
#77402	REDUCE cov: 8948 ft: 54394 corp: 1969/40Mb lim: 65536 exec/s: 439 rss: 466Mb L: 23620/65536 MS: 4 ShuffleBytes-InsertByte-InsertRepeatedBytes-EraseBytes-
#77427	REDUCE cov: 8948 ft: 54394 corp: 1969/40Mb lim: 65536 exec/s: 439 rss: 466Mb L: 27172/65536 MS: 5 InsertByte-ChangeBinInt-InsertRepeatedBytes-ChangeASCIIInt-EraseBytes-
#77443	REDUCE cov: 8948 ft: 54394 corp: 1969/40Mb lim: 65536 exec/s: 440 rss: 466Mb L: 28870/65536 MS: 1 EraseBytes-
#77562	REDUCE cov: 8948 ft: 54394 corp: 1969/40Mb lim: 65536 exec/s: 440 rss: 466Mb L: 2273/65536 MS: 4 ChangeBinInt-PersAutoDict-PersAutoDict-EraseBytes- DE: "\260\375\267\001Pb\000\000"-"\377\377\377\037"-
#77605	REDUCE cov: 8948 ft: 54394 corp: 1969/40Mb lim: 65536 exec/s: 440 rss: 466Mb L: 21630/65536 MS: 3 ChangeByte-InsertRepeatedBytes-EraseBytes-
#77618	REDUCE cov: 8948 ft: 54394 corp: 1969/40Mb lim: 65536 exec/s: 441 rss: 466Mb L: 2454/65536 MS: 3 CopyPart-CrossOver-EraseBytes-
#77642	REDUCE cov: 8948 ft: 54394 corp: 1969/40Mb lim: 65536 exec/s: 441 rss: 466Mb L: 8489/65536 MS: 4 PersAutoDict-InsertRepeatedBytes-EraseBytes-CopyPart- DE: "\000\000b\300\000rp\353"-
#77652	REDUCE cov: 8948 ft: 54394 corp: 1969/40Mb lim: 65536 exec/s: 441 rss: 466Mb L: 16123/65536 MS: 5 PersAutoDict-PersAutoDict-ChangeBit-ChangeByte-EraseBytes- DE: "\000\000b`\000\037\250~"-"\031\000\000\000"-
#77657	REDUCE cov: 8948 ft: 54394 corp: 1969/40Mb lim: 65536 exec/s: 441 rss: 466Mb L: 8926/65536 MS: 5 InsertRepeatedBytes-CrossOver-ChangeBit-ChangeASCIIInt-EraseBytes-
#77688	REDUCE cov: 8948 ft: 54394 corp: 1969/40Mb lim: 65536 exec/s: 441 rss: 466Mb L: 16245/65536 MS: 1 EraseBytes-
#77741	REDUCE cov: 8948 ft: 54394 corp: 1969/40Mb lim: 65536 exec/s: 441 rss: 466Mb L: 11740/65536 MS: 3 InsertByte-ChangeASCIIInt-EraseBytes-
#77749	REDUCE cov: 8948 ft: 54394 corp: 1969/40Mb lim: 65536 exec/s: 441 rss: 466Mb L: 4407/65536 MS: 3 CMP-CMP-EraseBytes- DE: "\033\000"-"\000\000b \000cDV"-
#77788	REDUCE cov: 8948 ft: 54394 corp: 1969/40Mb lim: 65536 exec/s: 441 rss: 466Mb L: 22240/65536 MS: 4 EraseBytes-EraseBytes-PersAutoDict-CopyPart- DE: "&Differ"-
#77801	REDUCE cov: 8948 ft: 54394 corp: 1969/40Mb lim: 65536 exec/s: 442 rss: 466Mb L: 30857/65536 MS: 3 InsertRepeatedBytes-ChangeBinInt-EraseBytes-
#77815	REDUCE cov: 8948 ft: 54394 corp: 1969/40Mb lim: 65536 exec/s: 442 rss: 466Mb L: 14294/65536 MS: 4 InsertByte-ChangeASCIIInt-CMP-EraseBytes- DE: "\261t\235\000\260b\000\000"-
#77824	REDUCE cov: 8948 ft: 54394 corp: 1969/40Mb lim: 65536 exec/s: 442 rss: 466Mb L: 45897/65536 MS: 4 InsertByte-InsertByte-ChangeBinInt-EraseBytes-
#77841	REDUCE cov: 8948 ft: 54394 corp: 1969/40Mb lim: 65536 exec/s: 442 rss: 466Mb L: 9529/65536 MS: 2 ChangeByte-EraseBytes-
#77850	REDUCE cov: 8948 ft: 54394 corp: 1969/40Mb lim: 65536 exec/s: 439 rss: 466Mb L: 7827/65536 MS: 4 ChangeBit-InsertByte-ChangeASCIIInt-EraseBytes-
#77888	REDUCE cov: 8948 ft: 54394 corp: 1969/40Mb lim: 65536 exec/s: 440 rss: 466Mb L: 241/65536 MS: 3 ChangeBinInt-InsertByte-EraseBytes-
#77907	REDUCE cov: 8948 ft: 54394 corp: 1969/40Mb lim: 65536 exec/s: 440 rss: 466Mb L: 3390/65536 MS: 4 InsertByte-InsertRepeatedBytes-CMP-EraseBytes- DE: "]]>"-
#77924	REDUCE cov: 8948 ft: 54394 corp: 1969/40Mb lim: 65536 exec/s: 440 rss: 466Mb L: 356/65536 MS: 2 CMP-EraseBytes- DE: "\022\000"-
#77928	NEW    cov: 8948 ft: 54396 corp: 1970/40Mb lim: 65536 exec/s: 440 rss: 466Mb L: 61652/65536 MS: 4 InsertRepeatedBytes-InsertRepeatedBytes-InsertRepeatedBytes-InsertRepeatedBytes-
#78044	NEW    cov: 8948 ft: 54401 corp: 1971/40Mb lim: 65536 exec/s: 440 rss: 466Mb L: 16489/65536 MS: 1 CopyPart-
#78049	NEW    cov: 8948 ft: 54403 corp: 1972/40Mb lim: 65536 exec/s: 440 rss: 466Mb L: 46822/65536 MS: 5 EraseBytes-PersAutoDict-ChangeBinInt-InsertRepeatedBytes-CrossOver- DE: "\0003"-
#78069	REDUCE cov: 8948 ft: 54403 corp: 1972/40Mb lim: 65536 exec/s: 441 rss: 466Mb L: 5486/65536 MS: 5 CrossOver-ShuffleBytes-InsertRepeatedBytes-ShuffleBytes-EraseBytes-
#78086	REDUCE cov: 8948 ft: 54403 corp: 1972/40Mb lim: 65536 exec/s: 441 rss: 466Mb L: 11611/65536 MS: 2 ShuffleBytes-EraseBytes-
#78125	REDUCE cov: 8948 ft: 54403 corp: 1972/40Mb lim: 65536 exec/s: 441 rss: 466Mb L: 6813/65536 MS: 4 PersAutoDict-ShuffleBytes-CopyPart-EraseBytes- DE: "&range"-
#78127	REDUCE cov: 8948 ft: 54403 corp: 1972/40Mb lim: 65536 exec/s: 441 rss: 466Mb L: 1153/65536 MS: 2 ShuffleBytes-EraseBytes-
#78163	REDUCE cov: 8948 ft: 54403 corp: 1972/40Mb lim: 65536 exec/s: 441 rss: 466Mb L: 5602/65536 MS: 1 EraseBytes-
#78194	REDUCE cov: 8948 ft: 54403 corp: 1972/40Mb lim: 65536 exec/s: 441 rss: 466Mb L: 20828/65536 MS: 1 EraseBytes-
#78206	REDUCE cov: 8948 ft: 54403 corp: 1972/40Mb lim: 65536 exec/s: 441 rss: 466Mb L: 5223/65536 MS: 2 ChangeASCIIInt-EraseBytes-
#78208	REDUCE cov: 8948 ft: 54403 corp: 1972/40Mb lim: 65536 exec/s: 441 rss: 466Mb L: 327/65536 MS: 2 ChangeBinInt-EraseBytes-
#78211	REDUCE cov: 8948 ft: 54403 corp: 1972/40Mb lim: 65536 exec/s: 441 rss: 466Mb L: 3723/65536 MS: 3 InsertByte-PersAutoDict-EraseBytes- DE: "t\375y\000\300b\000\000"-
#78232	REDUCE cov: 8948 ft: 54403 corp: 1972/40Mb lim: 65536 exec/s: 441 rss: 466Mb L: 27018/65536 MS: 1 EraseBytes-
#78289	REDUCE cov: 8948 ft: 54403 corp: 1972/40Mb lim: 65536 exec/s: 442 rss: 466Mb L: 34730/65536 MS: 2 PersAutoDict-EraseBytes- DE: "K\276g\266\376\177\000\000"-
#78317	REDUCE cov: 8949 ft: 54404 corp: 1973/40Mb lim: 65536 exec/s: 439 rss: 466Mb L: 12550/65536 MS: 3 ChangeBit-PersAutoDict-PersAutoDict- DE: "\377\377\377\377"-"\000\001"-
#78334	REDUCE cov: 8949 ft: 54404 corp: 1973/40Mb lim: 65536 exec/s: 440 rss: 466Mb L: 39515/65536 MS: 2 ChangeByte-EraseBytes-
#78346	REDUCE cov: 8949 ft: 54404 corp: 1973/40Mb lim: 65536 exec/s: 440 rss: 466Mb L: 9127/65536 MS: 2 ShuffleBytes-EraseBytes-
#78366	REDUCE cov: 8949 ft: 54404 corp: 1973/40Mb lim: 65536 exec/s: 440 rss: 466Mb L: 2902/65536 MS: 5 ChangeBit-CopyPart-ChangeBinInt-ChangeASCIIInt-EraseBytes-
#78405	REDUCE cov: 8949 ft: 54404 corp: 1973/40Mb lim: 65536 exec/s: 440 rss: 466Mb L: 49205/65536 MS: 4 ChangeASCIIInt-InsertRepeatedBytes-InsertRepeatedBytes-EraseBytes-
#78406	REDUCE cov: 8949 ft: 54404 corp: 1973/40Mb lim: 65536 exec/s: 440 rss: 466Mb L: 3914/65536 MS: 1 EraseBytes-
#78437	REDUCE cov: 8949 ft: 54404 corp: 1973/40Mb lim: 65536 exec/s: 440 rss: 466Mb L: 3886/65536 MS: 1 EraseBytes-
#78501	REDUCE cov: 8949 ft: 54404 corp: 1973/40Mb lim: 65536 exec/s: 441 rss: 466Mb L: 1262/65536 MS: 4 ChangeBit-EraseBytes-ChangeBinInt-PersAutoDict- DE: "\377\377``\000\031y\271"-
#78506	REDUCE cov: 8949 ft: 54404 corp: 1973/40Mb lim: 65536 exec/s: 441 rss: 466Mb L: 7505/65536 MS: 5 CMP-CopyPart-ChangeByte-ChangeBinInt-EraseBytes- DE: "&Eogon;"-
#78540	REDUCE cov: 8949 ft: 54404 corp: 1973/40Mb lim: 65536 exec/s: 441 rss: 466Mb L: 23875/65536 MS: 4 InsertByte-CrossOver-PersAutoDict-CrossOver- DE: "\001\000\000\007"-
#78550	REDUCE cov: 8949 ft: 54404 corp: 1973/40Mb lim: 65536 exec/s: 441 rss: 466Mb L: 11168/65536 MS: 5 PersAutoDict-PersAutoDict-CMP-PersAutoDict-EraseBytes- DE: "&angm"-"\000\000b\300\001\266qM"-"'\373,\000\200b\000\000"-"&Hilbe"-
#78587	REDUCE cov: 8949 ft: 54404 corp: 1973/40Mb lim: 65536 exec/s: 441 rss: 466Mb L: 10804/65536 MS: 2 InsertByte-EraseBytes-
#78638	NEW    cov: 8949 ft: 54405 corp: 1974/40Mb lim: 65536 exec/s: 441 rss: 466Mb L: 55210/65536 MS: 1 ChangeBit-
#78696	REDUCE cov: 8949 ft: 54405 corp: 1974/40Mb lim: 65536 exec/s: 442 rss: 466Mb L: 1181/65536 MS: 3 ShuffleBytes-ShuffleBytes-EraseBytes-
#78697	REDUCE cov: 8949 ft: 54405 corp: 1974/40Mb lim: 65536 exec/s: 442 rss: 466Mb L: 24718/65536 MS: 1 EraseBytes-
#78707	NEW    cov: 8949 ft: 54406 corp: 1975/40Mb lim: 65536 exec/s: 442 rss: 466Mb L: 442/65536 MS: 5 InsertByte-ChangeBinInt-ChangeByte-ChangeByte-EraseBytes-
#78758	REDUCE cov: 8949 ft: 54406 corp: 1975/40Mb lim: 65536 exec/s: 442 rss: 466Mb L: 1310/65536 MS: 1 EraseBytes-
#78773	REDUCE cov: 8949 ft: 54406 corp: 1975/40Mb lim: 65536 exec/s: 442 rss: 466Mb L: 1760/65536 MS: 5 ChangeASCIIInt-ChangeASCIIInt-PersAutoDict-ChangeBinInt-EraseBytes- DE: "\000\000b\360\000F\333\235"-
#78795	REDUCE cov: 8949 ft: 54406 corp: 1975/40Mb lim: 65536 exec/s: 442 rss: 466Mb L: 13558/65536 MS: 2 CrossOver-EraseBytes-
#78802	REDUCE cov: 8949 ft: 54406 corp: 1975/40Mb lim: 65536 exec/s: 442 rss: 466Mb L: 1199/65536 MS: 2 ChangeASCIIInt-EraseBytes-
#78826	REDUCE cov: 8949 ft: 54406 corp: 1975/40Mb lim: 65536 exec/s: 440 rss: 466Mb L: 25223/65536 MS: 4 InsertByte-PersAutoDict-ChangeBinInt-EraseBytes- DE: "7\031=\000\240b\000\000"-
#78835	REDUCE cov: 8949 ft: 54406 corp: 1975/40Mb lim: 65536 exec/s: 440 rss: 466Mb L: 15762/65536 MS: 4 ChangeASCIIInt-InsertRepeatedBytes-InsertByte-EraseBytes-
#78858	REDUCE cov: 8949 ft: 54406 corp: 1975/40Mb lim: 65536 exec/s: 440 rss: 466Mb L: 18438/65536 MS: 3 CrossOver-ChangeASCIIInt-EraseBytes-
#78884	NEW    cov: 8949 ft: 54407 corp: 1976/40Mb lim: 65536 exec/s: 440 rss: 466Mb L: 17050/65536 MS: 1 ChangeBinInt-
#78895	REDUCE cov: 8949 ft: 54407 corp: 1976/40Mb lim: 65536 exec/s: 440 rss: 466Mb L: 54693/65536 MS: 1 EraseBytes-
#78900	REDUCE cov: 8949 ft: 54407 corp: 1976/40Mb lim: 65536 exec/s: 440 rss: 466Mb L: 10048/65536 MS: 5 PersAutoDict-PersAutoDict-ChangeBit-ChangeBinInt-EraseBytes- DE: "\275;\023\000\200b\000\000"-"&ouml;"-
#78902	REDUCE cov: 8949 ft: 54407 corp: 1976/40Mb lim: 65536 exec/s: 440 rss: 466Mb L: 1738/65536 MS: 2 ChangeBinInt-EraseBytes-
#78944	REDUCE cov: 8949 ft: 54407 corp: 1976/40Mb lim: 65536 exec/s: 441 rss: 466Mb L: 377/65536 MS: 2 PersAutoDict-EraseBytes- DE: "f\350\000\000Pb\000\000"-
#78946	REDUCE cov: 8949 ft: 54407 corp: 1976/40Mb lim: 65536 exec/s: 441 rss: 466Mb L: 2997/65536 MS: 2 CMP-EraseBytes- DE: "\000\000a0\000\017.\240"-
#78986	REDUCE cov: 8949 ft: 54407 corp: 1976/40Mb lim: 65536 exec/s: 441 rss: 466Mb L: 9127/65536 MS: 5 CMP-ShuffleBytes-ChangeByte-ChangeASCIIInt-EraseBytes- DE: "\372\355a\001\340b\000\000"-
#78997	REDUCE cov: 8949 ft: 54409 corp: 1977/40Mb lim: 65536 exec/s: 441 rss: 466Mb L: 62150/65536 MS: 1 CopyPart-
#79053	REDUCE cov: 8949 ft: 54409 corp: 1977/40Mb lim: 65536 exec/s: 441 rss: 466Mb L: 27661/65536 MS: 1 EraseBytes-
#79069	REDUCE cov: 8949 ft: 54409 corp: 1977/40Mb lim: 65536 exec/s: 441 rss: 466Mb L: 2623/65536 MS: 1 EraseBytes-
#79080	REDUCE cov: 8949 ft: 54409 corp: 1977/40Mb lim: 65536 exec/s: 441 rss: 466Mb L: 51202/65536 MS: 1 EraseBytes-
#79102	REDUCE cov: 8949 ft: 54409 corp: 1977/40Mb lim: 65536 exec/s: 441 rss: 466Mb L: 14776/65536 MS: 2 ChangeByte-EraseBytes-
#79105	NEW    cov: 8962 ft: 54432 corp: 1978/40Mb lim: 65536 exec/s: 441 rss: 466Mb L: 6219/65536 MS: 3 InsertRepeatedBytes-CopyPart-CrossOver-
#79111	REDUCE cov: 8962 ft: 54432 corp: 1978/40Mb lim: 65536 exec/s: 441 rss: 466Mb L: 15816/65536 MS: 1 EraseBytes-
#79112	REDUCE cov: 8962 ft: 54432 corp: 1978/40Mb lim: 65536 exec/s: 441 rss: 466Mb L: 3816/65536 MS: 1 EraseBytes-
#79203	REDUCE cov: 8962 ft: 54432 corp: 1978/40Mb lim: 65536 exec/s: 442 rss: 466Mb L: 36574/65536 MS: 1 EraseBytes-
#79258	REDUCE cov: 8962 ft: 54432 corp: 1978/40Mb lim: 65536 exec/s: 440 rss: 466Mb L: 13955/65536 MS: 5 CrossOver-PersAutoDict-InsertByte-InsertRepeatedBytes-EraseBytes- DE: ",\000\000\000"-
#79269	REDUCE cov: 8962 ft: 54432 corp: 1978/40Mb lim: 65536 exec/s: 440 rss: 466Mb L: 24270/65536 MS: 1 EraseBytes-
#79283	REDUCE cov: 8962 ft: 54432 corp: 1978/40Mb lim: 65536 exec/s: 440 rss: 466Mb L: 38466/65536 MS: 4 InsertByte-InsertByte-CMP-EraseBytes- DE: "\346\231"-
#79298	REDUCE cov: 8962 ft: 54432 corp: 1978/40Mb lim: 65536 exec/s: 440 rss: 466Mb L: 6632/65536 MS: 5 ChangeASCIIInt-ChangeBit-PersAutoDict-ChangeByte-EraseBytes- DE: "Ls)"-
#79309	REDUCE cov: 8962 ft: 54432 corp: 1978/40Mb lim: 65536 exec/s: 440 rss: 466Mb L: 23533/65536 MS: 1 EraseBytes-
#79320	REDUCE cov: 8962 ft: 54432 corp: 1978/40Mb lim: 65536 exec/s: 440 rss: 466Mb L: 49921/65536 MS: 1 EraseBytes-
#79339	REDUCE cov: 8962 ft: 54432 corp: 1978/40Mb lim: 65536 exec/s: 440 rss: 466Mb L: 28227/65536 MS: 4 ChangeBinInt-ChangeASCIIInt-InsertByte-EraseBytes-
#79382	REDUCE cov: 8962 ft: 54432 corp: 1978/40Mb lim: 65536 exec/s: 441 rss: 466Mb L: 3741/65536 MS: 3 ShuffleBytes-ChangeBit-EraseBytes-
#79395	NEW    cov: 8962 ft: 54451 corp: 1979/40Mb lim: 65536 exec/s: 441 rss: 466Mb L: 21212/65536 MS: 3 ChangeASCIIInt-ShuffleBytes-CopyPart-
#79444	REDUCE cov: 8962 ft: 54451 corp: 1979/40Mb lim: 65536 exec/s: 441 rss: 466Mb L: 42940/65536 MS: 4 EraseBytes-CMP-InsertByte-CopyPart- DE: "\000\000\177\376\266g\275\330"-
#79448	REDUCE cov: 8962 ft: 54451 corp: 1979/40Mb lim: 65536 exec/s: 441 rss: 466Mb L: 7788/65536 MS: 4 PersAutoDict-ShuffleBytes-ChangeBit-EraseBytes- DE: "o -"-
#79459	REDUCE cov: 8962 ft: 54451 corp: 1979/40Mb lim: 65536 exec/s: 441 rss: 466Mb L: 12216/65536 MS: 1 EraseBytes-
#79541	REDUCE cov: 8962 ft: 54451 corp: 1979/40Mb lim: 65536 exec/s: 441 rss: 466Mb L: 21334/65536 MS: 2 PersAutoDict-EraseBytes- DE: "\000\000\000\004"-
#79546	REDUCE cov: 8962 ft: 54451 corp: 1979/40Mb lim: 65536 exec/s: 441 rss: 466Mb L: 3483/65536 MS: 5 CopyPart-ShuffleBytes-InsertRepeatedBytes-InsertByte-EraseBytes-
#79557	REDUCE cov: 8962 ft: 54451 corp: 1979/40Mb lim: 65536 exec/s: 441 rss: 466Mb L: 7777/65536 MS: 1 EraseBytes-
#79569	NEW    cov: 8962 ft: 54452 corp: 1980/40Mb lim: 65536 exec/s: 442 rss: 466Mb L: 4218/65536 MS: 2 ChangeASCIIInt-CopyPart-
#79605	REDUCE cov: 8962 ft: 54452 corp: 1980/40Mb lim: 65536 exec/s: 442 rss: 466Mb L: 6582/65536 MS: 1 EraseBytes-
#79608	NEW    cov: 8962 ft: 54467 corp: 1981/40Mb lim: 65536 exec/s: 442 rss: 466Mb L: 62559/65536 MS: 3 InsertByte-ChangeByte-CopyPart-
#79668	REDUCE cov: 8962 ft: 54468 corp: 1982/40Mb lim: 65536 exec/s: 442 rss: 466Mb L: 40961/65536 MS: 5 CrossOver-PersAutoDict-ChangeByte-InsertByte-CrossOver- DE: "\375\000\000\000\200`\000\000"-
#79765	REDUCE cov: 8962 ft: 54468 corp: 1982/40Mb lim: 65536 exec/s: 440 rss: 466Mb L: 9333/65536 MS: 2 ShuffleBytes-EraseBytes-
#79766	REDUCE cov: 8962 ft: 54468 corp: 1982/40Mb lim: 65536 exec/s: 440 rss: 466Mb L: 11630/65536 MS: 1 EraseBytes-
#79798	REDUCE cov: 8962 ft: 54468 corp: 1982/40Mb lim: 65536 exec/s: 440 rss: 466Mb L: 158/65536 MS: 2 ChangeByte-EraseBytes-
#79912	REDUCE cov: 8962 ft: 54468 corp: 1982/40Mb lim: 65536 exec/s: 441 rss: 466Mb L: 5204/65536 MS: 4 InsertRepeatedBytes-InsertRepeatedBytes-ChangeBit-EraseBytes-
#79923	REDUCE cov: 8962 ft: 54468 corp: 1982/40Mb lim: 65536 exec/s: 441 rss: 466Mb L: 2688/65536 MS: 1 EraseBytes-
#79961	NEW    cov: 8962 ft: 54473 corp: 1983/40Mb lim: 65536 exec/s: 441 rss: 466Mb L: 18839/65536 MS: 3 EraseBytes-ChangeBit-CrossOver-
#79969	REDUCE cov: 8962 ft: 54473 corp: 1983/40Mb lim: 65536 exec/s: 441 rss: 466Mb L: 32283/65536 MS: 3 CopyPart-CrossOver-EraseBytes-
#79992	REDUCE cov: 8962 ft: 54473 corp: 1983/40Mb lim: 65536 exec/s: 441 rss: 466Mb L: 2137/65536 MS: 3 ChangeBinInt-ShuffleBytes-EraseBytes-
#80013	REDUCE cov: 8962 ft: 54473 corp: 1983/40Mb lim: 65536 exec/s: 442 rss: 466Mb L: 51784/65536 MS: 1 EraseBytes-
#80044	REDUCE cov: 8962 ft: 54473 corp: 1983/40Mb lim: 65536 exec/s: 442 rss: 466Mb L: 49616/65536 MS: 1 EraseBytes-
#80056	REDUCE cov: 8962 ft: 54473 corp: 1983/40Mb lim: 65536 exec/s: 442 rss: 466Mb L: 6672/65536 MS: 2 ShuffleBytes-EraseBytes-
#80096	REDUCE cov: 8962 ft: 54473 corp: 1983/40Mb lim: 65536 exec/s: 442 rss: 466Mb L: 40967/65536 MS: 5 ChangeByte-InsertByte-InsertByte-ShuffleBytes-EraseBytes-
#80097	REDUCE cov: 8962 ft: 54473 corp: 1983/40Mb lim: 65536 exec/s: 442 rss: 466Mb L: 17270/65536 MS: 1 EraseBytes-
#80123	REDUCE cov: 8962 ft: 54473 corp: 1983/40Mb lim: 65536 exec/s: 442 rss: 466Mb L: 29365/65536 MS: 1 EraseBytes-
#80244	REDUCE cov: 8962 ft: 54473 corp: 1983/40Mb lim: 65536 exec/s: 440 rss: 466Mb L: 20071/65536 MS: 1 EraseBytes-
#80250	REDUCE cov: 8962 ft: 54473 corp: 1983/40Mb lim: 65536 exec/s: 440 rss: 466Mb L: 6468/65536 MS: 1 EraseBytes-
#80258	REDUCE cov: 8962 ft: 54473 corp: 1983/40Mb lim: 65536 exec/s: 440 rss: 466Mb L: 11246/65536 MS: 3 CMP-InsertRepeatedBytes-EraseBytes- DE: "F\266\035\000\260b\000\000"-
#80259	REDUCE cov: 8962 ft: 54473 corp: 1983/40Mb lim: 65536 exec/s: 440 rss: 466Mb L: 15627/65536 MS: 1 EraseBytes-
#80326	NEW    cov: 8962 ft: 54550 corp: 1984/40Mb lim: 65536 exec/s: 441 rss: 466Mb L: 26128/65536 MS: 2 ShuffleBytes-CopyPart-
#80343	REDUCE cov: 8962 ft: 54550 corp: 1984/40Mb lim: 65536 exec/s: 441 rss: 466Mb L: 14345/65536 MS: 2 ChangeBit-EraseBytes-
#80344	REDUCE cov: 8962 ft: 54550 corp: 1984/40Mb lim: 65536 exec/s: 441 rss: 466Mb L: 17083/65536 MS: 1 EraseBytes-
#80370	REDUCE cov: 8962 ft: 54550 corp: 1984/40Mb lim: 65536 exec/s: 441 rss: 466Mb L: 16027/65536 MS: 1 EraseBytes-
#80406	REDUCE cov: 8962 ft: 54550 corp: 1984/40Mb lim: 65536 exec/s: 441 rss: 466Mb L: 42991/65536 MS: 1 EraseBytes-
#80408	REDUCE cov: 8962 ft: 54550 corp: 1984/40Mb lim: 65536 exec/s: 441 rss: 466Mb L: 1710/65536 MS: 2 InsertRepeatedBytes-EraseBytes-
#80411	REDUCE cov: 8962 ft: 54550 corp: 1984/40Mb lim: 65536 exec/s: 441 rss: 466Mb L: 7729/65536 MS: 3 ChangeASCIIInt-InsertByte-EraseBytes-
#80415	REDUCE cov: 8962 ft: 54550 corp: 1984/40Mb lim: 65536 exec/s: 441 rss: 466Mb L: 1301/65536 MS: 4 ChangeASCIIInt-ChangeASCIIInt-ChangeByte-EraseBytes-
#80424	REDUCE cov: 8962 ft: 54550 corp: 1984/40Mb lim: 65536 exec/s: 441 rss: 466Mb L: 14625/65536 MS: 4 ChangeBit-InsertRepeatedBytes-PersAutoDict-EraseBytes- DE: "ftp"-
#80444	NEW    cov: 8962 ft: 54554 corp: 1985/40Mb lim: 65536 exec/s: 442 rss: 466Mb L: 8896/65536 MS: 5 ShuffleBytes-ChangeBit-ShuffleBytes-InsertRepeatedBytes-CopyPart-
#80527	REDUCE cov: 8962 ft: 54554 corp: 1985/40Mb lim: 65536 exec/s: 442 rss: 466Mb L: 4317/65536 MS: 3 ChangeBinInt-CMP-EraseBytes- DE: "f\000"-
#80564	REDUCE cov: 8962 ft: 54556 corp: 1986/40Mb lim: 65536 exec/s: 442 rss: 466Mb L: 34889/65536 MS: 2 ChangeASCIIInt-CopyPart-
#80587	REDUCE cov: 8962 ft: 54556 corp: 1986/40Mb lim: 65536 exec/s: 442 rss: 466Mb L: 702/65536 MS: 3 ChangeBit-InsertByte-EraseBytes-
#80618	REDUCE cov: 8962 ft: 54556 corp: 1986/40Mb lim: 65536 exec/s: 442 rss: 466Mb L: 21627/65536 MS: 1 EraseBytes-
#80636	REDUCE cov: 8962 ft: 54557 corp: 1987/40Mb lim: 65536 exec/s: 443 rss: 466Mb L: 7801/65536 MS: 3 ChangeASCIIInt-CrossOver-CopyPart-
#80762	NEW    cov: 8963 ft: 54558 corp: 1988/40Mb lim: 65536 exec/s: 441 rss: 466Mb L: 25710/65536 MS: 1 CrossOver-
#80853	REDUCE cov: 8963 ft: 54558 corp: 1988/40Mb lim: 65536 exec/s: 441 rss: 466Mb L: 8513/65536 MS: 1 EraseBytes-
#80855	REDUCE cov: 8963 ft: 54558 corp: 1988/40Mb lim: 65536 exec/s: 441 rss: 466Mb L: 12396/65536 MS: 2 ShuffleBytes-EraseBytes-
#80866	REDUCE cov: 8963 ft: 54558 corp: 1988/40Mb lim: 65536 exec/s: 441 rss: 466Mb L: 21794/65536 MS: 1 EraseBytes-
#80884	REDUCE cov: 8963 ft: 54558 corp: 1988/40Mb lim: 65536 exec/s: 441 rss: 466Mb L: 24291/65536 MS: 3 InsertByte-PersAutoDict-EraseBytes- DE: "\030;\016\000\340b\000\000"-
#80919	REDUCE cov: 8963 ft: 54558 corp: 1988/40Mb lim: 65536 exec/s: 442 rss: 466Mb L: 2084/65536 MS: 5 ChangeBit-CopyPart-ChangeBinInt-ChangeBit-EraseBytes-
#80998	REDUCE cov: 8963 ft: 54558 corp: 1988/40Mb lim: 65536 exec/s: 442 rss: 466Mb L: 649/65536 MS: 4 InsertByte-ShuffleBytes-ChangeBit-EraseBytes-
#81137	REDUCE cov: 8963 ft: 54558 corp: 1988/40Mb lim: 65536 exec/s: 443 rss: 466Mb L: 6885/65536 MS: 4 ChangeBit-ChangeBit-CMP-EraseBytes- DE: "\001\000bP\002#(\305"-
#81145	REDUCE cov: 8963 ft: 54558 corp: 1988/40Mb lim: 65536 exec/s: 443 rss: 466Mb L: 1274/65536 MS: 3 ChangeBit-ShuffleBytes-EraseBytes-
#81179	REDUCE cov: 8963 ft: 54558 corp: 1988/40Mb lim: 65536 exec/s: 441 rss: 466Mb L: 6149/65536 MS: 4 ChangeBinInt-ShuffleBytes-CrossOver-EraseBytes-
#81202	REDUCE cov: 8963 ft: 54558 corp: 1988/40Mb lim: 65536 exec/s: 441 rss: 466Mb L: 12904/65536 MS: 3 InsertByte-ShuffleBytes-EraseBytes-
#81209	REDUCE cov: 8963 ft: 54558 corp: 1988/40Mb lim: 65536 exec/s: 441 rss: 466Mb L: 14628/65536 MS: 2 ShuffleBytes-EraseBytes-
#81257	REDUCE cov: 8963 ft: 54559 corp: 1989/40Mb lim: 65536 exec/s: 441 rss: 466Mb L: 54730/65536 MS: 3 InsertByte-CMP-CopyPart- DE: "\001\013"-
#81290	REDUCE cov: 8963 ft: 54559 corp: 1989/40Mb lim: 65536 exec/s: 441 rss: 466Mb L: 50/65536 MS: 3 EraseBytes-CMP-EraseBytes- DE: "ink"-
#81335	REDUCE cov: 8963 ft: 54559 corp: 1989/40Mb lim: 65536 exec/s: 442 rss: 466Mb L: 11509/65536 MS: 5 InsertRepeatedBytes-InsertByte-ChangeBinInt-ShuffleBytes-EraseBytes-
#81348	REDUCE cov: 8963 ft: 54559 corp: 1989/40Mb lim: 65536 exec/s: 442 rss: 466Mb L: 14779/65536 MS: 3 ChangeASCIIInt-ChangeASCIIInt-EraseBytes-
#81394	REDUCE cov: 8963 ft: 54559 corp: 1989/40Mb lim: 65536 exec/s: 442 rss: 466Mb L: 183/65536 MS: 1 EraseBytes-
#81414	REDUCE cov: 8963 ft: 54559 corp: 1989/40Mb lim: 65536 exec/s: 442 rss: 466Mb L: 9013/65536 MS: 5 CMP-ChangeByte-InsertRepeatedBytes-InsertByte-EraseBytes- DE: "\377\377\377\377\377\377\377\377"-
#81421	REDUCE cov: 8963 ft: 54559 corp: 1989/40Mb lim: 65536 exec/s: 442 rss: 466Mb L: 1866/65536 MS: 2 CopyPart-EraseBytes-
#81432	REDUCE cov: 8963 ft: 54559 corp: 1989/40Mb lim: 65536 exec/s: 442 rss: 466Mb L: 26911/65536 MS: 1 EraseBytes-
#81437	REDUCE cov: 8963 ft: 54559 corp: 1989/40Mb lim: 65536 exec/s: 442 rss: 466Mb L: 2509/65536 MS: 5 CopyPart-ChangeBit-ChangeBinInt-CMP-EraseBytes- DE: "\011Y"-
#81475	REDUCE cov: 8963 ft: 54559 corp: 1989/40Mb lim: 65536 exec/s: 442 rss: 466Mb L: 13709/65536 MS: 3 ChangeByte-ChangeBit-EraseBytes-
#81513	NEW    cov: 8982 ft: 54578 corp: 1990/40Mb lim: 65536 exec/s: 443 rss: 466Mb L: 62938/65536 MS: 3 ChangeASCIIInt-ChangeByte-CrossOver-
#81521	REDUCE cov: 8982 ft: 54578 corp: 1990/40Mb lim: 65536 exec/s: 443 rss: 466Mb L: 22090/65536 MS: 3 ChangeASCIIInt-InsertRepeatedBytes-EraseBytes-
#81539	REDUCE cov: 8982 ft: 54578 corp: 1990/40Mb lim: 65536 exec/s: 443 rss: 466Mb L: 6774/65536 MS: 3 CMP-PersAutoDict-EraseBytes- DE: "\357\273\277"-"\377\377a\360\001\024a\203"-
#81567	NEW    cov: 8984 ft: 54580 corp: 1991/40Mb lim: 65536 exec/s: 443 rss: 466Mb L: 47155/65536 MS: 3 CopyPart-ChangeBit-CrossOver-
#81628	REDUCE cov: 8984 ft: 54580 corp: 1991/40Mb lim: 65536 exec/s: 443 rss: 466Mb L: 17270/65536 MS: 1 EraseBytes-
#81629	REDUCE cov: 8984 ft: 54580 corp: 1991/40Mb lim: 65536 exec/s: 443 rss: 466Mb L: 354/65536 MS: 1 EraseBytes-
#81650	REDUCE cov: 8984 ft: 54580 corp: 1991/40Mb lim: 65536 exec/s: 443 rss: 466Mb L: 4183/65536 MS: 1 EraseBytes-
#81668	REDUCE cov: 8984 ft: 54580 corp: 1991/40Mb lim: 65536 exec/s: 443 rss: 466Mb L: 7719/65536 MS: 3 ChangeASCIIInt-PersAutoDict-EraseBytes- DE: "\377\377``\000\031y\271"-
#81684	REDUCE cov: 8984 ft: 54580 corp: 1991/40Mb lim: 65536 exec/s: 443 rss: 467Mb L: 37462/65536 MS: 1 EraseBytes-
#81727	REDUCE cov: 8984 ft: 54580 corp: 1991/40Mb lim: 65536 exec/s: 444 rss: 467Mb L: 1955/65536 MS: 3 InsertRepeatedBytes-ChangeASCIIInt-EraseBytes-
#81739	REDUCE cov: 8984 ft: 54580 corp: 1991/40Mb lim: 65536 exec/s: 444 rss: 467Mb L: 5935/65536 MS: 2 PersAutoDict-EraseBytes- DE: "\377\377a\260\000^\352q"-
#81745	NEW    cov: 8984 ft: 54597 corp: 1992/40Mb lim: 65536 exec/s: 441 rss: 467Mb L: 23375/65536 MS: 1 CopyPart-
#81754	REDUCE cov: 8984 ft: 54597 corp: 1992/40Mb lim: 65536 exec/s: 441 rss: 467Mb L: 23121/65536 MS: 4 ChangeBinInt-CrossOver-CopyPart-EraseBytes-
#81796	REDUCE cov: 8984 ft: 54597 corp: 1992/40Mb lim: 65536 exec/s: 442 rss: 467Mb L: 2648/65536 MS: 2 ChangeBit-EraseBytes-
#81803	REDUCE cov: 8984 ft: 54597 corp: 1992/40Mb lim: 65536 exec/s: 442 rss: 467Mb L: 4520/65536 MS: 2 ChangeByte-EraseBytes-
#81828	REDUCE cov: 8984 ft: 54597 corp: 1992/40Mb lim: 65536 exec/s: 442 rss: 467Mb L: 11737/65536 MS: 5 CMP-InsertRepeatedBytes-ShuffleBytes-PersAutoDict-EraseBytes- DE: "https"-"&Darr;"-
#81882	REDUCE cov: 8984 ft: 54597 corp: 1992/40Mb lim: 65536 exec/s: 442 rss: 467Mb L: 17783/65536 MS: 4 ShuffleBytes-ChangeBinInt-PersAutoDict-EraseBytes- DE: "\001\000\000\013"-
#81897	REDUCE cov: 8984 ft: 54597 corp: 1992/40Mb lim: 65536 exec/s: 442 rss: 467Mb L: 9482/65536 MS: 5 InsertByte-CopyPart-ChangeBit-ChangeByte-EraseBytes-
#81939	REDUCE cov: 8984 ft: 54597 corp: 1992/40Mb lim: 65536 exec/s: 442 rss: 467Mb L: 186/65536 MS: 2 ChangeBinInt-EraseBytes-
#82015	REDUCE cov: 8984 ft: 54598 corp: 1993/40Mb lim: 65536 exec/s: 443 rss: 467Mb L: 32616/65536 MS: 1 CopyPart-
#82024	REDUCE cov: 8984 ft: 54606 corp: 1994/40Mb lim: 65536 exec/s: 443 rss: 467Mb L: 28614/65536 MS: 4 ChangeBinInt-ChangeByte-EraseBytes-CrossOver-
#82057	NEW    cov: 8984 ft: 54607 corp: 1995/40Mb lim: 65536 exec/s: 443 rss: 467Mb L: 64708/65536 MS: 3 ShuffleBytes-PersAutoDict-CopyPart- DE: ",\004\335\000\020c\000\000"-
#82067	REDUCE cov: 8984 ft: 54607 corp: 1995/40Mb lim: 65536 exec/s: 443 rss: 467Mb L: 17145/65536 MS: 5 PersAutoDict-InsertRepeatedBytes-CopyPart-ChangeBit-EraseBytes- DE: "\001\000b \000\013>\344"-
#82123	REDUCE cov: 8984 ft: 54607 corp: 1995/40Mb lim: 65536 exec/s: 443 rss: 468Mb L: 63236/65536 MS: 1 EraseBytes-
#82132	REDUCE cov: 8984 ft: 54607 corp: 1995/40Mb lim: 65536 exec/s: 443 rss: 468Mb L: 2660/65536 MS: 4 ChangeBit-ShuffleBytes-ChangeByte-EraseBytes-
#82182	NEW    cov: 8986 ft: 54609 corp: 1996/40Mb lim: 65536 exec/s: 444 rss: 468Mb L: 10615/65536 MS: 5 CopyPart-CMP-ShuffleBytes-InsertRepeatedBytes-CMP- DE: "&range"-" text"-
#82184	REDUCE cov: 8986 ft: 54609 corp: 1996/40Mb lim: 65536 exec/s: 444 rss: 468Mb L: 7623/65536 MS: 2 PersAutoDict-EraseBytes- DE: "&gnapprox;"-
#82214	REDUCE cov: 8986 ft: 54609 corp: 1996/40Mb lim: 65536 exec/s: 444 rss: 468Mb L: 11783/65536 MS: 5 ChangeBinInt-ChangeASCIIInt-ChangeBit-ChangeBinInt-EraseBytes-
#82259	REDUCE cov: 8986 ft: 54609 corp: 1996/40Mb lim: 65536 exec/s: 442 rss: 468Mb L: 44810/65536 MS: 5 InsertRepeatedBytes-InsertRepeatedBytes-ShuffleBytes-ShuffleBytes-EraseBytes-
#82302	REDUCE cov: 8986 ft: 54609 corp: 1996/40Mb lim: 65536 exec/s: 442 rss: 468Mb L: 35439/65536 MS: 3 ChangeASCIIInt-CopyPart-EraseBytes-
#82339	REDUCE cov: 8986 ft: 54609 corp: 1996/40Mb lim: 65536 exec/s: 442 rss: 468Mb L: 6887/65536 MS: 2 ChangeBit-EraseBytes-
#82359	REDUCE cov: 8986 ft: 54609 corp: 1996/40Mb lim: 65536 exec/s: 442 rss: 468Mb L: 1271/65536 MS: 5 CMP-ChangeBit-CMP-InsertByte-EraseBytes- DE: "\014\000\000\000"-"\000\000a\260\000k\245\361"-
#82402	REDUCE cov: 8986 ft: 54609 corp: 1996/40Mb lim: 65536 exec/s: 443 rss: 468Mb L: 6149/65536 MS: 3 ChangeByte-ChangeByte-EraseBytes-
#82418	NEW    cov: 8986 ft: 54630 corp: 1997/40Mb lim: 65536 exec/s: 443 rss: 468Mb L: 62911/65536 MS: 1 CopyPart-
#82419	REDUCE cov: 8986 ft: 54630 corp: 1997/40Mb lim: 65536 exec/s: 443 rss: 468Mb L: 21437/65536 MS: 1 EraseBytes-
#82565	REDUCE cov: 8986 ft: 54630 corp: 1997/40Mb lim: 65536 exec/s: 443 rss: 468Mb L: 559/65536 MS: 1 EraseBytes-
#82660	REDUCE cov: 8986 ft: 54630 corp: 1997/40Mb lim: 65536 exec/s: 444 rss: 468Mb L: 56289/65536 MS: 5 PersAutoDict-CopyPart-PersAutoDict-ChangeASCIIInt-EraseBytes- DE: "lines"-"\024\000\000\000"-
#82672	REDUCE cov: 8986 ft: 54630 corp: 1997/40Mb lim: 65536 exec/s: 444 rss: 468Mb L: 44938/65536 MS: 2 CMP-EraseBytes- DE: "\003\000\000\000"-
#82683	REDUCE cov: 8986 ft: 54630 corp: 1997/40Mb lim: 65536 exec/s: 444 rss: 468Mb L: 32310/65536 MS: 1 EraseBytes-
#82712	REDUCE cov: 8986 ft: 54667 corp: 1998/40Mb lim: 65536 exec/s: 444 rss: 468Mb L: 19153/65536 MS: 4 ChangeBinInt-InsertRepeatedBytes-ChangeBit-CrossOver-
#82714	REDUCE cov: 8986 ft: 54667 corp: 1998/40Mb lim: 65536 exec/s: 444 rss: 468Mb L: 18951/65536 MS: 2 InsertByte-EraseBytes-
#82718	REDUCE cov: 8986 ft: 54667 corp: 1998/40Mb lim: 65536 exec/s: 444 rss: 468Mb L: 6649/65536 MS: 4 CrossOver-InsertRepeatedBytes-CrossOver-EraseBytes-
#82742	NEW    cov: 8986 ft: 54668 corp: 1999/40Mb lim: 65536 exec/s: 444 rss: 468Mb L: 17819/65536 MS: 4 ChangeBinInt-CopyPart-InsertRepeatedBytes-EraseBytes-
#82757	REDUCE cov: 8986 ft: 54668 corp: 1999/40Mb lim: 65536 exec/s: 444 rss: 468Mb L: 30038/65536 MS: 5 PersAutoDict-ChangeBinInt-CopyPart-PersAutoDict-EraseBytes- DE: "\377\377a\320\0010R\037"-"\001\023"-
#82804	REDUCE cov: 8986 ft: 54668 corp: 1999/40Mb lim: 65536 exec/s: 442 rss: 468Mb L: 544/65536 MS: 2 PersAutoDict-EraseBytes- DE: "\000\012"-
#82835	NEW    cov: 8986 ft: 54669 corp: 2000/40Mb lim: 65536 exec/s: 442 rss: 468Mb L: 19403/65536 MS: 1 CopyPart-
#82847	REDUCE cov: 8986 ft: 54669 corp: 2000/40Mb lim: 65536 exec/s: 443 rss: 468Mb L: 55485/65536 MS: 2 ShuffleBytes-EraseBytes-
#82871	NEW    cov: 8986 ft: 54684 corp: 2001/40Mb lim: 65536 exec/s: 443 rss: 468Mb L: 18132/65536 MS: 4 ShuffleBytes-ChangeByte-ChangeBit-CopyPart-
#82872	REDUCE cov: 8986 ft: 54684 corp: 2001/40Mb lim: 65536 exec/s: 443 rss: 468Mb L: 24632/65536 MS: 1 EraseBytes-
#82949	REDUCE cov: 8986 ft: 54684 corp: 2001/40Mb lim: 65536 exec/s: 443 rss: 468Mb L: 17458/65536 MS: 2 ChangeBinInt-EraseBytes-
#82980	REDUCE cov: 8986 ft: 54684 corp: 2001/40Mb lim: 65536 exec/s: 443 rss: 468Mb L: 15247/65536 MS: 1 CrossOver-
#82981	REDUCE cov: 8986 ft: 54684 corp: 2001/40Mb lim: 65536 exec/s: 443 rss: 468Mb L: 8488/65536 MS: 1 EraseBytes-
#82988	NEW    cov: 8986 ft: 54687 corp: 2002/40Mb lim: 65536 exec/s: 443 rss: 468Mb L: 62834/65536 MS: 2 CopyPart-CopyPart-
#83009	NEW    cov: 8986 ft: 54689 corp: 2003/40Mb lim: 65536 exec/s: 443 rss: 468Mb L: 1367/65536 MS: 1 CopyPart-
#83122	REDUCE cov: 8986 ft: 54689 corp: 2003/40Mb lim: 65536 exec/s: 444 rss: 468Mb L: 15604/65536 MS: 3 InsertByte-ChangeASCIIInt-EraseBytes-
#83167	NEW    cov: 8986 ft: 54741 corp: 2004/40Mb lim: 65536 exec/s: 444 rss: 468Mb L: 40510/65536 MS: 5 PersAutoDict-CMP-CrossOver-CrossOver-CopyPart- DE: "&gnapp"-"ple"-
#83190	REDUCE cov: 8986 ft: 54741 corp: 2004/40Mb lim: 65536 exec/s: 444 rss: 468Mb L: 187/65536 MS: 3 ShuffleBytes-CopyPart-EraseBytes-
#83201	REDUCE cov: 8986 ft: 54741 corp: 2004/40Mb lim: 65536 exec/s: 444 rss: 468Mb L: 378/65536 MS: 1 EraseBytes-
#83285	NEW    cov: 8986 ft: 54743 corp: 2005/40Mb lim: 65536 exec/s: 443 rss: 468Mb L: 17303/65536 MS: 4 CrossOver-ShuffleBytes-PersAutoDict-CrossOver- DE: "ies"-
#83329	REDUCE cov: 8986 ft: 54743 corp: 2005/40Mb lim: 65536 exec/s: 443 rss: 468Mb L: 9977/65536 MS: 4 InsertRepeatedBytes-ChangeBinInt-PersAutoDict-EraseBytes- DE: "\000\000c\000\001B\354\234"-
#83347	REDUCE cov: 8986 ft: 54743 corp: 2005/40Mb lim: 65536 exec/s: 443 rss: 468Mb L: 11507/65536 MS: 3 ChangeByte-CrossOver-EraseBytes-
#83385	REDUCE cov: 8987 ft: 54831 corp: 2006/40Mb lim: 65536 exec/s: 443 rss: 468Mb L: 5935/65536 MS: 3 PersAutoDict-ShuffleBytes-CopyPart- DE: "&ngE;"-
#83499	NEW    cov: 8987 ft: 54839 corp: 2007/40Mb lim: 65536 exec/s: 444 rss: 468Mb L: 46103/65536 MS: 4 ChangeByte-InsertByte-ChangeBit-CopyPart-
#83502	REDUCE cov: 8987 ft: 54839 corp: 2007/40Mb lim: 65536 exec/s: 444 rss: 468Mb L: 13297/65536 MS: 3 ChangeASCIIInt-ShuffleBytes-EraseBytes-
#83523	NEW    cov: 8987 ft: 54844 corp: 2008/40Mb lim: 65536 exec/s: 444 rss: 468Mb L: 61129/65536 MS: 1 CrossOver-
#83577	REDUCE cov: 8987 ft: 54848 corp: 2009/40Mb lim: 65536 exec/s: 444 rss: 468Mb L: 14236/65536 MS: 4 CMP-InsertRepeatedBytes-CopyPart-CopyPart- DE: "\001\000b\000\000\032\236\235"-
#83595	REDUCE cov: 8987 ft: 54863 corp: 2010/40Mb lim: 65536 exec/s: 444 rss: 468Mb L: 6431/65536 MS: 3 CMP-ChangeByte-EraseBytes- DE: "\032\000"-
#83622	NEW    cov: 8987 ft: 54865 corp: 2011/40Mb lim: 65536 exec/s: 444 rss: 468Mb L: 13520/65536 MS: 2 InsertRepeatedBytes-CopyPart-
#83625	NEW    cov: 8987 ft: 54866 corp: 2012/40Mb lim: 65536 exec/s: 444 rss: 468Mb L: 48832/65536 MS: 3 ChangeBinInt-ChangeBit-EraseBytes-
#83627	REDUCE cov: 8987 ft: 54866 corp: 2012/40Mb lim: 65536 exec/s: 444 rss: 468Mb L: 12110/65536 MS: 2 CMP-EraseBytes- DE: "rsion"-
#83639	REDUCE cov: 8987 ft: 54866 corp: 2012/40Mb lim: 65536 exec/s: 444 rss: 468Mb L: 2145/65536 MS: 2 ChangeBit-EraseBytes-
#83644	REDUCE cov: 8987 ft: 54866 corp: 2012/40Mb lim: 65536 exec/s: 444 rss: 468Mb L: 8332/65536 MS: 5 InsertRepeatedBytes-ChangeASCIIInt-ChangeBinInt-CrossOver-EraseBytes-
#83651	REDUCE cov: 8987 ft: 54866 corp: 2012/40Mb lim: 65536 exec/s: 444 rss: 468Mb L: 230/65536 MS: 2 ChangeBit-EraseBytes-
#83659	REDUCE cov: 8987 ft: 54867 corp: 2013/40Mb lim: 65536 exec/s: 444 rss: 468Mb L: 30127/65536 MS: 3 CrossOver-InsertRepeatedBytes-CrossOver-
#83661	REDUCE cov: 8987 ft: 54867 corp: 2013/40Mb lim: 65536 exec/s: 445 rss: 468Mb L: 3168/65536 MS: 2 ChangeBinInt-EraseBytes-
#83726	REDUCE cov: 8987 ft: 54867 corp: 2013/40Mb lim: 65536 exec/s: 445 rss: 468Mb L: 449/65536 MS: 5 InsertRepeatedBytes-ShuffleBytes-CopyPart-PersAutoDict-EraseBytes- DE: "\024\000\000\000"-
#83745	NEW    cov: 8987 ft: 54868 corp: 2014/40Mb lim: 65536 exec/s: 445 rss: 468Mb L: 14782/65536 MS: 4 ChangeByte-PersAutoDict-ShuffleBytes-CopyPart- DE: "\001\000\000\013"-
#83853	REDUCE cov: 8987 ft: 54868 corp: 2014/40Mb lim: 65536 exec/s: 443 rss: 468Mb L: 18074/65536 MS: 3 ChangeBit-CMP-EraseBytes- DE: "&qscr;"-
#83996	REDUCE cov: 8987 ft: 54868 corp: 2014/40Mb lim: 65536 exec/s: 444 rss: 468Mb L: 14998/65536 MS: 3 InsertByte-InsertByte-EraseBytes-
#83997	REDUCE cov: 8987 ft: 54868 corp: 2014/40Mb lim: 65536 exec/s: 444 rss: 468Mb L: 15243/65536 MS: 1 EraseBytes-
#84008	REDUCE cov: 8987 ft: 54868 corp: 2014/40Mb lim: 65536 exec/s: 444 rss: 468Mb L: 18044/65536 MS: 1 EraseBytes-
#84035	REDUCE cov: 8987 ft: 54868 corp: 2014/40Mb lim: 65536 exec/s: 444 rss: 468Mb L: 50195/65536 MS: 2 InsertByte-EraseBytes-
#84069	REDUCE cov: 8987 ft: 54868 corp: 2014/40Mb lim: 65536 exec/s: 444 rss: 468Mb L: 2968/65536 MS: 4 CMP-ChangeBinInt-ShuffleBytes-EraseBytes- DE: "\377\377\377\032"-
#84103	REDUCE cov: 8987 ft: 54868 corp: 2014/40Mb lim: 65536 exec/s: 444 rss: 468Mb L: 3279/65536 MS: 4 ShuffleBytes-CMP-ChangeBinInt-EraseBytes- DE: "\377\000"-
#84113	NEW    cov: 8987 ft: 54869 corp: 2015/40Mb lim: 65536 exec/s: 445 rss: 468Mb L: 2399/65536 MS: 5 CopyPart-ChangeBit-ShuffleBytes-CopyPart-CMP- DE: "\003\000"-
#84141	REDUCE cov: 8987 ft: 54869 corp: 2015/40Mb lim: 65536 exec/s: 445 rss: 468Mb L: 15003/65536 MS: 3 InsertRepeatedBytes-PersAutoDict-EraseBytes- DE: "1\000"-
#84172	REDUCE cov: 8987 ft: 54869 corp: 2015/40Mb lim: 65536 exec/s: 445 rss: 468Mb L: 150/65536 MS: 1 EraseBytes-
#84196	NEW    cov: 8987 ft: 54909 corp: 2016/40Mb lim: 65536 exec/s: 445 rss: 468Mb L: 23793/65536 MS: 4 ShuffleBytes-ShuffleBytes-ChangeByte-CopyPart-
#84197	NEW    cov: 8987 ft: 54910 corp: 2017/40Mb lim: 65536 exec/s: 445 rss: 468Mb L: 923/65536 MS: 1 EraseBytes-
#84207	REDUCE cov: 8987 ft: 54910 corp: 2017/40Mb lim: 65536 exec/s: 445 rss: 468Mb L: 2824/65536 MS: 5 ChangeByte-ChangeBinInt-PersAutoDict-CopyPart-EraseBytes- DE: "!\033"-
#84213	REDUCE cov: 8987 ft: 54910 corp: 2017/40Mb lim: 65536 exec/s: 445 rss: 468Mb L: 65/65536 MS: 1 EraseBytes-
#84230	REDUCE cov: 8987 ft: 54910 corp: 2017/40Mb lim: 65536 exec/s: 445 rss: 468Mb L: 27197/65536 MS: 2 ChangeByte-EraseBytes-
#84251	REDUCE cov: 8987 ft: 54910 corp: 2017/40Mb lim: 65536 exec/s: 445 rss: 468Mb L: 123/65536 MS: 1 EraseBytes-
#84254	REDUCE cov: 8987 ft: 54910 corp: 2017/40Mb lim: 65536 exec/s: 445 rss: 468Mb L: 11556/65536 MS: 3 CopyPart-CopyPart-EraseBytes-
#84290	REDUCE cov: 8987 ft: 54910 corp: 2017/40Mb lim: 65536 exec/s: 443 rss: 468Mb L: 26276/65536 MS: 1 CrossOver-
#84337	REDUCE cov: 8989 ft: 54912 corp: 2018/40Mb lim: 65536 exec/s: 443 rss: 468Mb L: 27390/65536 MS: 2 InsertRepeatedBytes-EraseBytes-
#84347	REDUCE cov: 8989 ft: 54913 corp: 2019/40Mb lim: 65536 exec/s: 443 rss: 468Mb L: 56426/65536 MS: 5 CopyPart-ChangeByte-CopyPart-ChangeBit-CopyPart-
#84384	REDUCE cov: 8989 ft: 54913 corp: 2019/40Mb lim: 65536 exec/s: 444 rss: 468Mb L: 8285/65536 MS: 2 InsertRepeatedBytes-EraseBytes-
#84430	REDUCE cov: 8989 ft: 54913 corp: 2019/40Mb lim: 65536 exec/s: 444 rss: 468Mb L: 4956/65536 MS: 1 EraseBytes-
#84468	REDUCE cov: 8989 ft: 54914 corp: 2020/40Mb lim: 65536 exec/s: 444 rss: 468Mb L: 10497/65536 MS: 3 InsertRepeatedBytes-ChangeASCIIInt-CrossOver-
#84480	REDUCE cov: 8989 ft: 54914 corp: 2020/40Mb lim: 65536 exec/s: 444 rss: 468Mb L: 38935/65536 MS: 2 ChangeByte-EraseBytes-
#84481	REDUCE cov: 8989 ft: 54914 corp: 2020/40Mb lim: 65536 exec/s: 444 rss: 468Mb L: 16981/65536 MS: 1 EraseBytes-
#84488	REDUCE cov: 8989 ft: 54914 corp: 2020/40Mb lim: 65536 exec/s: 444 rss: 468Mb L: 4324/65536 MS: 2 ChangeASCIIInt-EraseBytes-
#84529	REDUCE cov: 8989 ft: 54914 corp: 2020/40Mb lim: 65536 exec/s: 444 rss: 468Mb L: 11373/65536 MS: 1 EraseBytes-
#84611	REDUCE cov: 8989 ft: 54914 corp: 2020/40Mb lim: 65536 exec/s: 445 rss: 468Mb L: 56050/65536 MS: 2 CMP-EraseBytes- DE: "&Map;"-
#84652	REDUCE cov: 8989 ft: 54914 corp: 2020/40Mb lim: 65536 exec/s: 445 rss: 468Mb L: 9583/65536 MS: 1 EraseBytes-
#84656	REDUCE cov: 8989 ft: 54914 corp: 2020/40Mb lim: 65536 exec/s: 445 rss: 468Mb L: 22261/65536 MS: 4 InsertRepeatedBytes-CMP-CrossOver-EraseBytes- DE: "\363\377L\000\300b\000\000"-
#84697	REDUCE cov: 8989 ft: 54914 corp: 2020/40Mb lim: 65536 exec/s: 445 rss: 468Mb L: 27704/65536 MS: 1 EraseBytes-
#84756	REDUCE cov: 8989 ft: 54914 corp: 2020/40Mb lim: 65536 exec/s: 443 rss: 468Mb L: 13477/65536 MS: 4 PersAutoDict-InsertRepeatedBytes-ChangeBinInt-EraseBytes- DE: "t\375y\000\300b\000\000"-
#84786	REDUCE cov: 8989 ft: 54914 corp: 2020/40Mb lim: 65536 exec/s: 443 rss: 468Mb L: 23494/65536 MS: 5 ChangeBinInt-ChangeASCIIInt-InsertByte-ShuffleBytes-EraseBytes-
#84789	REDUCE cov: 8989 ft: 54914 corp: 2020/40Mb lim: 65536 exec/s: 443 rss: 468Mb L: 33664/65536 MS: 3 ChangeASCIIInt-InsertByte-EraseBytes-
#84810	REDUCE cov: 8989 ft: 54914 corp: 2020/40Mb lim: 65536 exec/s: 444 rss: 468Mb L: 6546/65536 MS: 1 EraseBytes-
#84812	REDUCE cov: 8989 ft: 54914 corp: 2020/40Mb lim: 65536 exec/s: 444 rss: 468Mb L: 9907/65536 MS: 2 ChangeASCIIInt-EraseBytes-
#84864	REDUCE cov: 8989 ft: 54914 corp: 2020/40Mb lim: 65536 exec/s: 444 rss: 468Mb L: 947/65536 MS: 2 ChangeBit-EraseBytes-
#84892	REDUCE cov: 8989 ft: 54914 corp: 2020/40Mb lim: 65536 exec/s: 444 rss: 468Mb L: 6094/65536 MS: 3 ChangeBinInt-InsertRepeatedBytes-EraseBytes-
#84908	REDUCE cov: 8989 ft: 54914 corp: 2020/40Mb lim: 65536 exec/s: 444 rss: 468Mb L: 14905/65536 MS: 1 EraseBytes-
#84962	REDUCE cov: 8989 ft: 54914 corp: 2020/40Mb lim: 65536 exec/s: 444 rss: 468Mb L: 62037/65536 MS: 4 ChangeBinInt-ShuffleBytes-InsertByte-EraseBytes-
#84969	REDUCE cov: 8989 ft: 54914 corp: 2020/40Mb lim: 65536 exec/s: 444 rss: 468Mb L: 35298/65536 MS: 2 EraseBytes-CopyPart-
#84970	REDUCE cov: 8989 ft: 54914 corp: 2020/40Mb lim: 65536 exec/s: 444 rss: 468Mb L: 605/65536 MS: 1 EraseBytes-
#85046	REDUCE cov: 8989 ft: 54914 corp: 2020/40Mb lim: 65536 exec/s: 445 rss: 468Mb L: 19308/65536 MS: 1 EraseBytes-
#85127	REDUCE cov: 8989 ft: 54914 corp: 2020/40Mb lim: 65536 exec/s: 445 rss: 468Mb L: 357/65536 MS: 1 EraseBytes-
#85201	REDUCE cov: 8989 ft: 54914 corp: 2020/40Mb lim: 65536 exec/s: 446 rss: 468Mb L: 43696/65536 MS: 4 InsertRepeatedBytes-CrossOver-CMP-CopyPart- DE: "\001\000\000\033"-
#85241	REDUCE cov: 8989 ft: 54914 corp: 2020/40Mb lim: 65536 exec/s: 446 rss: 468Mb L: 6639/65536 MS: 5 PersAutoDict-ChangeByte-ChangeBinInt-CMP-EraseBytes- DE: "\001\000\000;"-"\000\000\000\000\000\000\000\000"-
#85249	REDUCE cov: 8989 ft: 54914 corp: 2020/40Mb lim: 65536 exec/s: 446 rss: 468Mb L: 2848/65536 MS: 3 ShuffleBytes-ChangeByte-EraseBytes-
#85277	NEW    cov: 8990 ft: 54915 corp: 2021/40Mb lim: 65536 exec/s: 444 rss: 468Mb L: 64515/65536 MS: 3 ShuffleBytes-ChangeASCIIInt-CopyPart-
#85278	REDUCE cov: 8990 ft: 54915 corp: 2021/40Mb lim: 65536 exec/s: 444 rss: 468Mb L: 38171/65536 MS: 1 EraseBytes-
#85280	REDUCE cov: 8990 ft: 54915 corp: 2021/40Mb lim: 65536 exec/s: 444 rss: 468Mb L: 18820/65536 MS: 2 CopyPart-EraseBytes-
#85347	REDUCE cov: 8990 ft: 54915 corp: 2021/40Mb lim: 65536 exec/s: 444 rss: 468Mb L: 50339/65536 MS: 2 CMP-EraseBytes- DE: "\000\000\000\000"-
#85377	REDUCE cov: 8990 ft: 54915 corp: 2021/40Mb lim: 65536 exec/s: 444 rss: 468Mb L: 29310/65536 MS: 5 ChangeBit-ChangeASCIIInt-InsertRepeatedBytes-InsertRepeatedBytes-EraseBytes-
#85528	REDUCE cov: 8990 ft: 54916 corp: 2022/40Mb lim: 65536 exec/s: 445 rss: 468Mb L: 25166/65536 MS: 1 CopyPart-
#85566	REDUCE cov: 8990 ft: 54916 corp: 2022/40Mb lim: 65536 exec/s: 445 rss: 468Mb L: 17651/65536 MS: 3 ChangeBinInt-ShuffleBytes-EraseBytes-
#85575	REDUCE cov: 8990 ft: 54916 corp: 2022/40Mb lim: 65536 exec/s: 445 rss: 468Mb L: 625/65536 MS: 4 ChangeBinInt-InsertByte-ChangeByte-EraseBytes-
#85604	REDUCE cov: 8990 ft: 54916 corp: 2022/40Mb lim: 65536 exec/s: 445 rss: 468Mb L: 1197/65536 MS: 4 PersAutoDict-ChangeBit-ShuffleBytes-EraseBytes- DE: "ngs]"-
#85635	REDUCE cov: 8990 ft: 54916 corp: 2022/40Mb lim: 65536 exec/s: 446 rss: 468Mb L: 16172/65536 MS: 1 EraseBytes-
#85741	NEW    cov: 8990 ft: 54917 corp: 2023/40Mb lim: 65536 exec/s: 446 rss: 468Mb L: 18134/65536 MS: 1 PersAutoDict- DE: "\273R"-
#85782	NEW    cov: 8990 ft: 54918 corp: 2024/40Mb lim: 65536 exec/s: 444 rss: 468Mb L: 46180/65536 MS: 1 CopyPart-
#85789	REDUCE cov: 8990 ft: 54918 corp: 2024/40Mb lim: 65536 exec/s: 444 rss: 468Mb L: 17902/65536 MS: 2 CopyPart-EraseBytes-
#85888	REDUCE cov: 8990 ft: 54918 corp: 2024/40Mb lim: 65536 exec/s: 445 rss: 468Mb L: 17140/65536 MS: 4 InsertRepeatedBytes-ChangeBinInt-InsertRepeatedBytes-CrossOver-
#85928	REDUCE cov: 8990 ft: 54918 corp: 2024/40Mb lim: 65536 exec/s: 445 rss: 468Mb L: 24466/65536 MS: 5 PersAutoDict-CopyPart-ChangeASCIIInt-ChangeByte-EraseBytes- DE: "\000\000b@\000\210?D"-
#85969	REDUCE cov: 8990 ft: 54918 corp: 2024/40Mb lim: 65536 exec/s: 445 rss: 468Mb L: 134/65536 MS: 1 EraseBytes-
#85978	REDUCE cov: 8990 ft: 54918 corp: 2024/40Mb lim: 65536 exec/s: 445 rss: 468Mb L: 2005/65536 MS: 4 InsertByte-ChangeBinInt-ShuffleBytes-EraseBytes-
#86000	REDUCE cov: 8990 ft: 54918 corp: 2024/40Mb lim: 65536 exec/s: 445 rss: 468Mb L: 28405/65536 MS: 2 ChangeBinInt-EraseBytes-
#86017	REDUCE cov: 8990 ft: 54918 corp: 2024/40Mb lim: 65536 exec/s: 445 rss: 468Mb L: 3920/65536 MS: 2 ShuffleBytes-EraseBytes-
#86023	REDUCE cov: 8990 ft: 54918 corp: 2024/40Mb lim: 65536 exec/s: 445 rss: 468Mb L: 3611/65536 MS: 1 EraseBytes-
#86025	REDUCE cov: 8990 ft: 54918 corp: 2024/40Mb lim: 65536 exec/s: 445 rss: 468Mb L: 14344/65536 MS: 2 ChangeBinInt-EraseBytes-
#86044	NEW    cov: 8990 ft: 54919 corp: 2025/40Mb lim: 65536 exec/s: 445 rss: 468Mb L: 758/65536 MS: 4 InsertRepeatedBytes-ChangeBinInt-ShuffleBytes-CrossOver-
#86082	REDUCE cov: 8990 ft: 54919 corp: 2025/40Mb lim: 65536 exec/s: 446 rss: 468Mb L: 20190/65536 MS: 3 ChangeASCIIInt-EraseBytes-ChangeBit-
#86120	REDUCE cov: 8990 ft: 54919 corp: 2025/40Mb lim: 65536 exec/s: 446 rss: 468Mb L: 23456/65536 MS: 3 ChangeBit-PersAutoDict-EraseBytes- DE: "\377\377~\376\266g\276@"-
#86191	REDUCE cov: 8990 ft: 54919 corp: 2025/40Mb lim: 65536 exec/s: 446 rss: 468Mb L: 10958/65536 MS: 1 EraseBytes-
#86200	REDUCE cov: 8990 ft: 54919 corp: 2025/40Mb lim: 65536 exec/s: 446 rss: 468Mb L: 18188/65536 MS: 4 ChangeBit-ChangeByte-ShuffleBytes-EraseBytes-
#86213	REDUCE cov: 8990 ft: 54919 corp: 2025/40Mb lim: 65536 exec/s: 446 rss: 468Mb L: 11262/65536 MS: 3 CrossOver-PersAutoDict-EraseBytes- DE: ",\004\335\000\020c\000\000"-
#86225	NEW    cov: 8990 ft: 54920 corp: 2026/40Mb lim: 65536 exec/s: 446 rss: 468Mb L: 35342/65536 MS: 2 ChangeBinInt-CrossOver-
#86263	REDUCE cov: 8990 ft: 54920 corp: 2026/40Mb lim: 65536 exec/s: 446 rss: 468Mb L: 2672/65536 MS: 3 InsertByte-ChangeASCIIInt-EraseBytes-
#86265	REDUCE cov: 8990 ft: 54925 corp: 2027/40Mb lim: 65536 exec/s: 446 rss: 468Mb L: 62562/65536 MS: 2 ChangeByte-CopyPart-
#86268	REDUCE cov: 8990 ft: 54925 corp: 2027/40Mb lim: 65536 exec/s: 446 rss: 468Mb L: 45217/65536 MS: 3 ChangeBit-ChangeBit-EraseBytes-
#86310	REDUCE cov: 8990 ft: 54925 corp: 2027/40Mb lim: 65536 exec/s: 447 rss: 468Mb L: 14436/65536 MS: 2 CMP-EraseBytes- DE: "\310\215u\000`b\000\000"-
#86321	NEW    cov: 8995 ft: 54939 corp: 2028/40Mb lim: 65536 exec/s: 444 rss: 468Mb L: 19687/65536 MS: 1 EraseBytes-
#86355	REDUCE cov: 8995 ft: 54967 corp: 2029/40Mb lim: 65536 exec/s: 445 rss: 468Mb L: 326/65536 MS: 4 InsertByte-CMP-ShuffleBytes-CrossOver- DE: "`_`"-
#86378	NEW    cov: 8995 ft: 54968 corp: 2030/40Mb lim: 65536 exec/s: 445 rss: 468Mb L: 62445/65536 MS: 3 EraseBytes-CrossOver-CopyPart-
#86416	REDUCE cov: 8995 ft: 54968 corp: 2030/40Mb lim: 65536 exec/s: 445 rss: 468Mb L: 39534/65536 MS: 3 CopyPart-PersAutoDict-EraseBytes- DE: "says"-
#86444	NEW    cov: 8995 ft: 55025 corp: 2031/40Mb lim: 65536 exec/s: 445 rss: 468Mb L: 60019/65536 MS: 3 CopyPart-ChangeBit-CopyPart-
#86450	NEW    cov: 8995 ft: 55026 corp: 2032/41Mb lim: 65536 exec/s: 445 rss: 468Mb L: 31868/65536 MS: 1 ChangeBinInt-
#86482	REDUCE cov: 8995 ft: 55026 corp: 2032/41Mb lim: 65536 exec/s: 445 rss: 468Mb L: 62015/65536 MS: 2 ShuffleBytes-EraseBytes-
#86489	REDUCE cov: 8995 ft: 55035 corp: 2033/41Mb lim: 65536 exec/s: 445 rss: 468Mb L: 15225/65536 MS: 2 CrossOver-CrossOver-
#86498	REDUCE cov: 8995 ft: 55035 corp: 2033/41Mb lim: 65536 exec/s: 445 rss: 468Mb L: 15036/65536 MS: 4 ChangeBit-ChangeBinInt-ChangeBit-EraseBytes-
#86504	REDUCE cov: 8995 ft: 55035 corp: 2033/41Mb lim: 65536 exec/s: 445 rss: 468Mb L: 41395/65536 MS: 1 EraseBytes-
#86528	REDUCE cov: 8995 ft: 55036 corp: 2034/41Mb lim: 65536 exec/s: 446 rss: 468Mb L: 5264/65536 MS: 4 CMP-ShuffleBytes-ChangeBit-CrossOver- DE: "\377\377"-
#86568	REDUCE cov: 8995 ft: 55037 corp: 2035/41Mb lim: 65536 exec/s: 446 rss: 468Mb L: 17778/65536 MS: 5 ShuffleBytes-InsertByte-CrossOver-ChangeByte-CopyPart-
#86571	REDUCE cov: 8995 ft: 55037 corp: 2035/41Mb lim: 65536 exec/s: 446 rss: 468Mb L: 27104/65536 MS: 3 CMP-ChangeASCIIInt-EraseBytes- DE: "\015\000\000\000"-
#86582	REDUCE cov: 8995 ft: 55037 corp: 2035/41Mb lim: 65536 exec/s: 446 rss: 468Mb L: 29553/65536 MS: 1 EraseBytes-
#86594	REDUCE cov: 8995 ft: 55037 corp: 2035/41Mb lim: 65536 exec/s: 446 rss: 468Mb L: 8731/65536 MS: 2 InsertByte-EraseBytes-
#86628	REDUCE cov: 8995 ft: 55037 corp: 2035/41Mb lim: 65536 exec/s: 446 rss: 468Mb L: 2897/65536 MS: 4 CMP-InsertByte-ChangeASCIIInt-EraseBytes- DE: "\377\377a\300\001\331\002\010"-
#86635	REDUCE cov: 8995 ft: 55037 corp: 2035/41Mb lim: 65536 exec/s: 446 rss: 468Mb L: 61099/65536 MS: 2 ChangeASCIIInt-EraseBytes-
#86637	REDUCE cov: 8995 ft: 55037 corp: 2035/41Mb lim: 65536 exec/s: 446 rss: 468Mb L: 5036/65536 MS: 2 CMP-EraseBytes- DE: "&aacu"-
#86664	REDUCE cov: 8995 ft: 55037 corp: 2035/41Mb lim: 65536 exec/s: 446 rss: 469Mb L: 24432/65536 MS: 2 InsertRepeatedBytes-EraseBytes-
#86706	REDUCE cov: 8995 ft: 55037 corp: 2035/41Mb lim: 65536 exec/s: 446 rss: 469Mb L: 9598/65536 MS: 2 ChangeASCIIInt-EraseBytes-
#86732	REDUCE cov: 8995 ft: 55037 corp: 2035/41Mb lim: 65536 exec/s: 447 rss: 469Mb L: 28784/65536 MS: 1 EraseBytes-
#86739	REDUCE cov: 8995 ft: 55037 corp: 2035/41Mb lim: 65536 exec/s: 447 rss: 469Mb L: 4143/65536 MS: 2 ChangeBit-EraseBytes-
#86769	REDUCE cov: 8995 ft: 55037 corp: 2035/41Mb lim: 65536 exec/s: 444 rss: 469Mb L: 2325/65536 MS: 5 ChangeByte-ChangeBinInt-CMP-ChangeBit-EraseBytes- DE: "\000\000b\000\000\237\257\265"-
#86778	REDUCE cov: 8995 ft: 55037 corp: 2035/41Mb lim: 65536 exec/s: 445 rss: 469Mb L: 26347/65536 MS: 4 InsertRepeatedBytes-CMP-ChangeBinInt-EraseBytes- DE: "\001\000hP"-
#86810	REDUCE cov: 8995 ft: 55037 corp: 2035/41Mb lim: 65536 exec/s: 445 rss: 469Mb L: 14081/65536 MS: 2 ChangeASCIIInt-EraseBytes-
#86818	REDUCE cov: 8995 ft: 55037 corp: 2035/41Mb lim: 65536 exec/s: 445 rss: 469Mb L: 36291/65536 MS: 3 InsertRepeatedBytes-ChangeByte-EraseBytes-
#86822	REDUCE cov: 8995 ft: 55037 corp: 2035/40Mb lim: 65536 exec/s: 445 rss: 469Mb L: 14226/65536 MS: 4 ChangeBinInt-PersAutoDict-ShuffleBytes-EraseBytes- DE: "\013\000\000\000"-
#86827	REDUCE cov: 8995 ft: 55037 corp: 2035/40Mb lim: 65536 exec/s: 445 rss: 470Mb L: 3245/65536 MS: 5 ChangeBinInt-InsertRepeatedBytes-InsertByte-ChangeASCIIInt-EraseBytes-
#86833	REDUCE cov: 8995 ft: 55037 corp: 2035/40Mb lim: 65536 exec/s: 445 rss: 470Mb L: 2833/65536 MS: 1 EraseBytes-
#86848	REDUCE cov: 8995 ft: 55037 corp: 2035/40Mb lim: 65536 exec/s: 445 rss: 470Mb L: 4399/65536 MS: 5 InsertRepeatedBytes-InsertRepeatedBytes-ChangeByte-ChangeASCIIInt-EraseBytes-
#86852	REDUCE cov: 8995 ft: 55053 corp: 2036/41Mb lim: 65536 exec/s: 445 rss: 470Mb L: 16440/65536 MS: 4 CrossOver-PersAutoDict-ShuffleBytes-InsertByte- DE: "\363\377L\000\300b\000\000"-
#86978	NEW    cov: 8995 ft: 55063 corp: 2037/41Mb lim: 65536 exec/s: 446 rss: 470Mb L: 60565/65536 MS: 1 CrossOver-
#87054	REDUCE cov: 8995 ft: 55063 corp: 2037/41Mb lim: 65536 exec/s: 446 rss: 471Mb L: 48916/65536 MS: 1 EraseBytes-
#87090	REDUCE cov: 8995 ft: 55063 corp: 2037/41Mb lim: 65536 exec/s: 446 rss: 471Mb L: 620/65536 MS: 1 EraseBytes-
#87120	NEW    cov: 8995 ft: 55065 corp: 2038/41Mb lim: 65536 exec/s: 446 rss: 471Mb L: 39799/65536 MS: 5 PersAutoDict-ChangeBinInt-ChangeByte-ChangeBinInt-CopyPart- DE: "\377\377\256B"-
#87137	REDUCE cov: 8995 ft: 55065 corp: 2038/41Mb lim: 65536 exec/s: 446 rss: 471Mb L: 20858/65536 MS: 2 CMP-EraseBytes- DE: "\377\377\377C"-
#87191	REDUCE cov: 8995 ft: 55065 corp: 2038/41Mb lim: 65536 exec/s: 447 rss: 471Mb L: 5016/65536 MS: 4 ShuffleBytes-ChangeBinInt-EraseBytes-InsertRepeatedBytes-
#87213	REDUCE cov: 8995 ft: 55065 corp: 2038/41Mb lim: 65536 exec/s: 447 rss: 471Mb L: 5869/65536 MS: 2 ChangeBit-EraseBytes-
#87254	REDUCE cov: 8995 ft: 55065 corp: 2038/41Mb lim: 65536 exec/s: 445 rss: 471Mb L: 10266/65536 MS: 1 EraseBytes-
#87280	REDUCE cov: 8995 ft: 55065 corp: 2038/41Mb lim: 65536 exec/s: 445 rss: 471Mb L: 1291/65536 MS: 1 EraseBytes-
#87289	REDUCE cov: 8995 ft: 55065 corp: 2038/41Mb lim: 65536 exec/s: 445 rss: 471Mb L: 12388/65536 MS: 4 ChangeASCIIInt-ChangeByte-InsertByte-EraseBytes-
#87314	REDUCE cov: 8996 ft: 55071 corp: 2039/41Mb lim: 65536 exec/s: 445 rss: 471Mb L: 8607/65536 MS: 5 CrossOver-ChangeASCIIInt-ChangeBinInt-ShuffleBytes-InsertRepeatedBytes-
#87320	REDUCE cov: 8997 ft: 55072 corp: 2040/41Mb lim: 65536 exec/s: 445 rss: 471Mb L: 9583/65536 MS: 1 ShuffleBytes-
#87322	REDUCE cov: 9091 ft: 55187 corp: 2041/41Mb lim: 65536 exec/s: 445 rss: 471Mb L: 7995/65536 MS: 2 InsertByte-CrossOver-
#87324	REDUCE cov: 9091 ft: 55187 corp: 2041/41Mb lim: 65536 exec/s: 445 rss: 471Mb L: 25784/65536 MS: 2 ChangeBinInt-EraseBytes-
#87331	REDUCE cov: 9091 ft: 55187 corp: 2041/41Mb lim: 65536 exec/s: 445 rss: 471Mb L: 11551/65536 MS: 2 ChangeASCIIInt-EraseBytes-
#87342	REDUCE cov: 9091 ft: 55187 corp: 2041/41Mb lim: 65536 exec/s: 445 rss: 471Mb L: 7006/65536 MS: 1 EraseBytes-
#87371	REDUCE cov: 9091 ft: 55454 corp: 2042/41Mb lim: 65536 exec/s: 445 rss: 471Mb L: 60040/65536 MS: 4 CrossOver-InsertByte-ChangeASCIIInt-CopyPart-
#87379	REDUCE cov: 9091 ft: 55455 corp: 2043/41Mb lim: 65536 exec/s: 445 rss: 471Mb L: 19214/65536 MS: 3 InsertRepeatedBytes-InsertByte-CopyPart-
#87423	REDUCE cov: 9091 ft: 55455 corp: 2043/41Mb lim: 65536 exec/s: 446 rss: 472Mb L: 15996/65536 MS: 4 ShuffleBytes-EraseBytes-ChangeBit-CopyPart-
#87429	REDUCE cov: 9091 ft: 55455 corp: 2043/41Mb lim: 65536 exec/s: 446 rss: 472Mb L: 6207/65536 MS: 1 EraseBytes-
#87474	REDUCE cov: 9091 ft: 55455 corp: 2043/41Mb lim: 65536 exec/s: 446 rss: 472Mb L: 77/65536 MS: 5 InsertByte-ChangeBit-ChangeBinInt-ShuffleBytes-EraseBytes-
#87551	REDUCE cov: 9091 ft: 55455 corp: 2043/41Mb lim: 65536 exec/s: 446 rss: 472Mb L: 2538/65536 MS: 2 InsertRepeatedBytes-EraseBytes-
#87580	REDUCE cov: 9091 ft: 55455 corp: 2043/41Mb lim: 65536 exec/s: 446 rss: 472Mb L: 13036/65536 MS: 4 InsertRepeatedBytes-ShuffleBytes-InsertRepeatedBytes-EraseBytes-
#87607	REDUCE cov: 9091 ft: 55455 corp: 2043/41Mb lim: 65536 exec/s: 446 rss: 472Mb L: 9779/65536 MS: 2 InsertByte-EraseBytes-
#87628	REDUCE cov: 9091 ft: 55455 corp: 2043/41Mb lim: 65536 exec/s: 447 rss: 472Mb L: 9271/65536 MS: 1 EraseBytes-
#87661	REDUCE cov: 9091 ft: 55456 corp: 2044/41Mb lim: 65536 exec/s: 447 rss: 472Mb L: 57129/65536 MS: 3 ChangeByte-CrossOver-CrossOver-
#87711	REDUCE cov: 9091 ft: 55456 corp: 2044/41Mb lim: 65536 exec/s: 445 rss: 472Mb L: 28453/65536 MS: 5 InsertByte-PersAutoDict-ChangeByte-InsertRepeatedBytes-EraseBytes- DE: "&gt;"-
#87731	REDUCE cov: 9091 ft: 55456 corp: 2044/41Mb lim: 65536 exec/s: 445 rss: 472Mb L: 30345/65536 MS: 5 CrossOver-CopyPart-CrossOver-CrossOver-EraseBytes-
#87787	REDUCE cov: 9091 ft: 55456 corp: 2044/41Mb lim: 65536 exec/s: 445 rss: 472Mb L: 24878/65536 MS: 1 EraseBytes-
#87838	NEW    cov: 9091 ft: 55457 corp: 2045/41Mb lim: 65536 exec/s: 445 rss: 472Mb L: 65536/65536 MS: 1 ShuffleBytes-
#87839	REDUCE cov: 9091 ft: 55457 corp: 2045/41Mb lim: 65536 exec/s: 445 rss: 472Mb L: 2424/65536 MS: 1 EraseBytes-
#87847	REDUCE cov: 9091 ft: 55457 corp: 2045/41Mb lim: 65536 exec/s: 445 rss: 472Mb L: 15774/65536 MS: 3 CrossOver-InsertRepeatedBytes-EraseBytes-
#87878	REDUCE cov: 9091 ft: 55457 corp: 2045/41Mb lim: 65536 exec/s: 446 rss: 472Mb L: 62/65536 MS: 1 EraseBytes-
#87941	REDUCE cov: 9091 ft: 55457 corp: 2045/41Mb lim: 65536 exec/s: 446 rss: 472Mb L: 35117/65536 MS: 3 PersAutoDict-ChangeASCIIInt-EraseBytes- DE: "\371\337/\001\000c\000\000"-
#87985	REDUCE cov: 9091 ft: 55457 corp: 2045/41Mb lim: 65536 exec/s: 446 rss: 472Mb L: 32913/65536 MS: 4 ChangeBit-ChangeASCIIInt-InsertRepeatedBytes-EraseBytes-
#88028	NEW    cov: 9091 ft: 55458 corp: 2046/41Mb lim: 65536 exec/s: 446 rss: 472Mb L: 39904/65536 MS: 3 InsertByte-EraseBytes-CrossOver-
#88090	REDUCE cov: 9091 ft: 55458 corp: 2046/41Mb lim: 65536 exec/s: 447 rss: 472Mb L: 11877/65536 MS: 2 CopyPart-EraseBytes-
#88180	REDUCE cov: 9091 ft: 55458 corp: 2046/41Mb lim: 65536 exec/s: 445 rss: 472Mb L: 20879/65536 MS: 5 ChangeByte-ChangeASCIIInt-CrossOver-ChangeByte-EraseBytes-
#88181	REDUCE cov: 9091 ft: 55458 corp: 2046/41Mb lim: 65536 exec/s: 445 rss: 472Mb L: 24245/65536 MS: 1 EraseBytes-
#88282	REDUCE cov: 9091 ft: 55458 corp: 2046/41Mb lim: 65536 exec/s: 445 rss: 472Mb L: 1584/65536 MS: 1 EraseBytes-
#88289	REDUCE cov: 9091 ft: 55458 corp: 2046/41Mb lim: 65536 exec/s: 445 rss: 472Mb L: 23698/65536 MS: 2 CMP-EraseBytes- DE: "\023\000"-
#88308	REDUCE cov: 9091 ft: 55458 corp: 2046/41Mb lim: 65536 exec/s: 446 rss: 472Mb L: 34195/65536 MS: 4 ShuffleBytes-ChangeBinInt-ShuffleBytes-CrossOver-
#88312	REDUCE cov: 9091 ft: 55458 corp: 2046/41Mb lim: 65536 exec/s: 446 rss: 472Mb L: 5496/65536 MS: 4 InsertRepeatedBytes-ChangeBit-PersAutoDict-EraseBytes- DE: "http"-
#88316	REDUCE cov: 9091 ft: 55458 corp: 2046/41Mb lim: 65536 exec/s: 446 rss: 472Mb L: 896/65536 MS: 4 PersAutoDict-CMP-InsertByte-EraseBytes- DE: "\377\377\377+"-"\001\000\000\031"-
#88321	REDUCE cov: 9091 ft: 55458 corp: 2046/41Mb lim: 65536 exec/s: 446 rss: 472Mb L: 37754/65536 MS: 5 ChangeASCIIInt-ChangeBit-CMP-CrossOver-EraseBytes- DE: "\377\377~\376\266g\275\330"-
#88335	NEW    cov: 9091 ft: 55459 corp: 2047/41Mb lim: 65536 exec/s: 446 rss: 472Mb L: 31883/65536 MS: 4 ChangeBit-InsertByte-InsertByte-CopyPart-
#88354	REDUCE cov: 9091 ft: 55459 corp: 2047/41Mb lim: 65536 exec/s: 446 rss: 472Mb L: 21854/65536 MS: 4 ShuffleBytes-CopyPart-InsertByte-EraseBytes-
#88403	REDUCE cov: 9091 ft: 55459 corp: 2047/41Mb lim: 65536 exec/s: 446 rss: 472Mb L: 1166/65536 MS: 4 ShuffleBytes-ChangeByte-ShuffleBytes-EraseBytes-
#88505	REDUCE cov: 9091 ft: 55472 corp: 2048/41Mb lim: 65536 exec/s: 446 rss: 472Mb L: 8990/65536 MS: 2 CopyPart-CrossOver-
#88528	REDUCE cov: 9091 ft: 55472 corp: 2048/41Mb lim: 65536 exec/s: 447 rss: 472Mb L: 2554/65536 MS: 3 InsertByte-ChangeBit-EraseBytes-
#88554	REDUCE cov: 9091 ft: 55472 corp: 2048/41Mb lim: 65536 exec/s: 447 rss: 472Mb L: 5417/65536 MS: 1 EraseBytes-
#88612	REDUCE cov: 9091 ft: 55472 corp: 2048/41Mb lim: 65536 exec/s: 447 rss: 472Mb L: 1958/65536 MS: 3 CMP-ChangeASCIIInt-EraseBytes- DE: "m4\222\000\240b\000\000"-
#88614	REDUCE cov: 9091 ft: 55472 corp: 2048/41Mb lim: 65536 exec/s: 447 rss: 472Mb L: 47/65536 MS: 2 PersAutoDict-EraseBytes- DE: ";\012\000\000"-
#88616	REDUCE cov: 9091 ft: 55472 corp: 2048/41Mb lim: 65536 exec/s: 447 rss: 472Mb L: 1577/65536 MS: 2 PersAutoDict-EraseBytes- DE: "\377\377``\000\031y\271"-
#88689	REDUCE cov: 9091 ft: 55472 corp: 2048/41Mb lim: 65536 exec/s: 447 rss: 472Mb L: 294/65536 MS: 3 InsertByte-InsertByte-EraseBytes-
#88791	NEW    cov: 9091 ft: 55474 corp: 2049/41Mb lim: 65536 exec/s: 446 rss: 472Mb L: 8301/65536 MS: 2 InsertByte-CrossOver-
#88801	REDUCE cov: 9091 ft: 55474 corp: 2049/41Mb lim: 65536 exec/s: 446 rss: 472Mb L: 6024/65536 MS: 5 CMP-PersAutoDict-ChangeBit-PersAutoDict-EraseBytes- DE: "\001\000"-"ext"-"\272K"-
#88803	REDUCE cov: 9091 ft: 55474 corp: 2049/41Mb lim: 65536 exec/s: 446 rss: 472Mb L: 4395/65536 MS: 2 InsertRepeatedBytes-EraseBytes-
#88834	REDUCE cov: 9091 ft: 55475 corp: 2050/41Mb lim: 65536 exec/s: 446 rss: 472Mb L: 35578/65536 MS: 1 CopyPart-
#88936	REDUCE cov: 9091 ft: 55475 corp: 2050/41Mb lim: 65536 exec/s: 446 rss: 472Mb L: 52368/65536 MS: 2 CrossOver-EraseBytes-
#88964	REDUCE cov: 9091 ft: 55477 corp: 2051/41Mb lim: 65536 exec/s: 447 rss: 472Mb L: 27248/65536 MS: 3 CMP-ShuffleBytes-CrossOver- DE: "ftp"-
#89049	REDUCE cov: 9091 ft: 55477 corp: 2051/41Mb lim: 65536 exec/s: 447 rss: 472Mb L: 26115/65536 MS: 5 PersAutoDict-ChangeByte-CMP-InsertByte-EraseBytes- DE: "\000\012"-"lows"-
#89065	REDUCE cov: 9091 ft: 55477 corp: 2051/41Mb lim: 65536 exec/s: 447 rss: 472Mb L: 41628/65536 MS: 1 EraseBytes-
#89106	REDUCE cov: 9091 ft: 55477 corp: 2051/41Mb lim: 65536 exec/s: 447 rss: 472Mb L: 626/65536 MS: 1 EraseBytes-
#89109	REDUCE cov: 9091 ft: 55481 corp: 2052/41Mb lim: 65536 exec/s: 447 rss: 472Mb L: 64471/65536 MS: 3 CrossOver-ShuffleBytes-CopyPart-
#89125	REDUCE cov: 9091 ft: 55481 corp: 2052/41Mb lim: 65536 exec/s: 447 rss: 472Mb L: 13295/65536 MS: 1 EraseBytes-
#89136	REDUCE cov: 9091 ft: 55481 corp: 2052/41Mb lim: 65536 exec/s: 447 rss: 472Mb L: 11830/65536 MS: 1 EraseBytes-
#89197	NEW    cov: 9091 ft: 55487 corp: 2053/41Mb lim: 65536 exec/s: 445 rss: 472Mb L: 61827/65536 MS: 1 CrossOver-
#89232	REDUCE cov: 9091 ft: 55487 corp: 2053/41Mb lim: 65536 exec/s: 446 rss: 472Mb L: 2349/65536 MS: 5 ChangeASCIIInt-InsertByte-ChangeBinInt-ChangeByte-EraseBytes-
#89310	REDUCE cov: 9091 ft: 55487 corp: 2053/41Mb lim: 65536 exec/s: 446 rss: 472Mb L: 27760/65536 MS: 3 ChangeBit-InsertByte-EraseBytes-
#89370	REDUCE cov: 9091 ft: 55487 corp: 2053/41Mb lim: 65536 exec/s: 446 rss: 472Mb L: 8701/65536 MS: 5 ChangeASCIIInt-ChangeBinInt-InsertByte-ChangeBit-EraseBytes-
#89387	REDUCE cov: 9091 ft: 55487 corp: 2053/41Mb lim: 65536 exec/s: 446 rss: 472Mb L: 10266/65536 MS: 2 ChangeBit-EraseBytes-
#89388	REDUCE cov: 9091 ft: 55487 corp: 2053/41Mb lim: 65536 exec/s: 446 rss: 472Mb L: 14449/65536 MS: 1 EraseBytes-
#89416	REDUCE cov: 9091 ft: 55487 corp: 2053/41Mb lim: 65536 exec/s: 447 rss: 473Mb L: 25206/65536 MS: 3 PersAutoDict-PersAutoDict-EraseBytes- DE: "!\033"-"!\000\000\000"-
#89454	REDUCE cov: 9091 ft: 55487 corp: 2053/41Mb lim: 65536 exec/s: 447 rss: 473Mb L: 8605/65536 MS: 3 PersAutoDict-ChangeASCIIInt-EraseBytes- DE: "\233\000"-
#89458	REDUCE cov: 9091 ft: 55487 corp: 2053/41Mb lim: 65536 exec/s: 447 rss: 473Mb L: 639/65536 MS: 4 PersAutoDict-CopyPart-ChangeBinInt-EraseBytes- DE: "\377>"-
#89466	NEW    cov: 9091 ft: 55488 corp: 2054/41Mb lim: 65536 exec/s: 447 rss: 473Mb L: 44827/65536 MS: 3 ChangeByte-CMP-CrossOver- DE: "\003\000"-
#89499	REDUCE cov: 9091 ft: 55488 corp: 2054/41Mb lim: 65536 exec/s: 447 rss: 474Mb L: 8490/65536 MS: 3 CopyPart-ChangeBit-EraseBytes-
#89537	REDUCE cov: 9091 ft: 55488 corp: 2054/41Mb lim: 65536 exec/s: 447 rss: 474Mb L: 10673/65536 MS: 3 InsertByte-ChangeBit-EraseBytes-
#89544	NEW    cov: 9091 ft: 55489 corp: 2055/41Mb lim: 65536 exec/s: 447 rss: 474Mb L: 27291/65536 MS: 2 InsertByte-CopyPart-
#89552	REDUCE cov: 9091 ft: 55489 corp: 2055/41Mb lim: 65536 exec/s: 447 rss: 474Mb L: 58971/65536 MS: 3 ChangeByte-ChangeBit-EraseBytes-
#89568	REDUCE cov: 9091 ft: 55489 corp: 2055/41Mb lim: 65536 exec/s: 447 rss: 474Mb L: 38276/65536 MS: 1 EraseBytes-
#89661	REDUCE cov: 9091 ft: 55489 corp: 2055/41Mb lim: 65536 exec/s: 448 rss: 474Mb L: 47/65536 MS: 3 PersAutoDict-ChangeBit-EraseBytes- DE: "\001\000\000\027"-
#89684	REDUCE cov: 9091 ft: 55489 corp: 2055/41Mb lim: 65536 exec/s: 448 rss: 474Mb L: 4622/65536 MS: 3 ChangeByte-InsertRepeatedBytes-EraseBytes-
#89732	REDUCE cov: 9091 ft: 55489 corp: 2055/41Mb lim: 65536 exec/s: 446 rss: 475Mb L: 11678/65536 MS: 3 InsertRepeatedBytes-CopyPart-EraseBytes-
#89743	REDUCE cov: 9091 ft: 55489 corp: 2055/41Mb lim: 65536 exec/s: 446 rss: 475Mb L: 28734/65536 MS: 1 EraseBytes-
#89750	REDUCE cov: 9091 ft: 55489 corp: 2055/41Mb lim: 65536 exec/s: 446 rss: 475Mb L: 18869/65536 MS: 2 ChangeBinInt-EraseBytes-
#89814	REDUCE cov: 9091 ft: 55490 corp: 2056/41Mb lim: 65536 exec/s: 446 rss: 476Mb L: 64425/65536 MS: 4 ChangeBinInt-ChangeBinInt-CMP-CopyPart- DE: "\001\000b\360\001}k\346"-
#89831	REDUCE cov: 9091 ft: 55490 corp: 2056/41Mb lim: 65536 exec/s: 446 rss: 476Mb L: 15611/65536 MS: 2 InsertRepeatedBytes-EraseBytes-
#89836	REDUCE cov: 9091 ft: 55490 corp: 2056/41Mb lim: 65536 exec/s: 446 rss: 476Mb L: 29324/65536 MS: 5 ChangeByte-PersAutoDict-ChangeBinInt-InsertByte-EraseBytes- DE: "NTT\001\360b\000\000"-
#89884	REDUCE cov: 9091 ft: 55490 corp: 2056/41Mb lim: 65536 exec/s: 447 rss: 477Mb L: 18969/65536 MS: 3 ChangeASCIIInt-CMP-EraseBytes- DE: "\000\000b\240\000t\235\212"-
#89896	REDUCE cov: 9091 ft: 55490 corp: 2056/41Mb lim: 65536 exec/s: 447 rss: 477Mb L: 17329/65536 MS: 2 ChangeASCIIInt-EraseBytes-
#89897	REDUCE cov: 9091 ft: 55490 corp: 2056/41Mb lim: 65536 exec/s: 447 rss: 477Mb L: 212/65536 MS: 1 EraseBytes-
#89921	REDUCE cov: 9091 ft: 55490 corp: 2056/41Mb lim: 65536 exec/s: 447 rss: 477Mb L: 20322/65536 MS: 4 ChangeBinInt-ChangeBinInt-ChangeASCIIInt-EraseBytes-
#89927	REDUCE cov: 9091 ft: 55490 corp: 2056/41Mb lim: 65536 exec/s: 447 rss: 477Mb L: 2034/65536 MS: 1 EraseBytes-
#89989	REDUCE cov: 9091 ft: 55493 corp: 2057/41Mb lim: 65536 exec/s: 447 rss: 477Mb L: 12330/65536 MS: 2 InsertByte-CopyPart-
#90001	REDUCE cov: 9091 ft: 55493 corp: 2057/41Mb lim: 65536 exec/s: 447 rss: 477Mb L: 2089/65536 MS: 2 ChangeByte-EraseBytes-
#90010	NEW    cov: 9091 ft: 55498 corp: 2058/41Mb lim: 65536 exec/s: 447 rss: 477Mb L: 37104/65536 MS: 4 CMP-InsertRepeatedBytes-ChangeASCIIInt-CopyPart- DE: "(in"-
#90029	REDUCE cov: 9091 ft: 55518 corp: 2059/41Mb lim: 65536 exec/s: 447 rss: 477Mb L: 14027/65536 MS: 4 InsertByte-InsertByte-CrossOver-CopyPart-
#90039	REDUCE cov: 9091 ft: 55518 corp: 2059/41Mb lim: 65536 exec/s: 447 rss: 477Mb L: 6264/65536 MS: 5 ChangeByte-ChangeBit-PersAutoDict-ShuffleBytes-EraseBytes- DE: "shes"-
#90097	REDUCE cov: 9091 ft: 55518 corp: 2059/41Mb lim: 65536 exec/s: 448 rss: 477Mb L: 917/65536 MS: 3 PersAutoDict-ChangeBit-EraseBytes- DE: "\017\000"-
#90142	NEW    cov: 9091 ft: 55538 corp: 2060/41Mb lim: 65536 exec/s: 448 rss: 477Mb L: 64593/65536 MS: 5 InsertRepeatedBytes-ChangeASCIIInt-ChangeBinInt-InsertByte-CopyPart-
#90201	REDUCE cov: 9091 ft: 55538 corp: 2060/41Mb lim: 65536 exec/s: 448 rss: 478Mb L: 70/65536 MS: 4 ChangeBinInt-EraseBytes-ChangeBinInt-EraseBytes-
#90206	NEW    cov: 9091 ft: 55540 corp: 2061/41Mb lim: 65536 exec/s: 448 rss: 478Mb L: 48771/65536 MS: 5 CopyPart-CopyPart-ChangeByte-ShuffleBytes-CrossOver-
#90213	REDUCE cov: 9091 ft: 55540 corp: 2061/41Mb lim: 65536 exec/s: 448 rss: 478Mb L: 21150/65536 MS: 2 ChangeByte-EraseBytes-
#90226	NEW    cov: 9091 ft: 55541 corp: 2062/41Mb lim: 65536 exec/s: 446 rss: 479Mb L: 65536/65536 MS: 3 CrossOver-ChangeASCIIInt-CrossOver-
#90294	REDUCE cov: 9091 ft: 55541 corp: 2062/41Mb lim: 65536 exec/s: 447 rss: 480Mb L: 88/65536 MS: 3 ChangeBinInt-CrossOver-EraseBytes-
#90349	REDUCE cov: 9091 ft: 55541 corp: 2062/41Mb lim: 65536 exec/s: 447 rss: 480Mb L: 9148/65536 MS: 5 ChangeASCIIInt-ChangeBinInt-CrossOver-ChangeBinInt-EraseBytes-
#90360	REDUCE cov: 9091 ft: 55541 corp: 2062/41Mb lim: 65536 exec/s: 447 rss: 480Mb L: 34047/65536 MS: 1 EraseBytes-
#90368	REDUCE cov: 9091 ft: 55541 corp: 2062/41Mb lim: 65536 exec/s: 447 rss: 480Mb L: 15802/65536 MS: 3 CopyPart-CrossOver-EraseBytes-
#90371	REDUCE cov: 9091 ft: 55541 corp: 2062/41Mb lim: 65536 exec/s: 447 rss: 480Mb L: 25277/65536 MS: 3 CMP-CrossOver-EraseBytes- DE: "\000\000b\200\000\002\276\242"-
#90387	REDUCE cov: 9091 ft: 55542 corp: 2063/41Mb lim: 65536 exec/s: 447 rss: 480Mb L: 10774/65536 MS: 1 CopyPart-
#90399	REDUCE cov: 9091 ft: 55542 corp: 2063/41Mb lim: 65536 exec/s: 447 rss: 480Mb L: 5148/65536 MS: 2 PersAutoDict-EraseBytes- DE: "\012\036\207\000\000b\000\000"-
#90443	REDUCE cov: 9091 ft: 55542 corp: 2063/41Mb lim: 65536 exec/s: 447 rss: 480Mb L: 6953/65536 MS: 4 InsertRepeatedBytes-ChangeByte-CrossOver-EraseBytes-
#90459	REDUCE cov: 9091 ft: 55542 corp: 2063/41Mb lim: 65536 exec/s: 447 rss: 480Mb L: 10754/65536 MS: 1 EraseBytes-
#90502	REDUCE cov: 9091 ft: 55542 corp: 2063/41Mb lim: 65536 exec/s: 448 rss: 480Mb L: 20659/65536 MS: 3 InsertRepeatedBytes-ShuffleBytes-EraseBytes-
#90552	REDUCE cov: 9091 ft: 55551 corp: 2064/41Mb lim: 65536 exec/s: 448 rss: 480Mb L: 660/65536 MS: 5 InsertByte-InsertByte-ChangeBinInt-ShuffleBytes-CopyPart-
#90554	REDUCE cov: 9091 ft: 55551 corp: 2064/41Mb lim: 65536 exec/s: 448 rss: 480Mb L: 4776/65536 MS: 2 CMP-EraseBytes- DE: "&Hopf;"-
#90656	REDUCE cov: 9091 ft: 55553 corp: 2065/41Mb lim: 65536 exec/s: 448 rss: 480Mb L: 31528/65536 MS: 2 ChangeBit-CopyPart-
#90724	NEW    cov: 9091 ft: 55557 corp: 2066/41Mb lim: 65536 exec/s: 446 rss: 480Mb L: 17164/65536 MS: 3 EraseBytes-CrossOver-CrossOver-
#90772	REDUCE cov: 9091 ft: 55557 corp: 2066/41Mb lim: 65536 exec/s: 447 rss: 480Mb L: 1780/65536 MS: 3 ChangeBit-InsertByte-CrossOver-
#90789	REDUCE cov: 9091 ft: 55557 corp: 2066/41Mb lim: 65536 exec/s: 447 rss: 480Mb L: 247/65536 MS: 2 ChangeBinInt-EraseBytes-
#90805	REDUCE cov: 9091 ft: 55557 corp: 2066/41Mb lim: 65536 exec/s: 447 rss: 480Mb L: 142/65536 MS: 1 EraseBytes-
#90865	REDUCE cov: 9091 ft: 55557 corp: 2066/41Mb lim: 65536 exec/s: 447 rss: 480Mb L: 13991/65536 MS: 5 InsertRepeatedBytes-ChangeByte-ChangeBinInt-ChangeByte-EraseBytes-
#90868	REDUCE cov: 9091 ft: 55557 corp: 2066/41Mb lim: 65536 exec/s: 447 rss: 480Mb L: 38734/65536 MS: 3 CopyPart-ChangeByte-EraseBytes-
#90874	REDUCE cov: 9091 ft: 55557 corp: 2066/41Mb lim: 65536 exec/s: 447 rss: 480Mb L: 66/65536 MS: 1 EraseBytes-
#90891	REDUCE cov: 9091 ft: 55557 corp: 2066/41Mb lim: 65536 exec/s: 447 rss: 480Mb L: 992/65536 MS: 2 EraseBytes-ChangeBinInt-
#90940	REDUCE cov: 9091 ft: 55557 corp: 2066/41Mb lim: 65536 exec/s: 447 rss: 480Mb L: 7648/65536 MS: 4 ChangeASCIIInt-PersAutoDict-ChangeBinInt-EraseBytes- DE: "<https://"-
#90986	NEW    cov: 9091 ft: 55569 corp: 2067/41Mb lim: 65536 exec/s: 448 rss: 480Mb L: 50899/65536 MS: 1 InsertRepeatedBytes-
#91057	REDUCE cov: 9091 ft: 55569 corp: 2067/41Mb lim: 65536 exec/s: 448 rss: 480Mb L: 2158/65536 MS: 1 EraseBytes-
#91095	REDUCE cov: 9091 ft: 55569 corp: 2067/41Mb lim: 65536 exec/s: 448 rss: 480Mb L: 3845/65536 MS: 3 CrossOver-ChangeBit-EraseBytes-
#91108	REDUCE cov: 9092 ft: 55571 corp: 2068/41Mb lim: 65536 exec/s: 448 rss: 480Mb L: 185/65536 MS: 3 EraseBytes-ChangeBinInt-CrossOver-
#91117	REDUCE cov: 9092 ft: 55572 corp: 2069/41Mb lim: 65536 exec/s: 448 rss: 480Mb L: 49650/65536 MS: 4 InsertByte-PersAutoDict-CMP-CrossOver- DE: "!\033"-"www"-
#91186	REDUCE cov: 9092 ft: 55572 corp: 2069/41Mb lim: 65536 exec/s: 446 rss: 480Mb L: 36329/65536 MS: 4 ShuffleBytes-ChangeBinInt-InsertRepeatedBytes-EraseBytes-
#91200	REDUCE cov: 9092 ft: 55572 corp: 2069/41Mb lim: 65536 exec/s: 447 rss: 480Mb L: 10099/65536 MS: 4 ChangeByte-ChangeBit-CMP-EraseBytes- DE: ":/\000\000"-
#91218	REDUCE cov: 9092 ft: 55572 corp: 2069/41Mb lim: 65536 exec/s: 447 rss: 480Mb L: 22147/65536 MS: 3 ChangeBinInt-ChangeASCIIInt-EraseBytes-
#91257	REDUCE cov: 9092 ft: 55579 corp: 2070/41Mb lim: 65536 exec/s: 447 rss: 480Mb L: 27761/65536 MS: 4 CopyPart-ShuffleBytes-EraseBytes-CopyPart-
#91306	NEW    cov: 9092 ft: 55582 corp: 2071/41Mb lim: 65536 exec/s: 447 rss: 480Mb L: 7020/65536 MS: 4 ChangeBit-ChangeBit-CopyPart-CopyPart-
#91394	REDUCE cov: 9092 ft: 55582 corp: 2071/41Mb lim: 65536 exec/s: 448 rss: 480Mb L: 9539/65536 MS: 3 PersAutoDict-PersAutoDict-EraseBytes- DE: "\377\377\377\000"-"&gt;"-
#91411	REDUCE cov: 9092 ft: 55582 corp: 2071/41Mb lim: 65536 exec/s: 448 rss: 480Mb L: 48036/65536 MS: 2 InsertByte-EraseBytes-
#91475	REDUCE cov: 9092 ft: 55582 corp: 2071/41Mb lim: 65536 exec/s: 448 rss: 480Mb L: 55207/65536 MS: 4 CrossOver-CMP-ChangeBinInt-EraseBytes- DE: "\000\000\177\376\266g\276G"-
#91503	REDUCE cov: 9092 ft: 55582 corp: 2071/41Mb lim: 65536 exec/s: 448 rss: 480Mb L: 7273/65536 MS: 3 InsertByte-ChangeBit-EraseBytes-
#91514	REDUCE cov: 9092 ft: 55582 corp: 2071/41Mb lim: 65536 exec/s: 448 rss: 480Mb L: 41464/65536 MS: 1 EraseBytes-
#91525	REDUCE cov: 9092 ft: 55582 corp: 2071/41Mb lim: 65536 exec/s: 448 rss: 480Mb L: 3479/65536 MS: 1 EraseBytes-
#91527	REDUCE cov: 9092 ft: 55582 corp: 2071/41Mb lim: 65536 exec/s: 448 rss: 480Mb L: 6513/65536 MS: 2 PersAutoDict-EraseBytes- DE: ";\177\000\000 a\000\000"-
#91564	REDUCE cov: 9092 ft: 55582 corp: 2071/41Mb lim: 65536 exec/s: 448 rss: 480Mb L: 2908/65536 MS: 2 InsertByte-EraseBytes-
#91585	REDUCE cov: 9092 ft: 55584 corp: 2072/41Mb lim: 65536 exec/s: 448 rss: 480Mb L: 22671/65536 MS: 1 CrossOver-
#91678	REDUCE cov: 9092 ft: 55584 corp: 2072/41Mb lim: 65536 exec/s: 447 rss: 480Mb L: 58905/65536 MS: 3 ChangeByte-ChangeByte-EraseBytes-
#91714	REDUCE cov: 9092 ft: 55584 corp: 2072/41Mb lim: 65536 exec/s: 447 rss: 480Mb L: 819/65536 MS: 1 EraseBytes-
#91737	REDUCE cov: 9092 ft: 55584 corp: 2072/41Mb lim: 65536 exec/s: 447 rss: 480Mb L: 14656/65536 MS: 3 ChangeBinInt-ChangeASCIIInt-EraseBytes-
#91780	REDUCE cov: 9092 ft: 55584 corp: 2072/41Mb lim: 65536 exec/s: 447 rss: 480Mb L: 8880/65536 MS: 3 CopyPart-ChangeBit-EraseBytes-
#91813	NEW    cov: 9092 ft: 55606 corp: 2073/41Mb lim: 65536 exec/s: 447 rss: 480Mb L: 64487/65536 MS: 3 CrossOver-CrossOver-InsertRepeatedBytes-
#91829	REDUCE cov: 9092 ft: 55608 corp: 2074/41Mb lim: 65536 exec/s: 447 rss: 480Mb L: 22584/65536 MS: 1 CopyPart-
#91839	REDUCE cov: 9092 ft: 55608 corp: 2074/41Mb lim: 65536 exec/s: 447 rss: 480Mb L: 8476/65536 MS: 5 ShuffleBytes-ChangeByte-InsertRepeatedBytes-ChangeASCIIInt-EraseBytes-
#91879	REDUCE cov: 9092 ft: 55608 corp: 2074/41Mb lim: 65536 exec/s: 448 rss: 480Mb L: 10254/65536 MS: 5 ChangeByte-ChangeASCIIInt-CopyPart-InsertByte-EraseBytes-
#91887	REDUCE cov: 9092 ft: 55608 corp: 2074/41Mb lim: 65536 exec/s: 448 rss: 480Mb L: 6171/65536 MS: 3 CopyPart-InsertByte-EraseBytes-
#91943	REDUCE cov: 9092 ft: 55608 corp: 2074/41Mb lim: 65536 exec/s: 448 rss: 480Mb L: 8894/65536 MS: 1 EraseBytes-
#91964	REDUCE cov: 9092 ft: 55608 corp: 2074/41Mb lim: 65536 exec/s: 448 rss: 480Mb L: 3967/65536 MS: 1 EraseBytes-
#92049	REDUCE cov: 9092 ft: 55608 corp: 2074/41Mb lim: 65536 exec/s: 449 rss: 480Mb L: 1471/65536 MS: 5 CMP-CopyPart-InsertRepeatedBytes-InsertByte-EraseBytes- DE: "\032s\213\000\340b\000\000"-
#92052	REDUCE cov: 9092 ft: 55609 corp: 2075/41Mb lim: 65536 exec/s: 449 rss: 480Mb L: 8476/65536 MS: 3 ShuffleBytes-InsertRepeatedBytes-CopyPart-
#92107	NEW    cov: 9092 ft: 55611 corp: 2076/41Mb lim: 65536 exec/s: 447 rss: 480Mb L: 60639/65536 MS: 5 CMP-ChangeByte-InsertRepeatedBytes-ChangeBinInt-CrossOver- DE: "\001\000b\340\000S\353`"-
#92110	NEW    cov: 9092 ft: 55612 corp: 2077/41Mb lim: 65536 exec/s: 447 rss: 480Mb L: 60071/65536 MS: 3 CopyPart-InsertRepeatedBytes-CopyPart-
#92131	REDUCE cov: 9092 ft: 55612 corp: 2077/41Mb lim: 65536 exec/s: 447 rss: 480Mb L: 19004/65536 MS: 1 EraseBytes-
#92145	REDUCE cov: 9092 ft: 55612 corp: 2077/41Mb lim: 65536 exec/s: 447 rss: 480Mb L: 56457/65536 MS: 4 ChangeBinInt-ShuffleBytes-CopyPart-EraseBytes-
#92178	REDUCE cov: 9092 ft: 55612 corp: 2077/41Mb lim: 65536 exec/s: 447 rss: 480Mb L: 11099/65536 MS: 3 PersAutoDict-PersAutoDict-EraseBytes- DE: "\312\316\037\001\220b\000\000"-"\000\000a\340\000M\363_"-
#92195	REDUCE cov: 9092 ft: 55612 corp: 2077/41Mb lim: 65536 exec/s: 447 rss: 480Mb L: 4951/65536 MS: 2 PersAutoDict-EraseBytes- DE: "\000\012"-
#92230	REDUCE cov: 9092 ft: 55612 corp: 2077/41Mb lim: 65536 exec/s: 447 rss: 480Mb L: 7073/65536 MS: 5 ShuffleBytes-ChangeASCIIInt-EraseBytes-ChangeASCIIInt-PersAutoDict- DE: "!\217u\000 b\000\000"-
#92262	REDUCE cov: 9092 ft: 55612 corp: 2077/41Mb lim: 65536 exec/s: 447 rss: 480Mb L: 1685/65536 MS: 2 ChangeByte-EraseBytes-
#92276	REDUCE cov: 9092 ft: 55612 corp: 2077/41Mb lim: 65536 exec/s: 447 rss: 480Mb L: 11007/65536 MS: 4 InsertRepeatedBytes-CrossOver-CMP-EraseBytes- DE: "\000\000\000\033"-
#92331	REDUCE cov: 9092 ft: 55612 corp: 2077/41Mb lim: 65536 exec/s: 448 rss: 480Mb L: 12363/65536 MS: 5 InsertRepeatedBytes-ChangeByte-ChangeByte-ChangeBinInt-EraseBytes-
#92340	REDUCE cov: 9092 ft: 55613 corp: 2078/41Mb lim: 65536 exec/s: 448 rss: 480Mb L: 7884/65536 MS: 4 ChangeBinInt-ChangeByte-CMP-CopyPart- DE: "$\000"-
#92363	REDUCE cov: 9092 ft: 55613 corp: 2078/41Mb lim: 65536 exec/s: 448 rss: 480Mb L: 1410/65536 MS: 3 ShuffleBytes-ChangeBinInt-EraseBytes-
#92378	REDUCE cov: 9092 ft: 55613 corp: 2078/41Mb lim: 65536 exec/s: 448 rss: 480Mb L: 59672/65536 MS: 5 ChangeBinInt-ShuffleBytes-ShuffleBytes-ChangeBinInt-EraseBytes-
#92431	REDUCE cov: 9092 ft: 55613 corp: 2078/41Mb lim: 65536 exec/s: 448 rss: 480Mb L: 23751/65536 MS: 3 ChangeBit-CopyPart-CrossOver-
#92438	NEW    cov: 9093 ft: 55614 corp: 2079/41Mb lim: 65536 exec/s: 448 rss: 480Mb L: 36706/65536 MS: 2 EraseBytes-CrossOver-
#92444	REDUCE cov: 9093 ft: 55614 corp: 2079/41Mb lim: 65536 exec/s: 448 rss: 480Mb L: 529/65536 MS: 1 EraseBytes-
#92500	REDUCE cov: 9093 ft: 55614 corp: 2079/41Mb lim: 65536 exec/s: 449 rss: 480Mb L: 31102/65536 MS: 1 EraseBytes-
#92529	REDUCE cov: 9093 ft: 55614 corp: 2079/41Mb lim: 65536 exec/s: 449 rss: 480Mb L: 52368/65536 MS: 4 ChangeBit-CrossOver-ShuffleBytes-EraseBytes-
#92569	REDUCE cov: 9093 ft: 55614 corp: 2079/41Mb lim: 65536 exec/s: 447 rss: 480Mb L: 19818/65536 MS: 5 ChangeBinInt-PersAutoDict-InsertByte-ShuffleBytes-EraseBytes- DE: "\001\000b@\000Z\375I"-
#92585	REDUCE cov: 9093 ft: 55614 corp: 2079/41Mb lim: 65536 exec/s: 447 rss: 480Mb L: 54606/65536 MS: 1 EraseBytes-
#92605	REDUCE cov: 9093 ft: 55614 corp: 2079/41Mb lim: 65536 exec/s: 447 rss: 480Mb L: 48554/65536 MS: 5 CopyPart-InsertByte-CMP-InsertByte-CrossOver- DE: "&conin"-
#92607	REDUCE cov: 9093 ft: 55614 corp: 2079/41Mb lim: 65536 exec/s: 447 rss: 480Mb L: 106/65536 MS: 2 ShuffleBytes-EraseBytes-
#92608	REDUCE cov: 9093 ft: 55614 corp: 2079/41Mb lim: 65536 exec/s: 447 rss: 480Mb L: 19405/65536 MS: 1 EraseBytes-
#92616	REDUCE cov: 9093 ft: 55614 corp: 2079/41Mb lim: 65536 exec/s: 447 rss: 480Mb L: 32772/65536 MS: 3 ChangeBit-ChangeASCIIInt-EraseBytes-
#92630	REDUCE cov: 9093 ft: 55615 corp: 2080/41Mb lim: 65536 exec/s: 447 rss: 480Mb L: 50438/65536 MS: 4 ChangeBinInt-InsertRepeatedBytes-ChangeBit-CopyPart-
#92671	REDUCE cov: 9093 ft: 55615 corp: 2080/41Mb lim: 65536 exec/s: 447 rss: 480Mb L: 13068/65536 MS: 1 EraseBytes-
#92730	REDUCE cov: 9093 ft: 55615 corp: 2080/41Mb lim: 65536 exec/s: 447 rss: 480Mb L: 51338/65536 MS: 4 ChangeASCIIInt-ChangeByte-InsertByte-EraseBytes-
#92773	NEW    cov: 9093 ft: 55665 corp: 2081/41Mb lim: 65536 exec/s: 448 rss: 480Mb L: 37275/65536 MS: 3 ChangeBit-InsertRepeatedBytes-EraseBytes-
#92848	REDUCE cov: 9093 ft: 55665 corp: 2081/41Mb lim: 65536 exec/s: 448 rss: 480Mb L: 2353/65536 MS: 5 CMP-PersAutoDict-ChangeBinInt-CMP-EraseBytes- DE: "\377\\"-"(\000"-"\000\005"-
#92855	REDUCE cov: 9093 ft: 55665 corp: 2081/41Mb lim: 65536 exec/s: 448 rss: 480Mb L: 1514/65536 MS: 2 ChangeBinInt-EraseBytes-
#92901	REDUCE cov: 9093 ft: 55665 corp: 2081/41Mb lim: 65536 exec/s: 448 rss: 480Mb L: 45951/65536 MS: 1 EraseBytes-
#92944	REDUCE cov: 9093 ft: 55665 corp: 2081/41Mb lim: 65536 exec/s: 449 rss: 480Mb L: 24811/65536 MS: 3 PersAutoDict-ChangeByte-EraseBytes- DE: ",\004\335\000\020c\000\000"-
#92976	REDUCE cov: 9093 ft: 55665 corp: 2081/41Mb lim: 65536 exec/s: 449 rss: 480Mb L: 34192/65536 MS: 2 InsertRepeatedBytes-EraseBytes-
#93017	NEW    cov: 9093 ft: 55676 corp: 2082/41Mb lim: 65536 exec/s: 447 rss: 480Mb L: 57874/65536 MS: 1 CrossOver-
#93121	REDUCE cov: 9093 ft: 55676 corp: 2082/41Mb lim: 65536 exec/s: 447 rss: 480Mb L: 5505/65536 MS: 4 ChangeBit-PersAutoDict-PersAutoDict-EraseBytes- DE: "\035\000\000\000"-"\001\000bp\000}Sk"-
#93140	REDUCE cov: 9093 ft: 55676 corp: 2082/41Mb lim: 65536 exec/s: 447 rss: 480Mb L: 23076/65536 MS: 4 CMP-CopyPart-CrossOver-EraseBytes- DE: "\377\377\377\017"-
#93143	REDUCE cov: 9093 ft: 55676 corp: 2082/41Mb lim: 65536 exec/s: 447 rss: 480Mb L: 47481/65536 MS: 3 ChangeBit-CrossOver-InsertRepeatedBytes-
#93158	NEW    cov: 9093 ft: 55678 corp: 2083/42Mb lim: 65536 exec/s: 447 rss: 480Mb L: 59215/65536 MS: 5 InsertRepeatedBytes-ChangeBinInt-InsertByte-ShuffleBytes-CopyPart-
#93194	REDUCE cov: 9093 ft: 55678 corp: 2083/42Mb lim: 65536 exec/s: 448 rss: 480Mb L: 3206/65536 MS: 1 EraseBytes-
#93196	REDUCE cov: 9093 ft: 55678 corp: 2083/42Mb lim: 65536 exec/s: 448 rss: 480Mb L: 2860/65536 MS: 2 CMP-EraseBytes- DE: "\001\035"-
#93234	REDUCE cov: 9093 ft: 55678 corp: 2083/41Mb lim: 65536 exec/s: 448 rss: 480Mb L: 34738/65536 MS: 3 ChangeByte-CopyPart-EraseBytes-
#93276	REDUCE cov: 9093 ft: 55678 corp: 2083/41Mb lim: 65536 exec/s: 448 rss: 480Mb L: 192/65536 MS: 2 ChangeBit-EraseBytes-
#93283	REDUCE cov: 9093 ft: 55678 corp: 2083/41Mb lim: 65536 exec/s: 448 rss: 480Mb L: 105/65536 MS: 2 CMP-EraseBytes- DE: "\377\016"-
#93295	REDUCE cov: 9093 ft: 55678 corp: 2083/41Mb lim: 65536 exec/s: 448 rss: 480Mb L: 32136/65536 MS: 2 ChangeByte-EraseBytes-
#93374	REDUCE cov: 9093 ft: 55678 corp: 2083/41Mb lim: 65536 exec/s: 448 rss: 480Mb L: 13570/65536 MS: 4 CMP-InsertByte-CMP-EraseBytes- DE: "\001\000b\300\000\223w\207"-"R\376"-
#93375	REDUCE cov: 9093 ft: 55678 corp: 2083/41Mb lim: 65536 exec/s: 448 rss: 480Mb L: 57463/65536 MS: 1 EraseBytes-
#93381	REDUCE cov: 9093 ft: 55678 corp: 2083/41Mb lim: 65536 exec/s: 448 rss: 480Mb L: 32555/65536 MS: 1 EraseBytes-
#93469	REDUCE cov: 9093 ft: 55678 corp: 2083/41Mb lim: 65536 exec/s: 447 rss: 480Mb L: 24692/65536 MS: 3 ChangeByte-CrossOver-EraseBytes-
#93481	REDUCE cov: 9093 ft: 55678 corp: 2083/41Mb lim: 65536 exec/s: 447 rss: 480Mb L: 6909/65536 MS: 2 ChangeBit-EraseBytes-
#93491	REDUCE cov: 9093 ft: 55678 corp: 2083/41Mb lim: 65536 exec/s: 447 rss: 480Mb L: 57176/65536 MS: 5 ChangeASCIIInt-ChangeBit-CopyPart-InsertByte-EraseBytes-
#93498	REDUCE cov: 9093 ft: 55678 corp: 2083/41Mb lim: 65536 exec/s: 447 rss: 480Mb L: 4241/65536 MS: 2 CMP-EraseBytes- DE: "\034\000"-
#93507	REDUCE cov: 9093 ft: 55678 corp: 2083/41Mb lim: 65536 exec/s: 447 rss: 480Mb L: 6249/65536 MS: 4 ChangeByte-CMP-InsertByte-EraseBytes- DE: "\032\204c\000Pb\000\000"-
#93538	REDUCE cov: 9093 ft: 55678 corp: 2083/41Mb lim: 65536 exec/s: 447 rss: 480Mb L: 3686/65536 MS: 1 EraseBytes-
#93554	REDUCE cov: 9093 ft: 55678 corp: 2083/41Mb lim: 65536 exec/s: 447 rss: 480Mb L: 39723/65536 MS: 1 EraseBytes-
#93555	REDUCE cov: 9093 ft: 55678 corp: 2083/41Mb lim: 65536 exec/s: 447 rss: 480Mb L: 169/65536 MS: 1 EraseBytes-
#93569	REDUCE cov: 9093 ft: 55678 corp: 2083/41Mb lim: 65536 exec/s: 447 rss: 480Mb L: 43048/65536 MS: 4 PersAutoDict-ChangeBit-ChangeBit-EraseBytes- DE: "\000\001"-
#93646	NEW    cov: 9093 ft: 55718 corp: 2084/41Mb lim: 65536 exec/s: 448 rss: 480Mb L: 11413/65536 MS: 2 InsertByte-EraseBytes-
#93720	REDUCE cov: 9093 ft: 55718 corp: 2084/41Mb lim: 65536 exec/s: 448 rss: 480Mb L: 33439/65536 MS: 4 CopyPart-InsertRepeatedBytes-ChangeBit-EraseBytes-
#93721	REDUCE cov: 9093 ft: 55718 corp: 2084/41Mb lim: 65536 exec/s: 448 rss: 480Mb L: 15522/65536 MS: 1 EraseBytes-
#93722	REDUCE cov: 9093 ft: 55727 corp: 2085/41Mb lim: 65536 exec/s: 448 rss: 480Mb L: 33837/65536 MS: 1 CopyPart-
#93843	REDUCE cov: 9093 ft: 55727 corp: 2085/41Mb lim: 65536 exec/s: 449 rss: 480Mb L: 40282/65536 MS: 1 EraseBytes-
#93847	REDUCE cov: 9093 ft: 55727 corp: 2085/41Mb lim: 65536 exec/s: 449 rss: 480Mb L: 9299/65536 MS: 4 CMP-InsertRepeatedBytes-InsertRepeatedBytes-EraseBytes- DE: "\032\000\000\000"-
#93878	REDUCE cov: 9093 ft: 55727 corp: 2085/41Mb lim: 65536 exec/s: 449 rss: 480Mb L: 13609/65536 MS: 1 EraseBytes-
#93883	REDUCE cov: 9093 ft: 55727 corp: 2085/41Mb lim: 65536 exec/s: 449 rss: 480Mb L: 29954/65536 MS: 5 ChangeBit-ChangeBinInt-PersAutoDict-InsertByte-EraseBytes- DE: "(in"-
#93890	REDUCE cov: 9093 ft: 55727 corp: 2085/41Mb lim: 65536 exec/s: 449 rss: 480Mb L: 6091/65536 MS: 2 ChangeByte-EraseBytes-
#93892	REDUCE cov: 9093 ft: 55727 corp: 2085/41Mb lim: 65536 exec/s: 449 rss: 480Mb L: 4754/65536 MS: 2 ChangeByte-EraseBytes-
#93959	REDUCE cov: 9093 ft: 55727 corp: 2085/41Mb lim: 65536 exec/s: 449 rss: 480Mb L: 7567/65536 MS: 2 ChangeBit-EraseBytes-
#94019	REDUCE cov: 9093 ft: 55727 corp: 2085/41Mb lim: 65536 exec/s: 447 rss: 480Mb L: 4871/65536 MS: 5 ChangeASCIIInt-InsertByte-ShuffleBytes-CopyPart-EraseBytes-
#94022	REDUCE cov: 9093 ft: 55727 corp: 2085/41Mb lim: 65536 exec/s: 447 rss: 480Mb L: 8415/65536 MS: 3 CMP-ShuffleBytes-EraseBytes- DE: "\007\000"-
#94045	REDUCE cov: 9093 ft: 55728 corp: 2086/41Mb lim: 65536 exec/s: 447 rss: 480Mb L: 53804/65536 MS: 3 CrossOver-PersAutoDict-CrossOver- DE: "\260\375\267\001Pb\000\000"-
#94072	REDUCE cov: 9093 ft: 55728 corp: 2086/41Mb lim: 65536 exec/s: 447 rss: 480Mb L: 10890/65536 MS: 2 PersAutoDict-EraseBytes- DE: "ock"-
#94126	REDUCE cov: 9093 ft: 55728 corp: 2086/41Mb lim: 65536 exec/s: 448 rss: 480Mb L: 4997/65536 MS: 4 ShuffleBytes-CrossOver-ChangeBit-EraseBytes-
#94130	REDUCE cov: 9093 ft: 55728 corp: 2086/41Mb lim: 65536 exec/s: 448 rss: 480Mb L: 85/65536 MS: 4 ChangeBit-PersAutoDict-PersAutoDict-EraseBytes- DE: "\000\000\000\004"-"\004\000"-
#94219	REDUCE cov: 9093 ft: 55728 corp: 2086/41Mb lim: 65536 exec/s: 448 rss: 480Mb L: 2106/65536 MS: 4 InsertByte-ChangeBit-CMP-EraseBytes- DE: "p\273g\266\376\177\000\000"-
#94222	REDUCE cov: 9093 ft: 55728 corp: 2086/41Mb lim: 65536 exec/s: 448 rss: 480Mb L: 36597/65536 MS: 3 CMP-PersAutoDict-EraseBytes- DE: "&ouml;"-"\310\336(\000\240b\000\000"-
#94246	REDUCE cov: 9093 ft: 55728 corp: 2086/41Mb lim: 65536 exec/s: 448 rss: 480Mb L: 16741/65536 MS: 4 PersAutoDict-CMP-EraseBytes-CopyPart- DE: "\377\377\3776"-"\000\001"-
#94321	REDUCE cov: 9093 ft: 55728 corp: 2086/41Mb lim: 65536 exec/s: 449 rss: 480Mb L: 393/65536 MS: 5 PersAutoDict-CopyPart-EraseBytes-ChangeBit-ChangeBinInt- DE: "rsion"-
#94348	REDUCE cov: 9093 ft: 55728 corp: 2086/41Mb lim: 65536 exec/s: 449 rss: 480Mb L: 23669/65536 MS: 2 InsertRepeatedBytes-EraseBytes-
#94373	REDUCE cov: 9093 ft: 55728 corp: 2086/41Mb lim: 65536 exec/s: 449 rss: 480Mb L: 8001/65536 MS: 5 InsertRepeatedBytes-ChangeASCIIInt-ShuffleBytes-ChangeASCIIInt-EraseBytes-
#94389	REDUCE cov: 9093 ft: 55728 corp: 2086/41Mb lim: 65536 exec/s: 449 rss: 480Mb L: 15650/65536 MS: 1 EraseBytes-
#94391	REDUCE cov: 9093 ft: 55728 corp: 2086/41Mb lim: 65536 exec/s: 449 rss: 480Mb L: 48/65536 MS: 2 CrossOver-EraseBytes-
#94405	REDUCE cov: 9093 ft: 55728 corp: 2086/41Mb lim: 65536 exec/s: 449 rss: 480Mb L: 22494/65536 MS: 4 ChangeASCIIInt-InsertRepeatedBytes-ChangeBit-EraseBytes-
#94422	REDUCE cov: 9093 ft: 55729 corp: 2087/41Mb lim: 65536 exec/s: 449 rss: 480Mb L: 36685/65536 MS: 2 CrossOver-CrossOver-
#94426	REDUCE cov: 9093 ft: 55729 corp: 2087/41Mb lim: 65536 exec/s: 449 rss: 480Mb L: 3209/65536 MS: 4 ChangeBit-PersAutoDict-ChangeByte-EraseBytes- DE: "&Darr;"-
#94462	REDUCE cov: 9093 ft: 55737 corp: 2088/41Mb lim: 65536 exec/s: 447 rss: 480Mb L: 9420/65536 MS: 1 CrossOver-
#94484	REDUCE cov: 9093 ft: 55737 corp: 2088/41Mb lim: 65536 exec/s: 447 rss: 480Mb L: 23532/65536 MS: 2 InsertByte-EraseBytes-
#94490	REDUCE cov: 9093 ft: 55737 corp: 2088/41Mb lim: 65536 exec/s: 447 rss: 480Mb L: 106/65536 MS: 1 EraseBytes-
#94494	REDUCE cov: 9093 ft: 55737 corp: 2088/41Mb lim: 65536 exec/s: 447 rss: 480Mb L: 50879/65536 MS: 4 InsertByte-PersAutoDict-InsertByte-EraseBytes- DE: "\000\000\177\376\266g\275\330"-
#94517	REDUCE cov: 9093 ft: 55737 corp: 2088/41Mb lim: 65536 exec/s: 447 rss: 480Mb L: 27189/65536 MS: 3 PersAutoDict-CMP-EraseBytes- DE: "\015\000\000\000"-"&parsi"-
#94543	REDUCE cov: 9093 ft: 55737 corp: 2088/41Mb lim: 65536 exec/s: 448 rss: 480Mb L: 34877/65536 MS: 1 EraseBytes-
#94559	REDUCE cov: 9093 ft: 55751 corp: 2089/42Mb lim: 65536 exec/s: 448 rss: 480Mb L: 42090/65536 MS: 1 CopyPart-
#94631	REDUCE cov: 9093 ft: 55751 corp: 2089/42Mb lim: 65536 exec/s: 448 rss: 480Mb L: 34157/65536 MS: 2 PersAutoDict-EraseBytes- DE: "&Cacute;"-
#94646	REDUCE cov: 9096 ft: 55754 corp: 2090/42Mb lim: 65536 exec/s: 448 rss: 480Mb L: 59950/65536 MS: 5 ChangeByte-CMP-ChangeByte-ChangeASCIIInt-CrossOver- DE: "&frac23;"-
#94679	REDUCE cov: 9096 ft: 55754 corp: 2090/42Mb lim: 65536 exec/s: 448 rss: 480Mb L: 241/65536 MS: 3 ChangeBit-ChangeByte-EraseBytes-
#94743	REDUCE cov: 9096 ft: 55778 corp: 2091/42Mb lim: 65536 exec/s: 449 rss: 480Mb L: 64570/65536 MS: 4 ChangeBinInt-ChangeBit-CMP-CopyPart- DE: "https"-
#94744	REDUCE cov: 9096 ft: 55779 corp: 2092/42Mb lim: 65536 exec/s: 449 rss: 480Mb L: 43277/65536 MS: 1 CrossOver-
#94750	REDUCE cov: 9096 ft: 55779 corp: 2092/42Mb lim: 65536 exec/s: 449 rss: 480Mb L: 9164/65536 MS: 1 EraseBytes-
#94751	REDUCE cov: 9096 ft: 55779 corp: 2092/42Mb lim: 65536 exec/s: 449 rss: 480Mb L: 9891/65536 MS: 1 EraseBytes-
#94811	REDUCE cov: 9096 ft: 55779 corp: 2092/42Mb lim: 65536 exec/s: 449 rss: 480Mb L: 5041/65536 MS: 5 CMP-PersAutoDict-ChangeBit-ChangeByte-EraseBytes- DE: "\377\377"-"\032\204c\000Pb\000\000"-
#94817	REDUCE cov: 9096 ft: 55779 corp: 2092/42Mb lim: 65536 exec/s: 449 rss: 480Mb L: 33628/65536 MS: 1 EraseBytes-
#94939	REDUCE cov: 9096 ft: 55779 corp: 2092/42Mb lim: 65536 exec/s: 449 rss: 480Mb L: 34068/65536 MS: 2 ShuffleBytes-EraseBytes-
#94947	REDUCE cov: 9097 ft: 55780 corp: 2093/42Mb lim: 65536 exec/s: 449 rss: 480Mb L: 12075/65536 MS: 3 ChangeByte-ChangeBit-CrossOver-
#94971	REDUCE cov: 9097 ft: 55780 corp: 2093/42Mb lim: 65536 exec/s: 450 rss: 480Mb L: 30101/65536 MS: 4 CopyPart-PersAutoDict-ShuffleBytes-EraseBytes- DE: "w\235"-
#94988	REDUCE cov: 9097 ft: 55780 corp: 2093/42Mb lim: 65536 exec/s: 448 rss: 480Mb L: 14699/65536 MS: 2 ShuffleBytes-EraseBytes-
#95063	REDUCE cov: 9097 ft: 55780 corp: 2093/42Mb lim: 65536 exec/s: 448 rss: 480Mb L: 12386/65536 MS: 5 ShuffleBytes-ChangeASCIIInt-CMP-CopyPart-EraseBytes- DE: "\2577\000\000"-
#95091	REDUCE cov: 9097 ft: 55780 corp: 2093/42Mb lim: 65536 exec/s: 448 rss: 480Mb L: 9273/65536 MS: 3 InsertByte-ChangeByte-EraseBytes-
#95122	REDUCE cov: 9097 ft: 55780 corp: 2093/42Mb lim: 65536 exec/s: 448 rss: 480Mb L: 8108/65536 MS: 1 EraseBytes-
#95131	REDUCE cov: 9097 ft: 55781 corp: 2094/42Mb lim: 65536 exec/s: 448 rss: 480Mb L: 1890/65536 MS: 4 CMP-CMP-ShuffleBytes-CopyPart- DE: "ftp"-"\017\000"-
#95135	REDUCE cov: 9097 ft: 55781 corp: 2094/42Mb lim: 65536 exec/s: 448 rss: 480Mb L: 23285/65536 MS: 4 ChangeBinInt-CMP-InsertByte-EraseBytes- DE: "<![CDATA["-
#95144	REDUCE cov: 9097 ft: 55781 corp: 2094/42Mb lim: 65536 exec/s: 448 rss: 480Mb L: 2999/65536 MS: 4 ChangeByte-ChangeBinInt-ChangeByte-EraseBytes-
#95147	REDUCE cov: 9097 ft: 55781 corp: 2094/42Mb lim: 65536 exec/s: 448 rss: 480Mb L: 1418/65536 MS: 3 ChangeByte-InsertByte-EraseBytes-
#95165	REDUCE cov: 9097 ft: 55782 corp: 2095/42Mb lim: 65536 exec/s: 448 rss: 480Mb L: 45088/65536 MS: 3 ChangeBit-CMP-CopyPart- DE: "+z\000\000"-
#95176	REDUCE cov: 9097 ft: 55782 corp: 2095/42Mb lim: 65536 exec/s: 448 rss: 480Mb L: 8000/65536 MS: 1 EraseBytes-
#95212	REDUCE cov: 9097 ft: 55782 corp: 2095/42Mb lim: 65536 exec/s: 449 rss: 480Mb L: 3254/65536 MS: 1 EraseBytes-
#95306	REDUCE cov: 9098 ft: 55785 corp: 2096/42Mb lim: 65536 exec/s: 449 rss: 480Mb L: 5925/65536 MS: 4 InsertByte-ShuffleBytes-ShuffleBytes-ShuffleBytes-
#95308	REDUCE cov: 9098 ft: 55785 corp: 2096/42Mb lim: 65536 exec/s: 449 rss: 480Mb L: 44505/65536 MS: 2 InsertByte-EraseBytes-
#95312	REDUCE cov: 9098 ft: 55785 corp: 2096/42Mb lim: 65536 exec/s: 449 rss: 480Mb L: 1275/65536 MS: 4 ShuffleBytes-InsertByte-ChangeBit-EraseBytes-
#95313	REDUCE cov: 9098 ft: 55787 corp: 2097/42Mb lim: 65536 exec/s: 449 rss: 480Mb L: 62050/65536 MS: 1 InsertRepeatedBytes-
#95331	NEW    cov: 9098 ft: 55788 corp: 2098/42Mb lim: 65536 exec/s: 449 rss: 480Mb L: 82/65536 MS: 3 ChangeBit-EraseBytes-PersAutoDict- DE: "\377\377~\376\266g\276@"-
#95336	REDUCE cov: 9098 ft: 55788 corp: 2098/42Mb lim: 65536 exec/s: 449 rss: 480Mb L: 13783/65536 MS: 5 CopyPart-ChangeBinInt-ShuffleBytes-ChangeBit-EraseBytes-
#95340	REDUCE cov: 9098 ft: 55788 corp: 2098/42Mb lim: 65536 exec/s: 449 rss: 480Mb L: 17975/65536 MS: 4 ChangeBit-ChangeBit-InsertRepeatedBytes-EraseBytes-
#95353	NEW    cov: 9098 ft: 55804 corp: 2099/42Mb lim: 65536 exec/s: 449 rss: 480Mb L: 46231/65536 MS: 3 InsertByte-ChangeByte-CopyPart-
#95374	REDUCE cov: 9098 ft: 55804 corp: 2099/42Mb lim: 65536 exec/s: 449 rss: 480Mb L: 36985/65536 MS: 1 EraseBytes-
#95375	REDUCE cov: 9098 ft: 55804 corp: 2099/42Mb lim: 65536 exec/s: 449 rss: 480Mb L: 6343/65536 MS: 1 EraseBytes-
#95397	REDUCE cov: 9098 ft: 55804 corp: 2099/42Mb lim: 65536 exec/s: 449 rss: 480Mb L: 56043/65536 MS: 2 InsertByte-EraseBytes-
#95424	REDUCE cov: 9098 ft: 55804 corp: 2099/42Mb lim: 65536 exec/s: 450 rss: 480Mb L: 4746/65536 MS: 2 InsertByte-EraseBytes-
#95648	REDUCE cov: 9098 ft: 55804 corp: 2099/42Mb lim: 65536 exec/s: 449 rss: 480Mb L: 18893/65536 MS: 4 ChangeBit-ChangeASCIIInt-InsertByte-EraseBytes-
#95654	REDUCE cov: 9098 ft: 55804 corp: 2099/42Mb lim: 65536 exec/s: 449 rss: 480Mb L: 2856/65536 MS: 1 EraseBytes-
#95743	REDUCE cov: 9098 ft: 55804 corp: 2099/42Mb lim: 65536 exec/s: 449 rss: 480Mb L: 722/65536 MS: 4 CopyPart-CopyPart-ChangeBit-EraseBytes-
#95745	REDUCE cov: 9098 ft: 55804 corp: 2099/42Mb lim: 65536 exec/s: 449 rss: 480Mb L: 2725/65536 MS: 2 ChangeBit-EraseBytes-
#95757	REDUCE cov: 9098 ft: 55804 corp: 2099/42Mb lim: 65536 exec/s: 449 rss: 480Mb L: 24771/65536 MS: 2 CopyPart-EraseBytes-
#95809	REDUCE cov: 9098 ft: 55804 corp: 2099/42Mb lim: 65536 exec/s: 449 rss: 480Mb L: 28808/65536 MS: 2 CrossOver-EraseBytes-
#95951	REDUCE cov: 9098 ft: 55804 corp: 2099/42Mb lim: 65536 exec/s: 450 rss: 480Mb L: 423/65536 MS: 2 ChangeBinInt-EraseBytes-
#95954	REDUCE cov: 9098 ft: 55804 corp: 2099/42Mb lim: 65536 exec/s: 450 rss: 480Mb L: 40400/65536 MS: 3 CopyPart-PersAutoDict-EraseBytes- DE: "ext"-
#95958	REDUCE cov: 9098 ft: 55804 corp: 2099/42Mb lim: 65536 exec/s: 450 rss: 480Mb L: 23116/65536 MS: 4 CopyPart-InsertByte-ShuffleBytes-EraseBytes-
#95995	REDUCE cov: 9098 ft: 55809 corp: 2100/42Mb lim: 65536 exec/s: 450 rss: 480Mb L: 8349/65536 MS: 2 PersAutoDict-CopyPart- DE: "\001\000\177\376\266g\275\330"-
#96010	REDUCE cov: 9098 ft: 55809 corp: 2100/42Mb lim: 65536 exec/s: 450 rss: 480Mb L: 274/65536 MS: 5 EraseBytes-PersAutoDict-ChangeASCIIInt-ShuffleBytes-EraseBytes- DE: "w\235"-
#96014	NEW    cov: 9098 ft: 55810 corp: 2101/42Mb lim: 65536 exec/s: 450 rss: 480Mb L: 33430/65536 MS: 4 ShuffleBytes-PersAutoDict-ChangeBit-CopyPart- DE: "\000\000\177\376\266g\275\330"-
#96037	REDUCE cov: 9098 ft: 55810 corp: 2101/42Mb lim: 65536 exec/s: 450 rss: 480Mb L: 12229/65536 MS: 3 ChangeByte-ChangeByte-EraseBytes-
#96045	REDUCE cov: 9098 ft: 55810 corp: 2101/42Mb lim: 65536 exec/s: 450 rss: 480Mb L: 4419/65536 MS: 3 ShuffleBytes-PersAutoDict-EraseBytes- DE: "&Integral;"-
#96059	REDUCE cov: 9098 ft: 55810 corp: 2101/42Mb lim: 65536 exec/s: 448 rss: 480Mb L: 2417/65536 MS: 4 PersAutoDict-ChangeASCIIInt-EraseBytes-CrossOver- DE: "\000\000b\360\000\033\352\177"-
#96060	REDUCE cov: 9098 ft: 55810 corp: 2101/42Mb lim: 65536 exec/s: 448 rss: 480Mb L: 18348/65536 MS: 1 EraseBytes-
#96103	REDUCE cov: 9098 ft: 55810 corp: 2101/42Mb lim: 65536 exec/s: 449 rss: 480Mb L: 5660/65536 MS: 3 ChangeBit-InsertByte-EraseBytes-
#96115	REDUCE cov: 9098 ft: 55810 corp: 2101/42Mb lim: 65536 exec/s: 449 rss: 480Mb L: 33541/65536 MS: 2 ShuffleBytes-EraseBytes-
#96122	REDUCE cov: 9098 ft: 55810 corp: 2101/42Mb lim: 65536 exec/s: 449 rss: 480Mb L: 77/65536 MS: 2 ShuffleBytes-EraseBytes-
#96154	REDUCE cov: 9098 ft: 55821 corp: 2102/42Mb lim: 65536 exec/s: 449 rss: 480Mb L: 55417/65536 MS: 2 InsertByte-CopyPart-
#96201	REDUCE cov: 9098 ft: 55823 corp: 2103/42Mb lim: 65536 exec/s: 449 rss: 480Mb L: 15015/65536 MS: 2 ChangeByte-CrossOver-
#96270	REDUCE cov: 9098 ft: 55823 corp: 2103/42Mb lim: 65536 exec/s: 449 rss: 480Mb L: 2240/65536 MS: 4 PersAutoDict-PersAutoDict-PersAutoDict-EraseBytes- DE: "\377\377B\276"-"\000\000b@\000:<\001"-"\017\000"-
#96289	REDUCE cov: 9098 ft: 55823 corp: 2103/42Mb lim: 65536 exec/s: 449 rss: 480Mb L: 27249/65536 MS: 4 CMP-CopyPart-ShuffleBytes-EraseBytes- DE: "\000\000\000\000\000\000\000\000"-
#96300	REDUCE cov: 9098 ft: 55823 corp: 2103/42Mb lim: 65536 exec/s: 450 rss: 480Mb L: 3690/65536 MS: 1 EraseBytes-
#96383	REDUCE cov: 9098 ft: 55823 corp: 2103/42Mb lim: 65536 exec/s: 450 rss: 480Mb L: 8780/65536 MS: 3 ChangeBit-CopyPart-EraseBytes-
#96390	REDUCE cov: 9098 ft: 55823 corp: 2103/42Mb lim: 65536 exec/s: 450 rss: 480Mb L: 1152/65536 MS: 2 ChangeBinInt-EraseBytes-
#96398	REDUCE cov: 9098 ft: 55823 corp: 2103/42Mb lim: 65536 exec/s: 450 rss: 480Mb L: 4240/65536 MS: 3 ShuffleBytes-ChangeByte-EraseBytes-
#96410	REDUCE cov: 9098 ft: 55823 corp: 2103/42Mb lim: 65536 exec/s: 450 rss: 480Mb L: 36113/65536 MS: 2 InsertRepeatedBytes-EraseBytes-
#96411	REDUCE cov: 9098 ft: 55823 corp: 2103/42Mb lim: 65536 exec/s: 450 rss: 480Mb L: 6126/65536 MS: 1 CrossOver-
#96426	REDUCE cov: 9098 ft: 55824 corp: 2104/42Mb lim: 65536 exec/s: 450 rss: 480Mb L: 17999/65536 MS: 5 PersAutoDict-CrossOver-CrossOver-ShuffleBytes-PersAutoDict- DE: "&Differen"-"\011Y"-
#96497	REDUCE cov: 9098 ft: 55824 corp: 2104/42Mb lim: 65536 exec/s: 450 rss: 480Mb L: 25519/65536 MS: 1 EraseBytes-
#96538	REDUCE cov: 9098 ft: 55824 corp: 2104/42Mb lim: 65536 exec/s: 449 rss: 480Mb L: 61760/65536 MS: 1 EraseBytes-
#96614	REDUCE cov: 9098 ft: 55824 corp: 2104/42Mb lim: 65536 exec/s: 449 rss: 480Mb L: 6654/65536 MS: 1 EraseBytes-
#96627	REDUCE cov: 9098 ft: 55824 corp: 2104/42Mb lim: 65536 exec/s: 449 rss: 480Mb L: 39244/65536 MS: 3 InsertRepeatedBytes-PersAutoDict-EraseBytes- DE: "\"\036\344\000\320b\000\000"-
#96721	REDUCE cov: 9098 ft: 55824 corp: 2104/42Mb lim: 65536 exec/s: 449 rss: 480Mb L: 29848/65536 MS: 4 CrossOver-ChangeByte-CMP-EraseBytes- DE: "R\276g\266\376\177\000\000"-
#96736	REDUCE cov: 9098 ft: 55824 corp: 2104/42Mb lim: 65536 exec/s: 449 rss: 480Mb L: 7229/65536 MS: 5 ChangeBit-ShuffleBytes-ShuffleBytes-ChangeBit-EraseBytes-
#96741	NEW    cov: 9098 ft: 55825 corp: 2105/42Mb lim: 65536 exec/s: 449 rss: 480Mb L: 48954/65536 MS: 5 ChangeBinInt-ChangeByte-ChangeByte-PersAutoDict-CrossOver- DE: "\012\036\207\000\000b\000\000"-
#96770	REDUCE cov: 9098 ft: 55825 corp: 2105/42Mb lim: 65536 exec/s: 450 rss: 480Mb L: 7890/65536 MS: 4 InsertByte-ChangeBit-ChangeASCIIInt-EraseBytes-
#96779	REDUCE cov: 9098 ft: 55825 corp: 2105/42Mb lim: 65536 exec/s: 450 rss: 480Mb L: 2047/65536 MS: 4 ChangeByte-InsertRepeatedBytes-ChangeASCIIInt-EraseBytes-
#96781	REDUCE cov: 9098 ft: 55825 corp: 2105/42Mb lim: 65536 exec/s: 450 rss: 480Mb L: 944/65536 MS: 2 ChangeASCIIInt-EraseBytes-
#96782	NEW    cov: 9098 ft: 55826 corp: 2106/42Mb lim: 65536 exec/s: 450 rss: 480Mb L: 10925/65536 MS: 1 CopyPart-
#96791	NEW    cov: 9098 ft: 55827 corp: 2107/42Mb lim: 65536 exec/s: 450 rss: 480Mb L: 49266/65536 MS: 4 InsertRepeatedBytes-ChangeBinInt-InsertRepeatedBytes-CopyPart-
#96812	REDUCE cov: 9098 ft: 55827 corp: 2107/42Mb lim: 65536 exec/s: 450 rss: 480Mb L: 11066/65536 MS: 1 EraseBytes-
#96814	REDUCE cov: 9098 ft: 55827 corp: 2107/42Mb lim: 65536 exec/s: 450 rss: 480Mb L: 7801/65536 MS: 2 ChangeBit-EraseBytes-
#96845	REDUCE cov: 9098 ft: 55827 corp: 2107/42Mb lim: 65536 exec/s: 450 rss: 480Mb L: 1890/65536 MS: 1 EraseBytes-
#96905	REDUCE cov: 9098 ft: 55828 corp: 2108/42Mb lim: 65536 exec/s: 450 rss: 480Mb L: 49625/65536 MS: 5 ChangeBit-InsertByte-CrossOver-PersAutoDict-CopyPart- DE: "\000\000a0\000\017.\240"-
#96946	REDUCE cov: 9098 ft: 55828 corp: 2108/42Mb lim: 65536 exec/s: 450 rss: 480Mb L: 6752/65536 MS: 1 EraseBytes-
#96955	NEW    cov: 9098 ft: 55830 corp: 2109/42Mb lim: 65536 exec/s: 450 rss: 480Mb L: 63878/65536 MS: 4 ChangeASCIIInt-ChangeByte-ChangeBit-CopyPart-
#97038	REDUCE cov: 9098 ft: 55830 corp: 2109/42Mb lim: 65536 exec/s: 449 rss: 480Mb L: 42342/65536 MS: 3 CMP-CMP-EraseBytes- DE: "www"-"Ls)"-
#97053	REDUCE cov: 9098 ft: 55830 corp: 2109/42Mb lim: 65536 exec/s: 449 rss: 480Mb L: 32340/65536 MS: 5 ChangeASCIIInt-InsertByte-CopyPart-ChangeASCIIInt-EraseBytes-
#97079	REDUCE cov: 9098 ft: 55830 corp: 2109/42Mb lim: 65536 exec/s: 449 rss: 480Mb L: 15559/65536 MS: 1 EraseBytes-
#97100	REDUCE cov: 9098 ft: 55832 corp: 2110/42Mb lim: 65536 exec/s: 449 rss: 480Mb L: 59218/65536 MS: 1 CopyPart-
#97111	REDUCE cov: 9098 ft: 55832 corp: 2110/42Mb lim: 65536 exec/s: 449 rss: 480Mb L: 20526/65536 MS: 1 EraseBytes-
#97118	REDUCE cov: 9098 ft: 55832 corp: 2110/42Mb lim: 65536 exec/s: 449 rss: 480Mb L: 345/65536 MS: 2 PersAutoDict-EraseBytes- DE: "\000\000\177\376\266g\276G"-
#97129	REDUCE cov: 9098 ft: 55832 corp: 2110/42Mb lim: 65536 exec/s: 449 rss: 480Mb L: 20422/65536 MS: 1 EraseBytes-
#97138	NEW    cov: 9098 ft: 55837 corp: 2111/42Mb lim: 65536 exec/s: 449 rss: 480Mb L: 59340/65536 MS: 4 CopyPart-InsertByte-InsertByte-CopyPart-
#97224	REDUCE cov: 9098 ft: 55837 corp: 2111/42Mb lim: 65536 exec/s: 450 rss: 480Mb L: 971/65536 MS: 1 EraseBytes-
#97244	NEW    cov: 9098 ft: 55847 corp: 2112/42Mb lim: 65536 exec/s: 450 rss: 480Mb L: 184/65536 MS: 5 ShuffleBytes-CMP-ChangeBinInt-InsertRepeatedBytes-InsertByte- DE: "/\000\000\000"-
#97273	REDUCE cov: 9098 ft: 55847 corp: 2112/42Mb lim: 65536 exec/s: 450 rss: 480Mb L: 13377/65536 MS: 4 ChangeASCIIInt-ShuffleBytes-ChangeBit-EraseBytes-
#97281	REDUCE cov: 9098 ft: 55847 corp: 2112/42Mb lim: 65536 exec/s: 450 rss: 480Mb L: 20262/65536 MS: 3 ChangeASCIIInt-CMP-EraseBytes- DE: "\377\377a\240\000\254\326\222"-
#97344	REDUCE cov: 9098 ft: 55847 corp: 2112/42Mb lim: 65536 exec/s: 450 rss: 480Mb L: 10999/65536 MS: 3 ChangeByte-CMP-EraseBytes- DE: "\000\005"-
#97361	REDUCE cov: 9098 ft: 55847 corp: 2112/42Mb lim: 65536 exec/s: 450 rss: 480Mb L: 47121/65536 MS: 2 PersAutoDict-EraseBytes- DE: "<https://"-
#97394	NEW    cov: 9098 ft: 55851 corp: 2113/42Mb lim: 65536 exec/s: 450 rss: 480Mb L: 45088/65536 MS: 3 ShuffleBytes-ChangeASCIIInt-CopyPart-
#97423	REDUCE cov: 9098 ft: 55851 corp: 2113/42Mb lim: 65536 exec/s: 451 rss: 480Mb L: 45153/65536 MS: 4 EraseBytes-ChangeASCIIInt-ChangeASCIIInt-CopyPart-
#97432	REDUCE cov: 9098 ft: 55851 corp: 2113/42Mb lim: 65536 exec/s: 451 rss: 480Mb L: 55444/65536 MS: 4 InsertRepeatedBytes-PersAutoDict-CopyPart-EraseBytes- DE: "(in"-
#97463	REDUCE cov: 9098 ft: 55851 corp: 2113/42Mb lim: 65536 exec/s: 451 rss: 480Mb L: 32428/65536 MS: 1 EraseBytes-
#97480	REDUCE cov: 9098 ft: 55851 corp: 2113/42Mb lim: 65536 exec/s: 451 rss: 480Mb L: 18946/65536 MS: 2 ChangeByte-EraseBytes-
#97497	REDUCE cov: 9098 ft: 55852 corp: 2114/42Mb lim: 65536 exec/s: 451 rss: 480Mb L: 59094/65536 MS: 2 CrossOver-CopyPart-
#97517	REDUCE cov: 9098 ft: 55852 corp: 2114/42Mb lim: 65536 exec/s: 449 rss: 480Mb L: 10417/65536 MS: 5 InsertByte-InsertRepeatedBytes-ShuffleBytes-InsertByte-EraseBytes-
#97537	REDUCE cov: 9098 ft: 55854 corp: 2115/42Mb lim: 65536 exec/s: 449 rss: 480Mb L: 45640/65536 MS: 5 PersAutoDict-CopyPart-ShuffleBytes-CrossOver-CopyPart- DE: "\356\0021\000\220b\000\000"-
#97544	REDUCE cov: 9098 ft: 55854 corp: 2115/42Mb lim: 65536 exec/s: 449 rss: 480Mb L: 2679/65536 MS: 2 CrossOver-EraseBytes-
#97567	REDUCE cov: 9098 ft: 55854 corp: 2115/42Mb lim: 65536 exec/s: 449 rss: 480Mb L: 90/65536 MS: 3 InsertByte-ChangeByte-EraseBytes-
#97678	REDUCE cov: 9098 ft: 55854 corp: 2115/42Mb lim: 65536 exec/s: 450 rss: 480Mb L: 56853/65536 MS: 1 EraseBytes-
#97695	REDUCE cov: 9098 ft: 55854 corp: 2115/42Mb lim: 65536 exec/s: 450 rss: 480Mb L: 30021/65536 MS: 2 CrossOver-EraseBytes-
#97782	REDUCE cov: 9098 ft: 55854 corp: 2115/42Mb lim: 65536 exec/s: 450 rss: 480Mb L: 35271/65536 MS: 2 CopyPart-EraseBytes-
#97786	REDUCE cov: 9098 ft: 55854 corp: 2115/42Mb lim: 65536 exec/s: 450 rss: 480Mb L: 9195/65536 MS: 4 InsertRepeatedBytes-PersAutoDict-CopyPart-EraseBytes- DE: "_@\232\001\360b\000\000"-
#97848	REDUCE cov: 9098 ft: 55855 corp: 2116/42Mb lim: 65536 exec/s: 450 rss: 480Mb L: 44615/65536 MS: 2 PersAutoDict-CopyPart- DE: "\000\000a \000\003!@"-
#97854	REDUCE cov: 9098 ft: 55855 corp: 2116/42Mb lim: 65536 exec/s: 450 rss: 480Mb L: 23073/65536 MS: 1 EraseBytes-
#97891	REDUCE cov: 9098 ft: 55855 corp: 2116/42Mb lim: 65536 exec/s: 451 rss: 480Mb L: 39792/65536 MS: 2 ChangeByte-EraseBytes-
#97905	REDUCE cov: 9098 ft: 55855 corp: 2116/42Mb lim: 65536 exec/s: 451 rss: 480Mb L: 2391/65536 MS: 4 CMP-InsertByte-ShuffleBytes-EraseBytes- DE: "www"-
#97947	REDUCE cov: 9098 ft: 55857 corp: 2117/42Mb lim: 65536 exec/s: 451 rss: 480Mb L: 63512/65536 MS: 2 PersAutoDict-CopyPart- DE: "\2577\000\000"-
#97994	REDUCE cov: 9098 ft: 55857 corp: 2117/42Mb lim: 65536 exec/s: 451 rss: 480Mb L: 9623/65536 MS: 2 InsertRepeatedBytes-EraseBytes-
#97995	REDUCE cov: 9098 ft: 55858 corp: 2118/42Mb lim: 65536 exec/s: 451 rss: 480Mb L: 8248/65536 MS: 1 InsertRepeatedBytes-
#98014	REDUCE cov: 9098 ft: 55858 corp: 2118/42Mb lim: 65536 exec/s: 451 rss: 480Mb L: 31627/65536 MS: 4 ShuffleBytes-ShuffleBytes-InsertRepeatedBytes-CrossOver-
#98205	REDUCE cov: 9098 ft: 55858 corp: 2118/42Mb lim: 65536 exec/s: 450 rss: 480Mb L: 20459/65536 MS: 1 EraseBytes-
#98222	REDUCE cov: 9098 ft: 55858 corp: 2118/42Mb lim: 65536 exec/s: 450 rss: 480Mb L: 34988/65536 MS: 2 InsertByte-EraseBytes-
#98326	REDUCE cov: 9098 ft: 55858 corp: 2118/42Mb lim: 65536 exec/s: 451 rss: 480Mb L: 12707/65536 MS: 4 ChangeBinInt-ChangeBit-PersAutoDict-EraseBytes- DE: "\3770"-
#98334	NEW    cov: 9098 ft: 55866 corp: 2119/42Mb lim: 65536 exec/s: 451 rss: 480Mb L: 65536/65536 MS: 3 CopyPart-ChangeBit-CopyPart-
#98350	REDUCE cov: 9098 ft: 55866 corp: 2119/42Mb lim: 65536 exec/s: 451 rss: 480Mb L: 23060/65536 MS: 1 EraseBytes-
#98398	REDUCE cov: 9098 ft: 55868 corp: 2120/42Mb lim: 65536 exec/s: 451 rss: 480Mb L: 25133/65536 MS: 3 ChangeBinInt-CrossOver-CopyPart-
#98414	REDUCE cov: 9098 ft: 55868 corp: 2120/42Mb lim: 65536 exec/s: 451 rss: 480Mb L: 51072/65536 MS: 1 EraseBytes-
#98472	REDUCE cov: 9098 ft: 55868 corp: 2120/42Mb lim: 65536 exec/s: 451 rss: 480Mb L: 33579/65536 MS: 3 InsertByte-InsertRepeatedBytes-EraseBytes-
#98489	REDUCE cov: 9098 ft: 55868 corp: 2120/42Mb lim: 65536 exec/s: 451 rss: 480Mb L: 29464/65536 MS: 2 ShuffleBytes-EraseBytes-
#98500	REDUCE cov: 9098 ft: 55868 corp: 2120/42Mb lim: 65536 exec/s: 451 rss: 480Mb L: 26024/65536 MS: 1 EraseBytes-
#98513	REDUCE cov: 9098 ft: 55868 corp: 2120/42Mb lim: 65536 exec/s: 449 rss: 480Mb L: 655/65536 MS: 3 ChangeBinInt-InsertByte-EraseBytes-
#98577	REDUCE cov: 9098 ft: 55868 corp: 2120/42Mb lim: 65536 exec/s: 450 rss: 480Mb L: 10123/65536 MS: 4 ShuffleBytes-CopyPart-ChangeASCIIInt-EraseBytes-
#98583	REDUCE cov: 9098 ft: 55868 corp: 2120/42Mb lim: 65536 exec/s: 450 rss: 480Mb L: 45422/65536 MS: 1 EraseBytes-
#98618	REDUCE cov: 9098 ft: 55868 corp: 2120/42Mb lim: 65536 exec/s: 450 rss: 480Mb L: 23186/65536 MS: 5 ChangeBit-InsertByte-CMP-CMP-EraseBytes- DE: "<string.h"-"\021\252\003\000 a\000\000"-
#98622	REDUCE cov: 9098 ft: 55868 corp: 2120/42Mb lim: 65536 exec/s: 450 rss: 480Mb L: 379/65536 MS: 4 PersAutoDict-ChangeBit-ShuffleBytes-EraseBytes- DE: "\032\000"-
#98669	REDUCE cov: 9098 ft: 55869 corp: 2121/42Mb lim: 65536 exec/s: 450 rss: 480Mb L: 54827/65536 MS: 2 CrossOver-CopyPart-
#98670	REDUCE cov: 9098 ft: 55869 corp: 2121/42Mb lim: 65536 exec/s: 450 rss: 480Mb L: 27018/65536 MS: 1 EraseBytes-
#98682	REDUCE cov: 9098 ft: 55869 corp: 2121/42Mb lim: 65536 exec/s: 450 rss: 480Mb L: 5897/65536 MS: 2 CMP-EraseBytes- DE: "\000%"-
#98711	REDUCE cov: 9098 ft: 55911 corp: 2122/42Mb lim: 65536 exec/s: 450 rss: 480Mb L: 58514/65536 MS: 4 CrossOver-CopyPart-ChangeByte-CopyPart-
#98880	REDUCE cov: 9098 ft: 55911 corp: 2122/42Mb lim: 65536 exec/s: 451 rss: 480Mb L: 78/65536 MS: 4 ChangeByte-InsertByte-InsertByte-EraseBytes-
#98946	REDUCE cov: 9098 ft: 55911 corp: 2122/42Mb lim: 65536 exec/s: 451 rss: 480Mb L: 113/65536 MS: 1 EraseBytes-
#98972	NEW    cov: 9098 ft: 55912 corp: 2123/42Mb lim: 65536 exec/s: 451 rss: 480Mb L: 1184/65536 MS: 1 CopyPart-
#98975	REDUCE cov: 9098 ft: 55913 corp: 2124/42Mb lim: 65536 exec/s: 451 rss: 480Mb L: 2728/65536 MS: 3 ChangeBit-ChangeASCIIInt-InsertByte-
#98990	REDUCE cov: 9098 ft: 55913 corp: 2124/42Mb lim: 65536 exec/s: 452 rss: 480Mb L: 8397/65536 MS: 5 ChangeBinInt-ShuffleBytes-InsertRepeatedBytes-CMP-EraseBytes- DE: "\000\000\000\000\000\000\000\000"-
#99006	REDUCE cov: 9098 ft: 55913 corp: 2124/42Mb lim: 65536 exec/s: 450 rss: 480Mb L: 9102/65536 MS: 1 EraseBytes-
#99007	NEW    cov: 9098 ft: 55919 corp: 2125/42Mb lim: 65536 exec/s: 450 rss: 480Mb L: 62532/65536 MS: 1 CopyPart-
#99034	NEW    cov: 9098 ft: 55921 corp: 2126/42Mb lim: 65536 exec/s: 450 rss: 480Mb L: 43750/65536 MS: 2 InsertRepeatedBytes-CopyPart-
#99056	REDUCE cov: 9098 ft: 55921 corp: 2126/42Mb lim: 65536 exec/s: 450 rss: 480Mb L: 1962/65536 MS: 2 ChangeBinInt-EraseBytes-
#99132	REDUCE cov: 9098 ft: 55929 corp: 2127/42Mb lim: 65536 exec/s: 450 rss: 480Mb L: 9583/65536 MS: 1 CopyPart-
#99136	REDUCE cov: 9098 ft: 55929 corp: 2127/42Mb lim: 65536 exec/s: 450 rss: 480Mb L: 29473/65536 MS: 4 ChangeBinInt-ChangeBinInt-PersAutoDict-EraseBytes- DE: "\274\363\006\000\020a\000\000"-
#99229	REDUCE cov: 9098 ft: 55929 corp: 2127/42Mb lim: 65536 exec/s: 451 rss: 480Mb L: 1831/65536 MS: 3 ChangeBinInt-ChangeBinInt-EraseBytes-
#99232	REDUCE cov: 9098 ft: 55929 corp: 2127/42Mb lim: 65536 exec/s: 451 rss: 480Mb L: 1299/65536 MS: 3 PersAutoDict-ShuffleBytes-EraseBytes- DE: "\001\000\000\027"-
#99265	REDUCE cov: 9098 ft: 55929 corp: 2127/42Mb lim: 65536 exec/s: 451 rss: 480Mb L: 27455/65536 MS: 3 ChangeByte-ShuffleBytes-EraseBytes-
#99309	REDUCE cov: 9098 ft: 55929 corp: 2127/42Mb lim: 65536 exec/s: 451 rss: 480Mb L: 30528/65536 MS: 4 ChangeByte-CMP-ShuffleBytes-EraseBytes- DE: "Cds\002\320b\000\000"-
#99310	NEW    cov: 9098 ft: 55930 corp: 2128/42Mb lim: 65536 exec/s: 451 rss: 480Mb L: 57299/65536 MS: 1 CopyPart-
#99400	REDUCE cov: 9098 ft: 55930 corp: 2128/42Mb lim: 65536 exec/s: 451 rss: 480Mb L: 48811/65536 MS: 5 ChangeASCIIInt-CopyPart-CMP-CopyPart-EraseBytes- DE: "\331\275g\266\376\177\000\000"-
#99417	REDUCE cov: 9098 ft: 55934 corp: 2129/43Mb lim: 65536 exec/s: 451 rss: 480Mb L: 11963/65536 MS: 2 ChangeBit-CopyPart-
#99429	REDUCE cov: 9098 ft: 55934 corp: 2129/43Mb lim: 65536 exec/s: 451 rss: 480Mb L: 9630/65536 MS: 2 InsertRepeatedBytes-EraseBytes-
#99512	REDUCE cov: 9098 ft: 55934 corp: 2129/42Mb lim: 65536 exec/s: 450 rss: 480Mb L: 22581/65536 MS: 3 InsertRepeatedBytes-ChangeBit-CrossOver-
#99526	REDUCE cov: 9098 ft: 55934 corp: 2129/42Mb lim: 65536 exec/s: 450 rss: 480Mb L: 11971/65536 MS: 4 ChangeBit-InsertByte-ChangeASCIIInt-EraseBytes-
#99532	REDUCE cov: 9098 ft: 55934 corp: 2129/42Mb lim: 65536 exec/s: 450 rss: 480Mb L: 16290/65536 MS: 1 EraseBytes-
#99579	REDUCE cov: 9098 ft: 55934 corp: 2129/42Mb lim: 65536 exec/s: 450 rss: 480Mb L: 18850/65536 MS: 2 CrossOver-EraseBytes-
#99588	NEW    cov: 9098 ft: 55935 corp: 2130/43Mb lim: 65536 exec/s: 450 rss: 480Mb L: 61120/65536 MS: 4 ChangeByte-ChangeBit-CopyPart-InsertByte-
#99611	REDUCE cov: 9098 ft: 55935 corp: 2130/43Mb lim: 65536 exec/s: 450 rss: 480Mb L: 1986/65536 MS: 3 InsertRepeatedBytes-InsertByte-EraseBytes-
#99656	NEW    cov: 9098 ft: 55941 corp: 2131/43Mb lim: 65536 exec/s: 450 rss: 480Mb L: 27913/65536 MS: 5 ShuffleBytes-ChangeBit-CrossOver-ChangeASCIIInt-CopyPart-
#99664	REDUCE cov: 9098 ft: 55941 corp: 2131/43Mb lim: 65536 exec/s: 450 rss: 480Mb L: 31673/65536 MS: 3 ChangeByte-PersAutoDict-EraseBytes- DE: "\001\000bP\001\241S\252"-
#99693	REDUCE cov: 9098 ft: 55941 corp: 2131/43Mb lim: 65536 exec/s: 451 rss: 480Mb L: 2765/65536 MS: 4 ChangeBit-InsertByte-ShuffleBytes-EraseBytes-
#99699	NEW    cov: 9098 ft: 55987 corp: 2132/43Mb lim: 65536 exec/s: 451 rss: 480Mb L: 61120/65536 MS: 1 CopyPart-
#99758	REDUCE cov: 9098 ft: 55987 corp: 2132/43Mb lim: 65536 exec/s: 451 rss: 480Mb L: 16414/65536 MS: 4 ChangeBit-ChangeBit-ShuffleBytes-EraseBytes-
#99770	REDUCE cov: 9098 ft: 55987 corp: 2132/43Mb lim: 65536 exec/s: 451 rss: 480Mb L: 14706/65536 MS: 2 PersAutoDict-EraseBytes- DE: "&checkma"-
#99781	REDUCE cov: 9098 ft: 55987 corp: 2132/43Mb lim: 65536 exec/s: 451 rss: 480Mb L: 18717/65536 MS: 1 EraseBytes-
#99782	REDUCE cov: 9098 ft: 55987 corp: 2132/43Mb lim: 65536 exec/s: 451 rss: 480Mb L: 16910/65536 MS: 1 EraseBytes-
#99796	REDUCE cov: 9098 ft: 55987 corp: 2132/43Mb lim: 65536 exec/s: 451 rss: 480Mb L: 6130/65536 MS: 4 ChangeBit-EraseBytes-CMP-CopyPart- DE: "\032\000"-
#99814	REDUCE cov: 9098 ft: 55987 corp: 2132/43Mb lim: 65536 exec/s: 451 rss: 480Mb L: 19945/65536 MS: 3 ShuffleBytes-InsertRepeatedBytes-EraseBytes-
#99823	REDUCE cov: 9098 ft: 55987 corp: 2132/43Mb lim: 65536 exec/s: 451 rss: 480Mb L: 19716/65536 MS: 4 ShuffleBytes-ChangeBinInt-ShuffleBytes-EraseBytes-
#99859	REDUCE cov: 9098 ft: 55987 corp: 2132/43Mb lim: 65536 exec/s: 451 rss: 480Mb L: 3062/65536 MS: 1 EraseBytes-
#99888	NEW    cov: 9098 ft: 55988 corp: 2133/43Mb lim: 65536 exec/s: 451 rss: 480Mb L: 28753/65536 MS: 4 CrossOver-InsertRepeatedBytes-CrossOver-CopyPart-
#99890	REDUCE cov: 9098 ft: 55988 corp: 2133/43Mb lim: 65536 exec/s: 451 rss: 480Mb L: 26745/65536 MS: 2 CopyPart-EraseBytes-
#99915	REDUCE cov: 9098 ft: 55988 corp: 2133/43Mb lim: 65536 exec/s: 452 rss: 480Mb L: 1880/65536 MS: 5 InsertByte-PersAutoDict-InsertRepeatedBytes-ShuffleBytes-EraseBytes- DE: ",\004\335\000\020c\000\000"-
#99960	REDUCE cov: 9098 ft: 55988 corp: 2133/43Mb lim: 65536 exec/s: 450 rss: 480Mb L: 1724/65536 MS: 5 ChangeByte-ChangeBinInt-InsertByte-InsertByte-EraseBytes-
#99980	REDUCE cov: 9098 ft: 55988 corp: 2133/43Mb lim: 65536 exec/s: 450 rss: 480Mb L: 770/65536 MS: 5 ChangeBit-ChangeBinInt-PersAutoDict-InsertRepeatedBytes-EraseBytes- DE: "\001^"-
#100096	REDUCE cov: 9098 ft: 55988 corp: 2133/43Mb lim: 65536 exec/s: 450 rss: 480Mb L: 454/65536 MS: 1 EraseBytes-
#100188	REDUCE cov: 9098 ft: 55989 corp: 2134/43Mb lim: 65536 exec/s: 451 rss: 480Mb L: 11559/65536 MS: 2 CopyPart-CopyPart-
#100194	REDUCE cov: 9098 ft: 55989 corp: 2134/43Mb lim: 65536 exec/s: 451 rss: 480Mb L: 20331/65536 MS: 1 EraseBytes-
#100250	REDUCE cov: 9098 ft: 55989 corp: 2134/43Mb lim: 65536 exec/s: 451 rss: 480Mb L: 153/65536 MS: 1 EraseBytes-
#100271	REDUCE cov: 9098 ft: 55989 corp: 2134/43Mb lim: 65536 exec/s: 451 rss: 480Mb L: 8843/65536 MS: 1 EraseBytes-
#100367	REDUCE cov: 9098 ft: 55989 corp: 2134/43Mb lim: 65536 exec/s: 452 rss: 480Mb L: 29033/65536 MS: 1 EraseBytes-
#100423	REDUCE cov: 9098 ft: 55989 corp: 2134/43Mb lim: 65536 exec/s: 452 rss: 480Mb L: 86/65536 MS: 1 EraseBytes-
#100448	REDUCE cov: 9098 ft: 55995 corp: 2135/43Mb lim: 65536 exec/s: 452 rss: 480Mb L: 1180/65536 MS: 5 ChangeBit-CrossOver-ChangeByte-ChangeBinInt-ChangeByte-
#100457	REDUCE cov: 9098 ft: 56019 corp: 2136/43Mb lim: 65536 exec/s: 452 rss: 480Mb L: 52595/65536 MS: 4 ShuffleBytes-PersAutoDict-CopyPart-CopyPart- DE: "\001\000\000\025"-
#100491	REDUCE cov: 9098 ft: 56019 corp: 2136/43Mb lim: 65536 exec/s: 452 rss: 480Mb L: 22957/65536 MS: 4 ChangeBinInt-PersAutoDict-ChangeBit-EraseBytes- DE: "\000\000\177\376\266g\276<"-
#100511	REDUCE cov: 9098 ft: 56019 corp: 2136/43Mb lim: 65536 exec/s: 450 rss: 480Mb L: 338/65536 MS: 5 ChangeASCIIInt-ChangeByte-ShuffleBytes-InsertByte-EraseBytes-
#100517	REDUCE cov: 9098 ft: 56019 corp: 2136/43Mb lim: 65536 exec/s: 450 rss: 480Mb L: 3938/65536 MS: 1 EraseBytes-
#100548	REDUCE cov: 9098 ft: 56019 corp: 2136/43Mb lim: 65536 exec/s: 450 rss: 480Mb L: 726/65536 MS: 1 EraseBytes-
#100608	NEW    cov: 9098 ft: 56023 corp: 2137/43Mb lim: 65536 exec/s: 451 rss: 480Mb L: 64590/65536 MS: 5 CopyPart-ChangeByte-ChangeBinInt-InsertByte-CopyPart-
#100632	REDUCE cov: 9098 ft: 56023 corp: 2137/43Mb lim: 65536 exec/s: 451 rss: 480Mb L: 3760/65536 MS: 4 PersAutoDict-ChangeBit-ShuffleBytes-EraseBytes- DE: "\377\377\377\034"-
#100681	REDUCE cov: 9098 ft: 56023 corp: 2137/43Mb lim: 65536 exec/s: 451 rss: 480Mb L: 30669/65536 MS: 4 InsertByte-PersAutoDict-ChangeByte-EraseBytes- DE: "&gsi"-
#100708	REDUCE cov: 9098 ft: 56023 corp: 2137/43Mb lim: 65536 exec/s: 451 rss: 480Mb L: 24207/65536 MS: 2 ChangeBinInt-EraseBytes-
#100710	REDUCE cov: 9098 ft: 56023 corp: 2137/43Mb lim: 65536 exec/s: 451 rss: 480Mb L: 12434/65536 MS: 2 InsertByte-CrossOver-
#100728	REDUCE cov: 9098 ft: 56023 corp: 2137/43Mb lim: 65536 exec/s: 451 rss: 480Mb L: 3228/65536 MS: 3 InsertRepeatedBytes-InsertByte-EraseBytes-
#100745	REDUCE cov: 9098 ft: 56023 corp: 2137/43Mb lim: 65536 exec/s: 451 rss: 480Mb L: 45050/65536 MS: 2 ChangeByte-EraseBytes-
#100841	REDUCE cov: 9098 ft: 56023 corp: 2137/43Mb lim: 65536 exec/s: 452 rss: 480Mb L: 787/65536 MS: 1 EraseBytes-
#100856	REDUCE cov: 9098 ft: 56023 corp: 2137/43Mb lim: 65536 exec/s: 452 rss: 480Mb L: 26372/65536 MS: 5 ChangeBinInt-InsertByte-PersAutoDict-ChangeASCIIInt-EraseBytes- DE: "t\375y\000\300b\000\000"-
#100858	REDUCE cov: 9098 ft: 56023 corp: 2137/43Mb lim: 65536 exec/s: 452 rss: 480Mb L: 13825/65536 MS: 2 ChangeByte-EraseBytes-
#100873	REDUCE cov: 9098 ft: 56023 corp: 2137/43Mb lim: 65536 exec/s: 452 rss: 480Mb L: 15730/65536 MS: 5 ChangeASCIIInt-InsertRepeatedBytes-ChangeByte-ChangeBinInt-EraseBytes-
#100893	REDUCE cov: 9098 ft: 56023 corp: 2137/43Mb lim: 65536 exec/s: 452 rss: 480Mb L: 642/65536 MS: 5 InsertByte-CMP-InsertByte-InsertRepeatedBytes-EraseBytes- DE: "&range"-
#100896	REDUCE cov: 9098 ft: 56023 corp: 2137/43Mb lim: 65536 exec/s: 452 rss: 480Mb L: 654/65536 MS: 3 ChangeBit-CMP-EraseBytes- DE: "www"-
#100907	REDUCE cov: 9098 ft: 56023 corp: 2137/43Mb lim: 65536 exec/s: 452 rss: 480Mb L: 215/65536 MS: 1 EraseBytes-
#100934	REDUCE cov: 9098 ft: 56023 corp: 2137/43Mb lim: 65536 exec/s: 452 rss: 480Mb L: 12989/65536 MS: 2 PersAutoDict-EraseBytes- DE: "%I"-
#100985	REDUCE cov: 9098 ft: 56023 corp: 2137/43Mb lim: 65536 exec/s: 452 rss: 480Mb L: 470/65536 MS: 1 EraseBytes-
#101007	REDUCE cov: 9098 ft: 56023 corp: 2137/43Mb lim: 65536 exec/s: 452 rss: 480Mb L: 8972/65536 MS: 2 InsertByte-EraseBytes-
#101024	REDUCE cov: 9098 ft: 56023 corp: 2137/43Mb lim: 65536 exec/s: 451 rss: 480Mb L: 12461/65536 MS: 2 PersAutoDict-EraseBytes- DE: "_A\000\000"-
#101073	REDUCE cov: 9098 ft: 56036 corp: 2138/43Mb lim: 65536 exec/s: 451 rss: 480Mb L: 14121/65536 MS: 4 EraseBytes-ShuffleBytes-CrossOver-CopyPart-
#101075	REDUCE cov: 9098 ft: 56036 corp: 2138/43Mb lim: 65536 exec/s: 451 rss: 480Mb L: 26549/65536 MS: 2 ChangeASCIIInt-EraseBytes-
#101085	NEW    cov: 9098 ft: 56049 corp: 2139/43Mb lim: 65536 exec/s: 451 rss: 480Mb L: 46858/65536 MS: 5 InsertByte-ChangeByte-CMP-CopyPart-CopyPart- DE: "\233!\000\000"-
#101126	REDUCE cov: 9098 ft: 56066 corp: 2140/43Mb lim: 65536 exec/s: 451 rss: 480Mb L: 7973/65536 MS: 1 CopyPart-
#101169	REDUCE cov: 9098 ft: 56066 corp: 2140/43Mb lim: 65536 exec/s: 451 rss: 480Mb L: 653/65536 MS: 3 ChangeByte-ChangeByte-EraseBytes-
#101176	REDUCE cov: 9098 ft: 56066 corp: 2140/43Mb lim: 65536 exec/s: 451 rss: 480Mb L: 76/65536 MS: 2 CrossOver-EraseBytes-
#101188	REDUCE cov: 9098 ft: 56066 corp: 2140/43Mb lim: 65536 exec/s: 451 rss: 480Mb L: 33530/65536 MS: 2 ChangeBit-EraseBytes-
#101210	REDUCE cov: 9098 ft: 56066 corp: 2140/43Mb lim: 65536 exec/s: 451 rss: 480Mb L: 47925/65536 MS: 2 ChangeBit-EraseBytes-
#101247	REDUCE cov: 9098 ft: 56066 corp: 2140/43Mb lim: 65536 exec/s: 451 rss: 480Mb L: 5415/65536 MS: 2 ChangeBit-EraseBytes-
#101263	REDUCE cov: 9098 ft: 56066 corp: 2140/43Mb lim: 65536 exec/s: 452 rss: 480Mb L: 12565/65536 MS: 1 EraseBytes-
#101354	NEW    cov: 9098 ft: 56069 corp: 2141/43Mb lim: 65536 exec/s: 452 rss: 480Mb L: 19924/65536 MS: 1 CopyPart-
#101367	REDUCE cov: 9098 ft: 56069 corp: 2141/43Mb lim: 65536 exec/s: 452 rss: 480Mb L: 11341/65536 MS: 3 CrossOver-ChangeBinInt-EraseBytes-
#101384	NEW    cov: 9098 ft: 56084 corp: 2142/43Mb lim: 65536 exec/s: 452 rss: 480Mb L: 64480/65536 MS: 2 ChangeBinInt-CopyPart-
#101400	REDUCE cov: 9098 ft: 56084 corp: 2142/43Mb lim: 65536 exec/s: 452 rss: 480Mb L: 44801/65536 MS: 1 EraseBytes-
#101441	REDUCE cov: 9098 ft: 56085 corp: 2143/43Mb lim: 65536 exec/s: 452 rss: 480Mb L: 13160/65536 MS: 1 CopyPart-
#101480	REDUCE cov: 9098 ft: 56085 corp: 2143/43Mb lim: 65536 exec/s: 451 rss: 480Mb L: 9342/65536 MS: 4 ChangeBit-ShuffleBytes-InsertByte-EraseBytes-
#101483	REDUCE cov: 9098 ft: 56085 corp: 2143/43Mb lim: 65536 exec/s: 451 rss: 480Mb L: 9811/65536 MS: 3 ChangeByte-InsertByte-EraseBytes-
	NEW_FUNC[1/1]: 0x5a7e9851f180 in md_footnote_def_cmp_index /home/ilia/sec/md4c/src/md4c.c:7055
#101498	NEW    cov: 9167 ft: 56495 corp: 2144/43Mb lim: 65536 exec/s: 451 rss: 480Mb L: 33657/65536 MS: 5 ChangeBit-InsertRepeatedBytes-InsertRepeatedBytes-ShuffleBytes-CrossOver-
#101500	REDUCE cov: 9167 ft: 56505 corp: 2145/43Mb lim: 65536 exec/s: 451 rss: 480Mb L: 267/65536 MS: 2 ChangeByte-EraseBytes-
#101571	REDUCE cov: 9167 ft: 56505 corp: 2145/43Mb lim: 65536 exec/s: 451 rss: 480Mb L: 52979/65536 MS: 1 EraseBytes-
#101581	REDUCE cov: 9167 ft: 56505 corp: 2145/43Mb lim: 65536 exec/s: 451 rss: 480Mb L: 3145/65536 MS: 5 InsertRepeatedBytes-CopyPart-CMP-ChangeBit-EraseBytes- DE: "ftp"-
#101632	REDUCE cov: 9167 ft: 56505 corp: 2145/43Mb lim: 65536 exec/s: 451 rss: 480Mb L: 38167/65536 MS: 1 EraseBytes-
#101699	REDUCE cov: 9167 ft: 56505 corp: 2145/43Mb lim: 65536 exec/s: 451 rss: 480Mb L: 8476/65536 MS: 2 ChangeBinInt-EraseBytes-
#101720	REDUCE cov: 9167 ft: 56505 corp: 2145/43Mb lim: 65536 exec/s: 452 rss: 480Mb L: 41799/65536 MS: 1 EraseBytes-
#101726	REDUCE cov: 9167 ft: 56505 corp: 2145/43Mb lim: 65536 exec/s: 452 rss: 480Mb L: 6003/65536 MS: 1 EraseBytes-
#101739	REDUCE cov: 9167 ft: 56505 corp: 2145/43Mb lim: 65536 exec/s: 452 rss: 480Mb L: 1600/65536 MS: 3 CMP-CMP-EraseBytes- DE: "\000\000"-"\377\377\377\001"-
#101741	REDUCE cov: 9167 ft: 56505 corp: 2145/43Mb lim: 65536 exec/s: 452 rss: 480Mb L: 33775/65536 MS: 2 InsertByte-EraseBytes-
#101751	REDUCE cov: 9167 ft: 56506 corp: 2146/43Mb lim: 65536 exec/s: 452 rss: 480Mb L: 44816/65536 MS: 5 CMP-ChangeByte-InsertRepeatedBytes-ChangeASCIIInt-CopyPart- DE: "84)"-
#101794	REDUCE cov: 9167 ft: 56506 corp: 2146/43Mb lim: 65536 exec/s: 452 rss: 480Mb L: 8032/65536 MS: 3 InsertRepeatedBytes-InsertRepeatedBytes-EraseBytes-
#101818	REDUCE cov: 9167 ft: 56506 corp: 2146/43Mb lim: 65536 exec/s: 452 rss: 480Mb L: 5906/65536 MS: 4 CrossOver-ChangeBinInt-CMP-EraseBytes- DE: "\001\000\000\000\000\000\000\000"-
#101834	REDUCE cov: 9167 ft: 56506 corp: 2146/43Mb lim: 65536 exec/s: 452 rss: 480Mb L: 5749/65536 MS: 1 EraseBytes-
#101879	REDUCE cov: 9167 ft: 56508 corp: 2147/43Mb lim: 65536 exec/s: 452 rss: 480Mb L: 30345/65536 MS: 5 ChangeByte-ChangeASCIIInt-InsertRepeatedBytes-ChangeBit-CopyPart-
#101885	NEW    cov: 9167 ft: 56593 corp: 2148/43Mb lim: 65536 exec/s: 452 rss: 480Mb L: 5935/65536 MS: 1 CopyPart-
#101925	REDUCE cov: 9167 ft: 56593 corp: 2148/43Mb lim: 65536 exec/s: 453 rss: 480Mb L: 48837/65536 MS: 5 PersAutoDict-PersAutoDict-CrossOver-ChangeBit-EraseBytes- DE: "\000\000b\240\000f\267\025"-"\000\000c\000\001B\354\234"-
#101941	REDUCE cov: 9167 ft: 56593 corp: 2148/43Mb lim: 65536 exec/s: 453 rss: 480Mb L: 32654/65536 MS: 1 EraseBytes-
#101981	REDUCE cov: 9167 ft: 56593 corp: 2148/43Mb lim: 65536 exec/s: 451 rss: 480Mb L: 48538/65536 MS: 5 ChangeByte-ChangeByte-InsertByte-CopyPart-EraseBytes-
#102029	REDUCE cov: 9167 ft: 56597 corp: 2149/43Mb lim: 65536 exec/s: 451 rss: 480Mb L: 55330/65536 MS: 3 InsertRepeatedBytes-ShuffleBytes-CopyPart-
#102065	REDUCE cov: 9167 ft: 56597 corp: 2149/43Mb lim: 65536 exec/s: 451 rss: 480Mb L: 5127/65536 MS: 1 EraseBytes-
#102091	REDUCE cov: 9167 ft: 56597 corp: 2149/43Mb lim: 65536 exec/s: 451 rss: 480Mb L: 9435/65536 MS: 1 EraseBytes-
#102122	REDUCE cov: 9167 ft: 56597 corp: 2149/43Mb lim: 65536 exec/s: 451 rss: 480Mb L: 21692/65536 MS: 1 EraseBytes-
#102139	REDUCE cov: 9167 ft: 56597 corp: 2149/43Mb lim: 65536 exec/s: 451 rss: 480Mb L: 10162/65536 MS: 2 ChangeBit-EraseBytes-
#102142	REDUCE cov: 9167 ft: 56597 corp: 2149/43Mb lim: 65536 exec/s: 451 rss: 480Mb L: 3185/65536 MS: 3 ChangeByte-InsertRepeatedBytes-EraseBytes-
#102154	REDUCE cov: 9167 ft: 56597 corp: 2149/43Mb lim: 65536 exec/s: 452 rss: 480Mb L: 34981/65536 MS: 2 CMP-EraseBytes- DE: "\010Z\000\000\260`\000\000"-
#102173	REDUCE cov: 9167 ft: 56597 corp: 2149/43Mb lim: 65536 exec/s: 452 rss: 480Mb L: 18065/65536 MS: 4 CMP-ChangeBinInt-ChangeASCIIInt-EraseBytes- DE: "\035\000"-
#102249	REDUCE cov: 9167 ft: 56597 corp: 2149/43Mb lim: 65536 exec/s: 452 rss: 480Mb L: 28375/65536 MS: 1 EraseBytes-
#102287	REDUCE cov: 9167 ft: 56597 corp: 2149/43Mb lim: 65536 exec/s: 452 rss: 480Mb L: 2746/65536 MS: 3 ShuffleBytes-CMP-EraseBytes- DE: "\377\011"-
#102293	REDUCE cov: 9167 ft: 56597 corp: 2149/43Mb lim: 65536 exec/s: 452 rss: 480Mb L: 8573/65536 MS: 1 EraseBytes-
#102347	REDUCE cov: 9167 ft: 56597 corp: 2149/43Mb lim: 65536 exec/s: 452 rss: 480Mb L: 32288/65536 MS: 4 CopyPart-ChangeByte-ChangeASCIIInt-EraseBytes-
#102354	REDUCE cov: 9167 ft: 56597 corp: 2149/43Mb lim: 65536 exec/s: 452 rss: 480Mb L: 31343/65536 MS: 2 InsertRepeatedBytes-EraseBytes-
#102373	REDUCE cov: 9167 ft: 56598 corp: 2150/43Mb lim: 65536 exec/s: 452 rss: 480Mb L: 3485/65536 MS: 4 CopyPart-ChangeBinInt-PersAutoDict-CopyPart- DE: "\033\000"-
#102393	REDUCE cov: 9167 ft: 56598 corp: 2150/43Mb lim: 65536 exec/s: 453 rss: 480Mb L: 18432/65536 MS: 5 InsertRepeatedBytes-InsertByte-PersAutoDict-ChangeBinInt-EraseBytes- DE: "\252\262Z\000\240b\000\000"-
#102402	REDUCE cov: 9167 ft: 56598 corp: 2150/43Mb lim: 65536 exec/s: 453 rss: 480Mb L: 2684/65536 MS: 4 InsertRepeatedBytes-InsertByte-ShuffleBytes-EraseBytes-
#102428	REDUCE cov: 9167 ft: 56598 corp: 2150/43Mb lim: 65536 exec/s: 453 rss: 480Mb L: 25327/65536 MS: 1 EraseBytes-
#102442	REDUCE cov: 9167 ft: 56598 corp: 2150/43Mb lim: 65536 exec/s: 453 rss: 480Mb L: 38595/65536 MS: 4 InsertRepeatedBytes-ChangeBinInt-CMP-EraseBytes- DE: "sion"-
#102461	REDUCE cov: 9167 ft: 56598 corp: 2150/43Mb lim: 65536 exec/s: 453 rss: 480Mb L: 56259/65536 MS: 4 ShuffleBytes-ChangeBit-InsertRepeatedBytes-EraseBytes-
#102472	REDUCE cov: 9167 ft: 56598 corp: 2150/43Mb lim: 65536 exec/s: 453 rss: 480Mb L: 16946/65536 MS: 1 EraseBytes-
#102514	REDUCE cov: 9167 ft: 56598 corp: 2150/43Mb lim: 65536 exec/s: 451 rss: 480Mb L: 1763/65536 MS: 2 ChangeBit-EraseBytes-
#102520	NEW    cov: 9167 ft: 56604 corp: 2151/43Mb lim: 65536 exec/s: 451 rss: 480Mb L: 60545/65536 MS: 1 CrossOver-
#102533	REDUCE cov: 9167 ft: 56604 corp: 2151/43Mb lim: 65536 exec/s: 451 rss: 480Mb L: 18500/65536 MS: 3 InsertRepeatedBytes-ChangeBinInt-EraseBytes-
#102541	REDUCE cov: 9167 ft: 56604 corp: 2151/43Mb lim: 65536 exec/s: 451 rss: 480Mb L: 9226/65536 MS: 3 ChangeASCIIInt-ChangeByte-EraseBytes-
#102542	REDUCE cov: 9167 ft: 56604 corp: 2151/43Mb lim: 65536 exec/s: 451 rss: 480Mb L: 31082/65536 MS: 1 EraseBytes-
#102689	REDUCE cov: 9167 ft: 56604 corp: 2151/43Mb lim: 65536 exec/s: 452 rss: 480Mb L: 40738/65536 MS: 2 ChangeBinInt-EraseBytes-
#102759	REDUCE cov: 9167 ft: 56604 corp: 2151/43Mb lim: 65536 exec/s: 452 rss: 480Mb L: 5956/65536 MS: 5 ChangeBinInt-CopyPart-CMP-ChangeASCIIInt-EraseBytes- DE: "\001\032"-
#102795	REDUCE cov: 9167 ft: 56604 corp: 2151/43Mb lim: 65536 exec/s: 452 rss: 480Mb L: 850/65536 MS: 1 EraseBytes-
#102893	NEW    cov: 9167 ft: 56615 corp: 2152/43Mb lim: 65536 exec/s: 453 rss: 480Mb L: 37079/65536 MS: 3 PersAutoDict-InsertRepeatedBytes-CopyPart- DE: "abs"-
#102912	REDUCE cov: 9167 ft: 56615 corp: 2152/43Mb lim: 65536 exec/s: 451 rss: 480Mb L: 42648/65536 MS: 4 InsertRepeatedBytes-ChangeBit-ChangeBit-EraseBytes-
#102991	REDUCE cov: 9167 ft: 56615 corp: 2152/43Mb lim: 65536 exec/s: 451 rss: 480Mb L: 6229/65536 MS: 4 ChangeBit-ChangeASCIIInt-CrossOver-EraseBytes-
#102995	REDUCE cov: 9167 ft: 56615 corp: 2152/43Mb lim: 65536 exec/s: 451 rss: 480Mb L: 36363/65536 MS: 4 ChangeBit-CopyPart-ChangeByte-EraseBytes-
#103011	REDUCE cov: 9167 ft: 56615 corp: 2152/43Mb lim: 65536 exec/s: 451 rss: 480Mb L: 14442/65536 MS: 1 EraseBytes-
#103049	REDUCE cov: 9167 ft: 56615 corp: 2152/43Mb lim: 65536 exec/s: 451 rss: 480Mb L: 389/65536 MS: 3 InsertRepeatedBytes-ShuffleBytes-EraseBytes-
#103102	REDUCE cov: 9167 ft: 56615 corp: 2152/43Mb lim: 65536 exec/s: 452 rss: 480Mb L: 2541/65536 MS: 3 InsertRepeatedBytes-CMP-EraseBytes- DE: "<\317/ation "-
#103145	REDUCE cov: 9167 ft: 56615 corp: 2152/43Mb lim: 65536 exec/s: 452 rss: 480Mb L: 6422/65536 MS: 3 CopyPart-PersAutoDict-EraseBytes- DE: "f\350\000\000Pb\000\000"-
#103181	REDUCE cov: 9167 ft: 56615 corp: 2152/43Mb lim: 65536 exec/s: 452 rss: 480Mb L: 31952/65536 MS: 1 EraseBytes-
#103182	REDUCE cov: 9167 ft: 56615 corp: 2152/43Mb lim: 65536 exec/s: 452 rss: 480Mb L: 15156/65536 MS: 1 EraseBytes-
#103217	REDUCE cov: 9167 ft: 56616 corp: 2153/43Mb lim: 65536 exec/s: 452 rss: 480Mb L: 894/65536 MS: 5 PersAutoDict-InsertByte-ChangeByte-InsertByte-InsertRepeatedBytes- DE: "R\376"-
#103219	REDUCE cov: 9167 ft: 56616 corp: 2153/43Mb lim: 65536 exec/s: 452 rss: 480Mb L: 5693/65536 MS: 2 ShuffleBytes-EraseBytes-
#103222	REDUCE cov: 9167 ft: 56616 corp: 2153/43Mb lim: 65536 exec/s: 452 rss: 480Mb L: 131/65536 MS: 3 PersAutoDict-InsertByte-EraseBytes- DE: "\3770"-
#103275	REDUCE cov: 9167 ft: 56616 corp: 2153/43Mb lim: 65536 exec/s: 452 rss: 480Mb L: 32048/65536 MS: 3 ShuffleBytes-CopyPart-EraseBytes-
#103276	REDUCE cov: 9167 ft: 56616 corp: 2153/43Mb lim: 65536 exec/s: 452 rss: 480Mb L: 4144/65536 MS: 1 EraseBytes-
#103300	NEW    cov: 9167 ft: 56621 corp: 2154/43Mb lim: 65536 exec/s: 453 rss: 480Mb L: 62583/65536 MS: 4 ChangeByte-CMP-ChangeBinInt-CopyPart- DE: "\364\211"-
#103303	REDUCE cov: 9167 ft: 56621 corp: 2154/43Mb lim: 65536 exec/s: 453 rss: 480Mb L: 1780/65536 MS: 3 ChangeBinInt-ChangeByte-EraseBytes-
#103331	REDUCE cov: 9167 ft: 56621 corp: 2154/43Mb lim: 65536 exec/s: 451 rss: 480Mb L: 20217/65536 MS: 3 ChangeBit-ChangeASCIIInt-EraseBytes-
#103342	REDUCE cov: 9167 ft: 56621 corp: 2154/43Mb lim: 65536 exec/s: 451 rss: 480Mb L: 10194/65536 MS: 1 EraseBytes-
#103375	REDUCE cov: 9167 ft: 56631 corp: 2155/43Mb lim: 65536 exec/s: 451 rss: 480Mb L: 62549/65536 MS: 3 ChangeBit-ChangeBit-CopyPart-
#103398	REDUCE cov: 9167 ft: 56631 corp: 2155/43Mb lim: 65536 exec/s: 451 rss: 480Mb L: 12427/65536 MS: 3 ChangeByte-ChangeBit-EraseBytes-
#103525	REDUCE cov: 9167 ft: 56631 corp: 2155/43Mb lim: 65536 exec/s: 452 rss: 480Mb L: 77/65536 MS: 2 InsertRepeatedBytes-EraseBytes-
#103551	REDUCE cov: 9167 ft: 56631 corp: 2155/43Mb lim: 65536 exec/s: 452 rss: 480Mb L: 4839/65536 MS: 1 EraseBytes-
#103560	NEW    cov: 9167 ft: 56632 corp: 2156/43Mb lim: 65536 exec/s: 452 rss: 480Mb L: 13520/65536 MS: 4 CopyPart-ChangeBinInt-ChangeBit-CopyPart-
#103597	REDUCE cov: 9167 ft: 56632 corp: 2156/43Mb lim: 65536 exec/s: 452 rss: 480Mb L: 24307/65536 MS: 2 InsertRepeatedBytes-EraseBytes-
#103630	REDUCE cov: 9167 ft: 56632 corp: 2156/43Mb lim: 65536 exec/s: 452 rss: 480Mb L: 22342/65536 MS: 3 ChangeBit-ChangeBinInt-EraseBytes-
#103716	REDUCE cov: 9167 ft: 56632 corp: 2156/43Mb lim: 65536 exec/s: 452 rss: 480Mb L: 6063/65536 MS: 1 EraseBytes-
#103731	REDUCE cov: 9167 ft: 56632 corp: 2156/43Mb lim: 65536 exec/s: 452 rss: 480Mb L: 8619/65536 MS: 5 ChangeASCIIInt-InsertByte-PersAutoDict-CrossOver-EraseBytes- DE: "\377\377\377\015"-
#103758	REDUCE cov: 9167 ft: 56632 corp: 2156/43Mb lim: 65536 exec/s: 453 rss: 480Mb L: 11046/65536 MS: 2 CMP-EraseBytes- DE: "\330\275g\266\376\177\000\000"-
#103771	REDUCE cov: 9167 ft: 56633 corp: 2157/43Mb lim: 65536 exec/s: 453 rss: 480Mb L: 8606/65536 MS: 3 InsertByte-InsertRepeatedBytes-CopyPart-
#103791	NEW    cov: 9167 ft: 56645 corp: 2158/43Mb lim: 65536 exec/s: 453 rss: 480Mb L: 37930/65536 MS: 5 InsertRepeatedBytes-CMP-InsertRepeatedBytes-ChangeASCIIInt-CopyPart- DE: "&gsi"-
#103809	REDUCE cov: 9167 ft: 56645 corp: 2158/43Mb lim: 65536 exec/s: 453 rss: 480Mb L: 4541/65536 MS: 3 ChangeBit-InsertByte-EraseBytes-
#103856	REDUCE cov: 9167 ft: 56645 corp: 2158/43Mb lim: 65536 exec/s: 453 rss: 480Mb L: 304/65536 MS: 2 CMP-EraseBytes- DE: "www"-
#103966	REDUCE cov: 9167 ft: 56645 corp: 2158/43Mb lim: 65536 exec/s: 452 rss: 480Mb L: 1414/65536 MS: 5 ChangeBit-ShuffleBytes-ChangeBinInt-InsertRepeatedBytes-EraseBytes-
#104003	REDUCE cov: 9167 ft: 56645 corp: 2158/43Mb lim: 65536 exec/s: 452 rss: 480Mb L: 6436/65536 MS: 2 InsertRepeatedBytes-EraseBytes-
#104049	REDUCE cov: 9167 ft: 56645 corp: 2158/43Mb lim: 65536 exec/s: 452 rss: 480Mb L: 2554/65536 MS: 1 EraseBytes-
#104054	REDUCE cov: 9167 ft: 56645 corp: 2158/43Mb lim: 65536 exec/s: 452 rss: 480Mb L: 37807/65536 MS: 5 CMP-ChangeByte-EraseBytes-ChangeByte-CopyPart- DE: "\001\000\000\001"-
#104073	REDUCE cov: 9167 ft: 56645 corp: 2158/43Mb lim: 65536 exec/s: 452 rss: 480Mb L: 14180/65536 MS: 4 ChangeByte-ShuffleBytes-ChangeBinInt-EraseBytes-
#104096	REDUCE cov: 9167 ft: 56645 corp: 2158/43Mb lim: 65536 exec/s: 452 rss: 480Mb L: 22937/65536 MS: 3 ChangeBit-ChangeBinInt-EraseBytes-
#104115	REDUCE cov: 9167 ft: 56645 corp: 2158/43Mb lim: 65536 exec/s: 452 rss: 480Mb L: 5655/65536 MS: 4 ChangeASCIIInt-ShuffleBytes-InsertRepeatedBytes-EraseBytes-
#104117	REDUCE cov: 9167 ft: 56645 corp: 2158/43Mb lim: 65536 exec/s: 452 rss: 480Mb L: 37202/65536 MS: 2 ChangeByte-EraseBytes-
#104130	REDUCE cov: 9167 ft: 56645 corp: 2158/43Mb lim: 65536 exec/s: 452 rss: 480Mb L: 2086/65536 MS: 3 ChangeASCIIInt-ShuffleBytes-EraseBytes-
#104131	REDUCE cov: 9167 ft: 56645 corp: 2158/43Mb lim: 65536 exec/s: 452 rss: 480Mb L: 292/65536 MS: 1 EraseBytes-
#104173	REDUCE cov: 9167 ft: 56645 corp: 2158/43Mb lim: 65536 exec/s: 452 rss: 480Mb L: 1320/65536 MS: 2 ChangeBinInt-EraseBytes-
#104179	REDUCE cov: 9167 ft: 56645 corp: 2158/43Mb lim: 65536 exec/s: 452 rss: 480Mb L: 2464/65536 MS: 1 EraseBytes-
#104213	REDUCE cov: 9167 ft: 56645 corp: 2158/43Mb lim: 65536 exec/s: 453 rss: 480Mb L: 18371/65536 MS: 4 ChangeByte-ChangeASCIIInt-InsertRepeatedBytes-EraseBytes-
#104222	REDUCE cov: 9167 ft: 56645 corp: 2158/43Mb lim: 65536 exec/s: 453 rss: 480Mb L: 15205/65536 MS: 4 PersAutoDict-InsertByte-CopyPart-CrossOver- DE: "'\373,\000\200b\000\000"-
#104223	REDUCE cov: 9167 ft: 56645 corp: 2158/43Mb lim: 65536 exec/s: 453 rss: 480Mb L: 152/65536 MS: 1 EraseBytes-
#104352	REDUCE cov: 9167 ft: 56645 corp: 2158/43Mb lim: 65536 exec/s: 453 rss: 480Mb L: 5813/65536 MS: 4 CopyPart-InsertByte-CopyPart-EraseBytes-
#104375	NEW    cov: 9167 ft: 56648 corp: 2159/43Mb lim: 65536 exec/s: 453 rss: 480Mb L: 56227/65536 MS: 3 ChangeBit-CopyPart-CopyPart-
#104413	REDUCE cov: 9167 ft: 56648 corp: 2159/43Mb lim: 65536 exec/s: 452 rss: 480Mb L: 11237/65536 MS: 3 ChangeByte-ChangeBinInt-EraseBytes-
#104425	REDUCE cov: 9167 ft: 56648 corp: 2159/43Mb lim: 65536 exec/s: 452 rss: 480Mb L: 17521/65536 MS: 2 CopyPart-EraseBytes-
#104486	NEW    cov: 9167 ft: 56674 corp: 2160/43Mb lim: 65536 exec/s: 452 rss: 480Mb L: 65246/65536 MS: 1 CopyPart-
#104538	REDUCE cov: 9167 ft: 56674 corp: 2160/43Mb lim: 65536 exec/s: 452 rss: 480Mb L: 18574/65536 MS: 2 InsertRepeatedBytes-EraseBytes-
#104544	REDUCE cov: 9167 ft: 56674 corp: 2160/43Mb lim: 65536 exec/s: 452 rss: 480Mb L: 40852/65536 MS: 1 EraseBytes-
#104597	REDUCE cov: 9167 ft: 56674 corp: 2160/43Mb lim: 65536 exec/s: 452 rss: 480Mb L: 2151/65536 MS: 3 CMP-ShuffleBytes-EraseBytes- DE: "\277\012\030\000\220a\000\000"-
#104616	NEW    cov: 9167 ft: 56682 corp: 2161/43Mb lim: 65536 exec/s: 452 rss: 480Mb L: 63856/65536 MS: 4 InsertByte-CopyPart-PersAutoDict-CopyPart- DE: "\004\002"-
#104627	REDUCE cov: 9167 ft: 56682 corp: 2161/43Mb lim: 65536 exec/s: 452 rss: 480Mb L: 12202/65536 MS: 1 EraseBytes-
#104694	REDUCE cov: 9167 ft: 56682 corp: 2161/43Mb lim: 65536 exec/s: 453 rss: 480Mb L: 6099/65536 MS: 2 ChangeASCIIInt-EraseBytes-
#104742	NEW    cov: 9167 ft: 56683 corp: 2162/43Mb lim: 65536 exec/s: 453 rss: 480Mb L: 44380/65536 MS: 3 CopyPart-ChangeByte-CrossOver-
#104757	REDUCE cov: 9167 ft: 56683 corp: 2162/43Mb lim: 65536 exec/s: 453 rss: 480Mb L: 12978/65536 MS: 5 ChangeBit-InsertByte-ChangeByte-CMP-EraseBytes- DE: "&Hopf;"-
#104842	REDUCE cov: 9167 ft: 56683 corp: 2162/43Mb lim: 65536 exec/s: 451 rss: 480Mb L: 30949/65536 MS: 5 ChangeBinInt-ChangeBinInt-ChangeASCIIInt-ChangeASCIIInt-EraseBytes-
#104878	REDUCE cov: 9167 ft: 56683 corp: 2162/43Mb lim: 65536 exec/s: 452 rss: 480Mb L: 6172/65536 MS: 1 EraseBytes-
#104900	REDUCE cov: 9167 ft: 56683 corp: 2162/43Mb lim: 65536 exec/s: 452 rss: 480Mb L: 5033/65536 MS: 2 ChangeBinInt-EraseBytes-
#104907	REDUCE cov: 9167 ft: 56683 corp: 2162/43Mb lim: 65536 exec/s: 452 rss: 480Mb L: 50009/65536 MS: 2 ShuffleBytes-EraseBytes-
#104919	REDUCE cov: 9167 ft: 56683 corp: 2162/43Mb lim: 65536 exec/s: 452 rss: 480Mb L: 11739/65536 MS: 2 CMP-EraseBytes- DE: "\013\000"-
#104921	REDUCE cov: 9167 ft: 56683 corp: 2162/43Mb lim: 65536 exec/s: 452 rss: 480Mb L: 29226/65536 MS: 2 ChangeBit-EraseBytes-
#104935	NEW    cov: 9167 ft: 56685 corp: 2163/43Mb lim: 65536 exec/s: 452 rss: 480Mb L: 58454/65536 MS: 4 InsertRepeatedBytes-ShuffleBytes-PersAutoDict-CopyPart- DE: "her"-
#104947	REDUCE cov: 9167 ft: 56685 corp: 2163/43Mb lim: 65536 exec/s: 452 rss: 480Mb L: 2147/65536 MS: 2 CMP-EraseBytes- DE: "&gt;"-
#104958	REDUCE cov: 9167 ft: 56685 corp: 2163/43Mb lim: 65536 exec/s: 452 rss: 480Mb L: 157/65536 MS: 1 EraseBytes-
#105009	REDUCE cov: 9167 ft: 56685 corp: 2163/43Mb lim: 65536 exec/s: 452 rss: 480Mb L: 21265/65536 MS: 1 EraseBytes-
#105061	REDUCE cov: 9167 ft: 56685 corp: 2163/43Mb lim: 65536 exec/s: 452 rss: 480Mb L: 3293/65536 MS: 2 ChangeASCIIInt-EraseBytes-
#105151	REDUCE cov: 9167 ft: 56685 corp: 2163/43Mb lim: 65536 exec/s: 453 rss: 480Mb L: 13190/65536 MS: 5 InsertRepeatedBytes-CMP-PersAutoDict-ChangeByte-EraseBytes- DE: "5\000"-"\033\000"-
#105163	REDUCE cov: 9167 ft: 56685 corp: 2163/43Mb lim: 65536 exec/s: 453 rss: 480Mb L: 9061/65536 MS: 2 ChangeBinInt-EraseBytes-
#105164	REDUCE cov: 9167 ft: 56685 corp: 2163/43Mb lim: 65536 exec/s: 453 rss: 480Mb L: 4280/65536 MS: 1 EraseBytes-
#105228	REDUCE cov: 9167 ft: 56685 corp: 2163/43Mb lim: 65536 exec/s: 453 rss: 480Mb L: 19907/65536 MS: 4 ChangeByte-ChangeByte-InsertByte-EraseBytes-
#105240	REDUCE cov: 9167 ft: 56685 corp: 2163/43Mb lim: 65536 exec/s: 453 rss: 480Mb L: 5499/65536 MS: 2 PersAutoDict-EraseBytes- DE: "+z\000\000"-
#105284	REDUCE cov: 9167 ft: 56685 corp: 2163/43Mb lim: 65536 exec/s: 453 rss: 480Mb L: 22919/65536 MS: 4 ChangeByte-ShuffleBytes-InsertByte-EraseBytes-
#105332	REDUCE cov: 9167 ft: 56685 corp: 2163/43Mb lim: 65536 exec/s: 454 rss: 480Mb L: 690/65536 MS: 3 InsertByte-ChangeByte-EraseBytes-
#105339	REDUCE cov: 9167 ft: 56685 corp: 2163/43Mb lim: 65536 exec/s: 454 rss: 480Mb L: 35498/65536 MS: 2 ChangeBinInt-EraseBytes-
#105381	REDUCE cov: 9167 ft: 56686 corp: 2164/43Mb lim: 65536 exec/s: 452 rss: 480Mb L: 19311/65536 MS: 2 CopyPart-CrossOver-
#105407	REDUCE cov: 9167 ft: 56686 corp: 2164/43Mb lim: 65536 exec/s: 452 rss: 480Mb L: 10251/65536 MS: 1 EraseBytes-
#105448	REDUCE cov: 9167 ft: 56701 corp: 2165/43Mb lim: 65536 exec/s: 452 rss: 480Mb L: 13011/65536 MS: 1 CopyPart-
#105481	REDUCE cov: 9167 ft: 56701 corp: 2165/43Mb lim: 65536 exec/s: 452 rss: 480Mb L: 23560/65536 MS: 3 CMP-ChangeBinInt-EraseBytes- DE: "\001\000\000)"-
#105483	REDUCE cov: 9167 ft: 56711 corp: 2166/43Mb lim: 65536 exec/s: 452 rss: 480Mb L: 5176/65536 MS: 2 ShuffleBytes-CopyPart-
#105502	REDUCE cov: 9167 ft: 56711 corp: 2166/43Mb lim: 65536 exec/s: 452 rss: 480Mb L: 2238/65536 MS: 4 CMP-ChangeBinInt-InsertRepeatedBytes-EraseBytes- DE: "\314\222!\000`a\000\000"-
#105508	REDUCE cov: 9167 ft: 56711 corp: 2166/43Mb lim: 65536 exec/s: 452 rss: 480Mb L: 22657/65536 MS: 1 EraseBytes-
#105530	REDUCE cov: 9167 ft: 56711 corp: 2166/43Mb lim: 65536 exec/s: 452 rss: 480Mb L: 43316/65536 MS: 2 ShuffleBytes-EraseBytes-
#105545	REDUCE cov: 9167 ft: 56711 corp: 2166/43Mb lim: 65536 exec/s: 452 rss: 480Mb L: 4686/65536 MS: 5 InsertRepeatedBytes-ShuffleBytes-ChangeByte-CMP-EraseBytes- DE: "\001\000\000\000\000\000\000\000"-
#105554	REDUCE cov: 9167 ft: 56711 corp: 2166/43Mb lim: 65536 exec/s: 453 rss: 480Mb L: 58728/65536 MS: 4 CrossOver-ChangeBit-EraseBytes-CopyPart-
#105582	REDUCE cov: 9167 ft: 56711 corp: 2166/43Mb lim: 65536 exec/s: 453 rss: 480Mb L: 53901/65536 MS: 3 InsertRepeatedBytes-ChangeBit-EraseBytes-
#105584	REDUCE cov: 9167 ft: 56712 corp: 2167/43Mb lim: 65536 exec/s: 453 rss: 480Mb L: 5819/65536 MS: 2 InsertRepeatedBytes-CopyPart-
#105587	NEW    cov: 9167 ft: 56713 corp: 2168/43Mb lim: 65536 exec/s: 453 rss: 480Mb L: 24707/65536 MS: 3 PersAutoDict-EraseBytes-CrossOver- DE: "`_`"-
#105673	REDUCE cov: 9167 ft: 56713 corp: 2168/43Mb lim: 65536 exec/s: 453 rss: 480Mb L: 17961/65536 MS: 1 EraseBytes-
#105678	REDUCE cov: 9167 ft: 56713 corp: 2168/43Mb lim: 65536 exec/s: 453 rss: 480Mb L: 34257/65536 MS: 5 ChangeByte-ChangeBit-ChangeByte-ShuffleBytes-EraseBytes-
#105688	REDUCE cov: 9167 ft: 56713 corp: 2168/43Mb lim: 65536 exec/s: 453 rss: 480Mb L: 12458/65536 MS: 5 ChangeBit-ChangeASCIIInt-InsertRepeatedBytes-ChangeByte-EraseBytes-
#105691	REDUCE cov: 9167 ft: 56713 corp: 2168/43Mb lim: 65536 exec/s: 453 rss: 480Mb L: 17980/65536 MS: 3 ChangeByte-ChangeBinInt-EraseBytes-
#105708	REDUCE cov: 9167 ft: 56713 corp: 2168/43Mb lim: 65536 exec/s: 453 rss: 480Mb L: 1752/65536 MS: 2 ChangeBit-EraseBytes-
#105711	REDUCE cov: 9167 ft: 56713 corp: 2168/43Mb lim: 65536 exec/s: 453 rss: 480Mb L: 1248/65536 MS: 3 ChangeASCIIInt-ShuffleBytes-EraseBytes-
#105727	REDUCE cov: 9167 ft: 56713 corp: 2168/43Mb lim: 65536 exec/s: 453 rss: 480Mb L: 4379/65536 MS: 1 EraseBytes-
#105766	NEW    cov: 9167 ft: 56729 corp: 2169/43Mb lim: 65536 exec/s: 453 rss: 480Mb L: 61091/65536 MS: 4 InsertRepeatedBytes-ChangeBit-InsertRepeatedBytes-CrossOver-
#105823	REDUCE cov: 9167 ft: 56729 corp: 2169/43Mb lim: 65536 exec/s: 452 rss: 480Mb L: 1636/65536 MS: 2 InsertByte-EraseBytes-
#105829	REDUCE cov: 9167 ft: 56729 corp: 2169/43Mb lim: 65536 exec/s: 452 rss: 480Mb L: 240/65536 MS: 1 EraseBytes-
#105871	REDUCE cov: 9167 ft: 56729 corp: 2169/43Mb lim: 65536 exec/s: 452 rss: 480Mb L: 2998/65536 MS: 2 PersAutoDict-EraseBytes- DE: "\377\377u\257"-
#105885	REDUCE cov: 9167 ft: 56729 corp: 2169/43Mb lim: 65536 exec/s: 452 rss: 480Mb L: 39231/65536 MS: 4 ShuffleBytes-CMP-ChangeBinInt-EraseBytes- DE: "\000\000\000\012"-
#105916	REDUCE cov: 9167 ft: 56729 corp: 2169/43Mb lim: 65536 exec/s: 452 rss: 480Mb L: 8187/65536 MS: 1 EraseBytes-
#105957	REDUCE cov: 9167 ft: 56729 corp: 2169/43Mb lim: 65536 exec/s: 452 rss: 480Mb L: 2301/65536 MS: 1 EraseBytes-
#105976	REDUCE cov: 9167 ft: 56729 corp: 2169/43Mb lim: 65536 exec/s: 452 rss: 480Mb L: 16100/65536 MS: 4 InsertByte-InsertRepeatedBytes-CrossOver-EraseBytes-
#105997	REDUCE cov: 9167 ft: 56729 corp: 2169/43Mb lim: 65536 exec/s: 452 rss: 480Mb L: 2048/65536 MS: 1 EraseBytes-
#106018	REDUCE cov: 9167 ft: 56729 corp: 2169/43Mb lim: 65536 exec/s: 453 rss: 480Mb L: 14856/65536 MS: 1 EraseBytes-
#106036	REDUCE cov: 9167 ft: 56729 corp: 2169/43Mb lim: 65536 exec/s: 453 rss: 480Mb L: 8748/65536 MS: 3 CopyPart-ShuffleBytes-EraseBytes-
#106038	REDUCE cov: 9167 ft: 56729 corp: 2169/43Mb lim: 65536 exec/s: 453 rss: 480Mb L: 36457/65536 MS: 2 ChangeByte-EraseBytes-
#106077	REDUCE cov: 9167 ft: 56729 corp: 2169/43Mb lim: 65536 exec/s: 453 rss: 480Mb L: 7939/65536 MS: 4 ChangeBinInt-ChangeByte-CopyPart-EraseBytes-
#106102	REDUCE cov: 9167 ft: 56729 corp: 2169/43Mb lim: 65536 exec/s: 453 rss: 480Mb L: 6925/65536 MS: 5 ChangeByte-ChangeBit-CopyPart-ChangeASCIIInt-EraseBytes-
#106108	REDUCE cov: 9167 ft: 56729 corp: 2169/43Mb lim: 65536 exec/s: 453 rss: 480Mb L: 10224/65536 MS: 1 EraseBytes-
#106112	REDUCE cov: 9167 ft: 56729 corp: 2169/43Mb lim: 65536 exec/s: 453 rss: 480Mb L: 43075/65536 MS: 4 InsertByte-CMP-PersAutoDict-EraseBytes- DE: "\017\000"-"\004\002"-
#106146	NEW    cov: 9167 ft: 56730 corp: 2170/43Mb lim: 65536 exec/s: 453 rss: 480Mb L: 27461/65536 MS: 4 ChangeBit-CrossOver-EraseBytes-CrossOver-
#106172	REDUCE cov: 9167 ft: 56730 corp: 2170/43Mb lim: 65536 exec/s: 453 rss: 480Mb L: 134/65536 MS: 1 EraseBytes-
#106175	REDUCE cov: 9167 ft: 56730 corp: 2170/43Mb lim: 65536 exec/s: 453 rss: 480Mb L: 4045/65536 MS: 3 ChangeASCIIInt-CopyPart-EraseBytes-
#106239	REDUCE cov: 9167 ft: 56730 corp: 2170/43Mb lim: 65536 exec/s: 454 rss: 480Mb L: 19540/65536 MS: 4 ChangeBit-ChangeBinInt-PersAutoDict-EraseBytes- DE: "\001\000"-
#106329	NEW    cov: 9167 ft: 56731 corp: 2171/43Mb lim: 65536 exec/s: 454 rss: 480Mb L: 38512/65536 MS: 5 InsertRepeatedBytes-ChangeByte-PersAutoDict-ShuffleBytes-CopyPart- DE: "\000\000b\240\000\210\033\332"-
#106400	REDUCE cov: 9167 ft: 56731 corp: 2171/43Mb lim: 65536 exec/s: 452 rss: 480Mb L: 37154/65536 MS: 1 EraseBytes-
#106418	REDUCE cov: 9167 ft: 56731 corp: 2171/43Mb lim: 65536 exec/s: 452 rss: 480Mb L: 14486/65536 MS: 3 ShuffleBytes-InsertByte-EraseBytes-
#106525	REDUCE cov: 9167 ft: 56731 corp: 2171/43Mb lim: 65536 exec/s: 453 rss: 480Mb L: 23879/65536 MS: 2 ChangeBinInt-EraseBytes-
#106529	REDUCE cov: 9167 ft: 56735 corp: 2172/43Mb lim: 65536 exec/s: 453 rss: 480Mb L: 20286/65536 MS: 4 CopyPart-InsertRepeatedBytes-ChangeBit-CopyPart-
#106585	REDUCE cov: 9167 ft: 56735 corp: 2172/43Mb lim: 65536 exec/s: 453 rss: 480Mb L: 25172/65536 MS: 1 EraseBytes-
#106586	REDUCE cov: 9167 ft: 56735 corp: 2172/43Mb lim: 65536 exec/s: 453 rss: 480Mb L: 6135/65536 MS: 1 EraseBytes-
#106591	REDUCE cov: 9167 ft: 56736 corp: 2173/43Mb lim: 65536 exec/s: 453 rss: 480Mb L: 59786/65536 MS: 5 ChangeBinInt-PersAutoDict-ChangeByte-ChangeByte-CopyPart- DE: "\377\377\256B"-
#106621	NEW    cov: 9167 ft: 56778 corp: 2174/43Mb lim: 65536 exec/s: 453 rss: 480Mb L: 35463/65536 MS: 5 PersAutoDict-CrossOver-CMP-ShuffleBytes-CopyPart- DE: "\010\276g\266\376\177\000\000"-"&Darr;"-
#106634	REDUCE cov: 9167 ft: 56779 corp: 2175/43Mb lim: 65536 exec/s: 453 rss: 480Mb L: 62456/65536 MS: 3 InsertRepeatedBytes-InsertByte-CopyPart-
#106640	REDUCE cov: 9167 ft: 56779 corp: 2175/43Mb lim: 65536 exec/s: 453 rss: 480Mb L: 10773/65536 MS: 1 EraseBytes-
#106666	REDUCE cov: 9167 ft: 56779 corp: 2175/43Mb lim: 65536 exec/s: 453 rss: 480Mb L: 41810/65536 MS: 1 EraseBytes-
#106672	REDUCE cov: 9167 ft: 56779 corp: 2175/43Mb lim: 65536 exec/s: 453 rss: 480Mb L: 682/65536 MS: 1 EraseBytes-
#106713	REDUCE cov: 9167 ft: 56779 corp: 2175/43Mb lim: 65536 exec/s: 454 rss: 480Mb L: 742/65536 MS: 1 EraseBytes-
#106740	REDUCE cov: 9167 ft: 56802 corp: 2176/43Mb lim: 65536 exec/s: 454 rss: 480Mb L: 27195/65536 MS: 2 InsertRepeatedBytes-PersAutoDict- DE: "rsion"-
#106767	REDUCE cov: 9167 ft: 56802 corp: 2176/43Mb lim: 65536 exec/s: 454 rss: 480Mb L: 1019/65536 MS: 2 ChangeBit-EraseBytes-
#106825	REDUCE cov: 9167 ft: 56802 corp: 2176/43Mb lim: 65536 exec/s: 454 rss: 480Mb L: 25489/65536 MS: 3 ChangeBit-CopyPart-EraseBytes-
#106847	REDUCE cov: 9167 ft: 56802 corp: 2176/43Mb lim: 65536 exec/s: 454 rss: 480Mb L: 2525/65536 MS: 2 ShuffleBytes-EraseBytes-
#106877	NEW    cov: 9167 ft: 56803 corp: 2177/43Mb lim: 65536 exec/s: 454 rss: 480Mb L: 9288/65536 MS: 5 CrossOver-EraseBytes-CrossOver-ChangeByte-CrossOver-
#106955	REDUCE cov: 9167 ft: 56803 corp: 2177/43Mb lim: 65536 exec/s: 453 rss: 480Mb L: 19325/65536 MS: 3 ChangeBinInt-InsertRepeatedBytes-EraseBytes-
#106985	REDUCE cov: 9167 ft: 56803 corp: 2177/43Mb lim: 65536 exec/s: 453 rss: 480Mb L: 2630/65536 MS: 5 ChangeBinInt-CMP-ChangeBit-InsertRepeatedBytes-EraseBytes- DE: "\377\377\377\377\377\377\377\377"-
#106997	REDUCE cov: 9167 ft: 56803 corp: 2177/43Mb lim: 65536 exec/s: 453 rss: 480Mb L: 25355/65536 MS: 2 CMP-EraseBytes- DE: "o\012\012"-
#106999	REDUCE cov: 9167 ft: 56803 corp: 2177/43Mb lim: 65536 exec/s: 453 rss: 480Mb L: 31302/65536 MS: 2 ChangeByte-EraseBytes-
#107025	REDUCE cov: 9168 ft: 56804 corp: 2178/43Mb lim: 65536 exec/s: 453 rss: 480Mb L: 8476/65536 MS: 1 ChangeBit-
#107036	REDUCE cov: 9168 ft: 56804 corp: 2178/43Mb lim: 65536 exec/s: 453 rss: 480Mb L: 51771/65536 MS: 1 EraseBytes-
#107041	REDUCE cov: 9168 ft: 56804 corp: 2178/43Mb lim: 65536 exec/s: 453 rss: 480Mb L: 38774/65536 MS: 5 InsertRepeatedBytes-CMP-InsertRepeatedBytes-ChangeByte-EraseBytes- DE: "\011\000"-
#107082	REDUCE cov: 9168 ft: 56804 corp: 2178/43Mb lim: 65536 exec/s: 453 rss: 480Mb L: 246/65536 MS: 1 EraseBytes-
#107144	REDUCE cov: 9168 ft: 56804 corp: 2178/43Mb lim: 65536 exec/s: 454 rss: 480Mb L: 15233/65536 MS: 2 InsertRepeatedBytes-EraseBytes-
#107150	REDUCE cov: 9168 ft: 56804 corp: 2178/43Mb lim: 65536 exec/s: 454 rss: 480Mb L: 8436/65536 MS: 1 EraseBytes-
#107181	REDUCE cov: 9168 ft: 56804 corp: 2178/43Mb lim: 65536 exec/s: 454 rss: 480Mb L: 11129/65536 MS: 1 EraseBytes-
#107220	REDUCE cov: 9168 ft: 56804 corp: 2178/43Mb lim: 65536 exec/s: 454 rss: 480Mb L: 2838/65536 MS: 4 InsertByte-ChangeByte-InsertByte-EraseBytes-
#107241	REDUCE cov: 9169 ft: 56805 corp: 2179/43Mb lim: 65536 exec/s: 454 rss: 480Mb L: 8205/65536 MS: 1 CopyPart-
#107278	NEW    cov: 9169 ft: 56807 corp: 2180/43Mb lim: 65536 exec/s: 454 rss: 480Mb L: 32649/65536 MS: 2 InsertByte-CopyPart-
#107329	REDUCE cov: 9169 ft: 56807 corp: 2180/43Mb lim: 65536 exec/s: 454 rss: 480Mb L: 23384/65536 MS: 1 EraseBytes-
#107367	REDUCE cov: 9169 ft: 56807 corp: 2180/43Mb lim: 65536 exec/s: 454 rss: 480Mb L: 49467/65536 MS: 3 ChangeBinInt-ShuffleBytes-EraseBytes-
#107368	REDUCE cov: 9169 ft: 56807 corp: 2180/43Mb lim: 65536 exec/s: 454 rss: 480Mb L: 34448/65536 MS: 1 EraseBytes-
#107387	REDUCE cov: 9169 ft: 56807 corp: 2180/43Mb lim: 65536 exec/s: 455 rss: 480Mb L: 10865/65536 MS: 4 ChangeBinInt-ChangeASCIIInt-CopyPart-EraseBytes-
#107413	REDUCE cov: 9169 ft: 56807 corp: 2180/43Mb lim: 65536 exec/s: 455 rss: 480Mb L: 49017/65536 MS: 1 EraseBytes-
#107424	REDUCE cov: 9169 ft: 56807 corp: 2180/43Mb lim: 65536 exec/s: 455 rss: 480Mb L: 49176/65536 MS: 1 CrossOver-
#107456	REDUCE cov: 9169 ft: 56807 corp: 2180/43Mb lim: 65536 exec/s: 453 rss: 480Mb L: 13360/65536 MS: 2 InsertByte-EraseBytes-
#107468	REDUCE cov: 9169 ft: 56807 corp: 2180/43Mb lim: 65536 exec/s: 453 rss: 480Mb L: 4699/65536 MS: 2 ShuffleBytes-CrossOver-
#107499	REDUCE cov: 9169 ft: 56807 corp: 2180/43Mb lim: 65536 exec/s: 453 rss: 480Mb L: 16670/65536 MS: 1 EraseBytes-
#107501	REDUCE cov: 9169 ft: 56807 corp: 2180/43Mb lim: 65536 exec/s: 453 rss: 480Mb L: 8374/65536 MS: 2 ChangeASCIIInt-EraseBytes-
#107507	REDUCE cov: 9169 ft: 56807 corp: 2180/43Mb lim: 65536 exec/s: 453 rss: 480Mb L: 2741/65536 MS: 1 EraseBytes-
#107589	REDUCE cov: 9169 ft: 56807 corp: 2180/43Mb lim: 65536 exec/s: 453 rss: 480Mb L: 40001/65536 MS: 2 InsertByte-EraseBytes-
#107590	REDUCE cov: 9169 ft: 56807 corp: 2180/43Mb lim: 65536 exec/s: 453 rss: 480Mb L: 14407/65536 MS: 1 EraseBytes-
#107722	REDUCE cov: 9169 ft: 56807 corp: 2180/43Mb lim: 65536 exec/s: 454 rss: 480Mb L: 11276/65536 MS: 2 ShuffleBytes-EraseBytes-
#107743	REDUCE cov: 9169 ft: 56807 corp: 2180/43Mb lim: 65536 exec/s: 454 rss: 480Mb L: 584/65536 MS: 1 EraseBytes-
#107768	REDUCE cov: 9169 ft: 56807 corp: 2180/43Mb lim: 65536 exec/s: 454 rss: 480Mb L: 16158/65536 MS: 5 ChangeByte-ChangeBit-ShuffleBytes-PersAutoDict-EraseBytes- DE: "\001\000b\300\001q\373|"-
#107772	REDUCE cov: 9169 ft: 56808 corp: 2181/43Mb lim: 65536 exec/s: 454 rss: 480Mb L: 18457/65536 MS: 4 InsertRepeatedBytes-CrossOver-ChangeBit-CopyPart-
#107787	REDUCE cov: 9169 ft: 56809 corp: 2182/43Mb lim: 65536 exec/s: 454 rss: 480Mb L: 27937/65536 MS: 5 ChangeBinInt-CopyPart-CMP-CMP-CopyPart- DE: "\001\000\000\000\000\000\000\000"-"&ouml;"-
#107821	REDUCE cov: 9169 ft: 56809 corp: 2182/43Mb lim: 65536 exec/s: 454 rss: 480Mb L: 4155/65536 MS: 4 CMP-ChangeASCIIInt-ChangeBinInt-EraseBytes- DE: "<oft line"-
#107857	REDUCE cov: 9169 ft: 56809 corp: 2182/43Mb lim: 65536 exec/s: 455 rss: 480Mb L: 5591/65536 MS: 1 EraseBytes-
#107873	REDUCE cov: 9169 ft: 56809 corp: 2182/43Mb lim: 65536 exec/s: 455 rss: 480Mb L: 12487/65536 MS: 1 EraseBytes-
#107898	REDUCE cov: 9169 ft: 56809 corp: 2182/43Mb lim: 65536 exec/s: 455 rss: 480Mb L: 48982/65536 MS: 5 ChangeBinInt-ShuffleBytes-InsertByte-ChangeBinInt-EraseBytes-
#107900	REDUCE cov: 9169 ft: 56809 corp: 2182/43Mb lim: 65536 exec/s: 455 rss: 480Mb L: 2007/65536 MS: 2 InsertRepeatedBytes-EraseBytes-
#107933	REDUCE cov: 9169 ft: 56809 corp: 2182/43Mb lim: 65536 exec/s: 455 rss: 480Mb L: 7654/65536 MS: 3 InsertByte-ChangeByte-EraseBytes-
#107941	REDUCE cov: 9169 ft: 56809 corp: 2182/43Mb lim: 65536 exec/s: 455 rss: 480Mb L: 3442/65536 MS: 3 PersAutoDict-ShuffleBytes-EraseBytes- DE: "\000\000\000'"-
#107952	REDUCE cov: 9169 ft: 56809 corp: 2182/43Mb lim: 65536 exec/s: 453 rss: 480Mb L: 5960/65536 MS: 1 EraseBytes-
#107956	REDUCE cov: 9169 ft: 56809 corp: 2182/43Mb lim: 65536 exec/s: 453 rss: 480Mb L: 944/65536 MS: 4 PersAutoDict-PersAutoDict-CMP-EraseBytes- DE: "\001\000\177\376\266g\273@"-"\000\000c\000\000\304\374|"-"&Cacute;"-
#107976	REDUCE cov: 9169 ft: 56811 corp: 2183/43Mb lim: 65536 exec/s: 453 rss: 480Mb L: 6727/65536 MS: 5 InsertRepeatedBytes-CMP-ChangeByte-ChangeASCIIInt-PersAutoDict- DE: "http"-"\011\000"-
#107985	REDUCE cov: 9169 ft: 56811 corp: 2183/43Mb lim: 65536 exec/s: 453 rss: 480Mb L: 18368/65536 MS: 4 ChangeBit-ChangeBinInt-ChangeBinInt-EraseBytes-
#108014	REDUCE cov: 9169 ft: 56811 corp: 2183/43Mb lim: 65536 exec/s: 453 rss: 480Mb L: 10091/65536 MS: 4 ChangeByte-CopyPart-ChangeASCIIInt-EraseBytes-
#108036	REDUCE cov: 9169 ft: 56811 corp: 2183/43Mb lim: 65536 exec/s: 453 rss: 480Mb L: 18020/65536 MS: 2 ChangeBit-EraseBytes-
#108073	REDUCE cov: 9169 ft: 56811 corp: 2183/43Mb lim: 65536 exec/s: 454 rss: 480Mb L: 13861/65536 MS: 2 ChangeBit-EraseBytes-
#108078	REDUCE cov: 9169 ft: 56811 corp: 2183/43Mb lim: 65536 exec/s: 454 rss: 480Mb L: 21537/65536 MS: 5 ShuffleBytes-PersAutoDict-ChangeBit-CMP-EraseBytes- DE: "&Hopf;"-"ion"-
#108122	REDUCE cov: 9169 ft: 56811 corp: 2183/43Mb lim: 65536 exec/s: 454 rss: 480Mb L: 7854/65536 MS: 4 ChangeASCIIInt-CrossOver-InsertRepeatedBytes-CopyPart-
#108125	REDUCE cov: 9169 ft: 56811 corp: 2183/43Mb lim: 65536 exec/s: 454 rss: 480Mb L: 523/65536 MS: 3 CopyPart-ChangeASCIIInt-EraseBytes-
#108132	REDUCE cov: 9169 ft: 56811 corp: 2183/43Mb lim: 65536 exec/s: 454 rss: 480Mb L: 9737/65536 MS: 2 PersAutoDict-EraseBytes- DE: "\001\000?\220"-
#108159	REDUCE cov: 9169 ft: 56811 corp: 2183/43Mb lim: 65536 exec/s: 454 rss: 480Mb L: 8227/65536 MS: 2 PersAutoDict-EraseBytes- DE: "\023\000"-
#108171	REDUCE cov: 9169 ft: 56811 corp: 2183/43Mb lim: 65536 exec/s: 454 rss: 480Mb L: 63698/65536 MS: 2 ChangeASCIIInt-EraseBytes-
#108211	REDUCE cov: 9169 ft: 56811 corp: 2183/43Mb lim: 65536 exec/s: 454 rss: 480Mb L: 31791/65536 MS: 5 ChangeASCIIInt-InsertByte-ShuffleBytes-InsertByte-EraseBytes-
#108237	REDUCE cov: 9169 ft: 56811 corp: 2183/43Mb lim: 65536 exec/s: 454 rss: 480Mb L: 1089/65536 MS: 1 EraseBytes-
#108242	REDUCE cov: 9169 ft: 56811 corp: 2183/43Mb lim: 65536 exec/s: 454 rss: 480Mb L: 2016/65536 MS: 5 ChangeByte-InsertByte-ChangeByte-ChangeBit-EraseBytes-
#108247	REDUCE cov: 9169 ft: 56811 corp: 2183/43Mb lim: 65536 exec/s: 454 rss: 480Mb L: 18303/65536 MS: 5 ChangeASCIIInt-ChangeBit-InsertByte-CrossOver-EraseBytes-
#108257	REDUCE cov: 9169 ft: 56813 corp: 2184/43Mb lim: 65536 exec/s: 454 rss: 480Mb L: 46080/65536 MS: 5 ChangeBinInt-InsertByte-PersAutoDict-ShuffleBytes-CrossOver- DE: "\000\012"-
#108273	REDUCE cov: 9169 ft: 56813 corp: 2184/43Mb lim: 65536 exec/s: 454 rss: 480Mb L: 45175/65536 MS: 1 EraseBytes-
#108288	REDUCE cov: 9169 ft: 56813 corp: 2184/43Mb lim: 65536 exec/s: 454 rss: 480Mb L: 6260/65536 MS: 5 ChangeASCIIInt-CopyPart-CopyPart-ChangeByte-EraseBytes-
#108354	REDUCE cov: 9169 ft: 56813 corp: 2184/43Mb lim: 65536 exec/s: 455 rss: 480Mb L: 8244/65536 MS: 1 EraseBytes-
#108421	NEW    cov: 9169 ft: 56815 corp: 2185/43Mb lim: 65536 exec/s: 455 rss: 481Mb L: 53659/65536 MS: 2 InsertByte-CopyPart-
#108426	REDUCE cov: 9169 ft: 56815 corp: 2185/43Mb lim: 65536 exec/s: 455 rss: 481Mb L: 4272/65536 MS: 5 CopyPart-ChangeBinInt-ShuffleBytes-ChangeBinInt-EraseBytes-
#108428	REDUCE cov: 9169 ft: 56815 corp: 2185/43Mb lim: 65536 exec/s: 455 rss: 481Mb L: 12501/65536 MS: 2 ChangeByte-EraseBytes-
#108465	NEW    cov: 9169 ft: 56818 corp: 2186/43Mb lim: 65536 exec/s: 453 rss: 481Mb L: 53987/65536 MS: 2 ShuffleBytes-CopyPart-
#108467	REDUCE cov: 9169 ft: 56818 corp: 2186/43Mb lim: 65536 exec/s: 453 rss: 481Mb L: 2335/65536 MS: 2 ChangeASCIIInt-EraseBytes-
#108470	REDUCE cov: 9169 ft: 56818 corp: 2186/43Mb lim: 65536 exec/s: 453 rss: 481Mb L: 2161/65536 MS: 3 ChangeByte-ChangeBit-EraseBytes-
#108536	REDUCE cov: 9169 ft: 56818 corp: 2186/43Mb lim: 65536 exec/s: 454 rss: 481Mb L: 21811/65536 MS: 1 EraseBytes-
#108560	REDUCE cov: 9169 ft: 56818 corp: 2186/43Mb lim: 65536 exec/s: 454 rss: 481Mb L: 1263/65536 MS: 4 PersAutoDict-ChangeBit-ChangeByte-EraseBytes- DE: "\001\000b\300\001q\373|"-
#108564	REDUCE cov: 9169 ft: 56818 corp: 2186/43Mb lim: 65536 exec/s: 454 rss: 481Mb L: 22352/65536 MS: 4 PersAutoDict-ShuffleBytes-CopyPart-EraseBytes- DE: "5\000"-
#108617	REDUCE cov: 9169 ft: 56818 corp: 2186/43Mb lim: 65536 exec/s: 454 rss: 481Mb L: 329/65536 MS: 3 ChangeBinInt-ChangeBit-EraseBytes-
#108660	REDUCE cov: 9169 ft: 56818 corp: 2186/43Mb lim: 65536 exec/s: 454 rss: 481Mb L: 20477/65536 MS: 3 InsertByte-ChangeBit-EraseBytes-
#108694	REDUCE cov: 9169 ft: 56818 corp: 2186/43Mb lim: 65536 exec/s: 454 rss: 481Mb L: 10204/65536 MS: 4 InsertByte-ShuffleBytes-InsertRepeatedBytes-EraseBytes-
#108767	REDUCE cov: 9169 ft: 56818 corp: 2186/43Mb lim: 65536 exec/s: 455 rss: 481Mb L: 45669/65536 MS: 3 ChangeASCIIInt-PersAutoDict-EraseBytes- DE: "\377\377a\300\001\331\002\010"-
#108832	REDUCE cov: 9169 ft: 56818 corp: 2186/43Mb lim: 65536 exec/s: 455 rss: 481Mb L: 3234/65536 MS: 5 CMP-InsertRepeatedBytes-ChangeBit-CMP-EraseBytes- DE: "&range"-"\377\377a \001\037<G"-
#108850	NEW    cov: 9169 ft: 56819 corp: 2187/43Mb lim: 65536 exec/s: 455 rss: 481Mb L: 44835/65536 MS: 3 CMP-PersAutoDict-CopyPart- DE: "t\270\035\000\260b\000\000"-"\274\363\006\000\020a\000\000"-
#108870	REDUCE cov: 9169 ft: 56832 corp: 2188/44Mb lim: 65536 exec/s: 455 rss: 481Mb L: 30533/65536 MS: 5 ShuffleBytes-ChangeASCIIInt-InsertByte-CMP-CopyPart- DE: "&ordm;"-
#108873	REDUCE cov: 9169 ft: 56832 corp: 2188/43Mb lim: 65536 exec/s: 455 rss: 481Mb L: 7239/65536 MS: 3 InsertRepeatedBytes-CopyPart-EraseBytes-
#108909	REDUCE cov: 9169 ft: 56832 corp: 2188/43Mb lim: 65536 exec/s: 453 rss: 481Mb L: 10700/65536 MS: 1 EraseBytes-
#108920	REDUCE cov: 9169 ft: 56832 corp: 2188/43Mb lim: 65536 exec/s: 453 rss: 481Mb L: 7353/65536 MS: 1 EraseBytes-
#108997	REDUCE cov: 9169 ft: 56832 corp: 2188/43Mb lim: 65536 exec/s: 454 rss: 481Mb L: 2033/65536 MS: 2 CMP-EraseBytes- DE: "\013\270\220\000\240b\000\000"-
#109019	REDUCE cov: 9169 ft: 56832 corp: 2188/43Mb lim: 65536 exec/s: 454 rss: 481Mb L: 31000/65536 MS: 2 InsertRepeatedBytes-CrossOver-
#109021	REDUCE cov: 9169 ft: 56832 corp: 2188/43Mb lim: 65536 exec/s: 454 rss: 481Mb L: 11644/65536 MS: 2 ShuffleBytes-EraseBytes-
#109049	REDUCE cov: 9169 ft: 56832 corp: 2188/43Mb lim: 65536 exec/s: 454 rss: 481Mb L: 47587/65536 MS: 3 CopyPart-ChangeByte-EraseBytes-
#109077	REDUCE cov: 9169 ft: 56832 corp: 2188/43Mb lim: 65536 exec/s: 454 rss: 481Mb L: 35271/65536 MS: 3 CopyPart-PersAutoDict-EraseBytes- DE: "\000\000\000<"-
#109090	REDUCE cov: 9169 ft: 56832 corp: 2188/43Mb lim: 65536 exec/s: 454 rss: 481Mb L: 6219/65536 MS: 3 CopyPart-ShuffleBytes-EraseBytes-
#109113	REDUCE cov: 9169 ft: 56832 corp: 2188/43Mb lim: 65536 exec/s: 454 rss: 481Mb L: 8355/65536 MS: 3 CMP-ChangeASCIIInt-EraseBytes- DE: "&Union;"-
#109124	REDUCE cov: 9169 ft: 56832 corp: 2188/43Mb lim: 65536 exec/s: 454 rss: 481Mb L: 133/65536 MS: 1 EraseBytes-
#109181	REDUCE cov: 9169 ft: 56832 corp: 2188/43Mb lim: 65536 exec/s: 454 rss: 481Mb L: 33155/65536 MS: 2 CrossOver-EraseBytes-
#109182	REDUCE cov: 9169 ft: 56832 corp: 2188/43Mb lim: 65536 exec/s: 454 rss: 481Mb L: 11066/65536 MS: 1 EraseBytes-
#109199	REDUCE cov: 9169 ft: 56832 corp: 2188/43Mb lim: 65536 exec/s: 454 rss: 481Mb L: 5555/65536 MS: 2 ChangeBinInt-EraseBytes-
#109223	NEW    cov: 9169 ft: 56835 corp: 2189/43Mb lim: 65536 exec/s: 455 rss: 481Mb L: 54275/65536 MS: 4 InsertRepeatedBytes-PersAutoDict-InsertByte-CopyPart- DE: "&Integral;"-
#109237	NEW    cov: 9169 ft: 56836 corp: 2190/44Mb lim: 65536 exec/s: 455 rss: 481Mb L: 51650/65536 MS: 4 ShuffleBytes-ChangeASCIIInt-CrossOver-CrossOver-
#109248	REDUCE cov: 9169 ft: 56836 corp: 2190/44Mb lim: 65536 exec/s: 455 rss: 481Mb L: 102/65536 MS: 1 EraseBytes-
#109297	REDUCE cov: 9169 ft: 56836 corp: 2190/44Mb lim: 65536 exec/s: 455 rss: 481Mb L: 20239/65536 MS: 4 PersAutoDict-ShuffleBytes-ChangeByte-EraseBytes- DE: "\000\000b\200\000\002\276\242"-
#109312	NEW    cov: 9170 ft: 56837 corp: 2191/44Mb lim: 65536 exec/s: 455 rss: 481Mb L: 38931/65536 MS: 5 ChangeByte-ChangeASCIIInt-ShuffleBytes-ChangeByte-CrossOver-
#109362	REDUCE cov: 9170 ft: 56837 corp: 2191/44Mb lim: 65536 exec/s: 455 rss: 481Mb L: 222/65536 MS: 5 CMP-PersAutoDict-CopyPart-CrossOver-EraseBytes- DE: "j\012\001\000p`\000\000"-"&angm"-
#109395	REDUCE cov: 9170 ft: 56837 corp: 2191/44Mb lim: 65536 exec/s: 455 rss: 481Mb L: 2112/65536 MS: 3 ChangeASCIIInt-ChangeByte-EraseBytes-
#109490	REDUCE cov: 9170 ft: 56837 corp: 2191/44Mb lim: 65536 exec/s: 454 rss: 481Mb L: 57742/65536 MS: 5 CopyPart-ChangeBinInt-ChangeASCIIInt-EraseBytes-EraseBytes-
#109573	REDUCE cov: 9170 ft: 56837 corp: 2191/44Mb lim: 65536 exec/s: 454 rss: 481Mb L: 27356/65536 MS: 3 ChangeBinInt-ChangeBinInt-EraseBytes-
#109582	REDUCE cov: 9170 ft: 56840 corp: 2192/44Mb lim: 65536 exec/s: 454 rss: 481Mb L: 51364/65536 MS: 4 ChangeBinInt-CopyPart-CMP-CopyPart- DE: "\377\377a\360\001\217\314\206"-
#109587	REDUCE cov: 9170 ft: 56840 corp: 2192/44Mb lim: 65536 exec/s: 454 rss: 481Mb L: 11197/65536 MS: 5 ShuffleBytes-InsertRepeatedBytes-ChangeASCIIInt-ChangeBit-EraseBytes-
#109597	REDUCE cov: 9170 ft: 56840 corp: 2192/44Mb lim: 65536 exec/s: 454 rss: 481Mb L: 2968/65536 MS: 5 PersAutoDict-ChangeByte-PersAutoDict-ChangeBit-EraseBytes- DE: " \313C\000\220b\000\000"-"\000\000\000<"-
#109610	REDUCE cov: 9170 ft: 56840 corp: 2192/44Mb lim: 65536 exec/s: 454 rss: 481Mb L: 6372/65536 MS: 3 CrossOver-CopyPart-EraseBytes-
#109615	REDUCE cov: 9170 ft: 56841 corp: 2193/44Mb lim: 65536 exec/s: 454 rss: 481Mb L: 6802/65536 MS: 5 ShuffleBytes-InsertByte-ChangeBinInt-InsertRepeatedBytes-CrossOver-
#109656	REDUCE cov: 9170 ft: 56841 corp: 2193/44Mb lim: 65536 exec/s: 455 rss: 481Mb L: 10870/65536 MS: 1 EraseBytes-
#109682	REDUCE cov: 9170 ft: 56854 corp: 2194/44Mb lim: 65536 exec/s: 455 rss: 481Mb L: 61877/65536 MS: 1 CrossOver-
#109695	REDUCE cov: 9170 ft: 56854 corp: 2194/44Mb lim: 65536 exec/s: 455 rss: 481Mb L: 3317/65536 MS: 3 ChangeBit-ChangeBit-EraseBytes-
#109729	REDUCE cov: 9170 ft: 56854 corp: 2194/44Mb lim: 65536 exec/s: 455 rss: 481Mb L: 4436/65536 MS: 4 CMP-ShuffleBytes-InsertRepeatedBytes-EraseBytes- DE: "\000\000b\240\000\240\021$"-
#109743	REDUCE cov: 9170 ft: 56854 corp: 2194/44Mb lim: 65536 exec/s: 455 rss: 481Mb L: 28141/65536 MS: 4 PersAutoDict-ShuffleBytes-ShuffleBytes-EraseBytes- DE: "=\000"-
#109758	REDUCE cov: 9170 ft: 56854 corp: 2194/44Mb lim: 65536 exec/s: 455 rss: 481Mb L: 20194/65536 MS: 5 CMP-InsertByte-ChangeBit-PersAutoDict-EraseBytes- DE: "ities"-" '5"-
#109832	REDUCE cov: 9170 ft: 56855 corp: 2195/44Mb lim: 65536 exec/s: 455 rss: 481Mb L: 20339/65536 MS: 4 ChangeASCIIInt-ChangeBinInt-ChangeBit-CrossOver-
#109834	NEW    cov: 9170 ft: 56887 corp: 2196/44Mb lim: 65536 exec/s: 455 rss: 481Mb L: 64492/65536 MS: 2 ChangeByte-CopyPart-
#109891	REDUCE cov: 9170 ft: 56887 corp: 2196/44Mb lim: 65536 exec/s: 455 rss: 481Mb L: 24345/65536 MS: 2 ChangeBit-EraseBytes-
#109965	REDUCE cov: 9170 ft: 56887 corp: 2196/44Mb lim: 65536 exec/s: 454 rss: 481Mb L: 25626/65536 MS: 4 CMP-InsertByte-ChangeBit-EraseBytes- DE: "&gnapp"-
#109968	REDUCE cov: 9170 ft: 56887 corp: 2196/44Mb lim: 65536 exec/s: 454 rss: 481Mb L: 6535/65536 MS: 3 ChangeBit-CrossOver-EraseBytes-
#109988	REDUCE cov: 9170 ft: 56888 corp: 2197/44Mb lim: 65536 exec/s: 454 rss: 481Mb L: 15738/65536 MS: 5 ShuffleBytes-InsertByte-CrossOver-ShuffleBytes-CrossOver-
#110009	REDUCE cov: 9170 ft: 56888 corp: 2197/44Mb lim: 65536 exec/s: 454 rss: 481Mb L: 15782/65536 MS: 1 EraseBytes-
#110111	REDUCE cov: 9170 ft: 56888 corp: 2197/44Mb lim: 65536 exec/s: 455 rss: 481Mb L: 43185/65536 MS: 2 InsertByte-EraseBytes-
#110112	REDUCE cov: 9170 ft: 56888 corp: 2197/44Mb lim: 65536 exec/s: 455 rss: 481Mb L: 11253/65536 MS: 1 EraseBytes-
#110140	REDUCE cov: 9170 ft: 56888 corp: 2197/44Mb lim: 65536 exec/s: 455 rss: 481Mb L: 40/65536 MS: 3 CopyPart-ShuffleBytes-EraseBytes-
#110142	REDUCE cov: 9170 ft: 56888 corp: 2197/44Mb lim: 65536 exec/s: 455 rss: 481Mb L: 36283/65536 MS: 2 InsertRepeatedBytes-EraseBytes-
#110146	REDUCE cov: 9170 ft: 56888 corp: 2197/44Mb lim: 65536 exec/s: 455 rss: 481Mb L: 11050/65536 MS: 4 ShuffleBytes-CopyPart-PersAutoDict-EraseBytes- DE: "\371\337/\001\000c\000\000"-
#110188	REDUCE cov: 9170 ft: 56888 corp: 2197/44Mb lim: 65536 exec/s: 455 rss: 481Mb L: 30317/65536 MS: 2 CopyPart-CrossOver-
#110190	REDUCE cov: 9170 ft: 56890 corp: 2198/44Mb lim: 65536 exec/s: 455 rss: 481Mb L: 3919/65536 MS: 2 ShuffleBytes-CopyPart-
#110203	REDUCE cov: 9170 ft: 56890 corp: 2198/44Mb lim: 65536 exec/s: 455 rss: 481Mb L: 12537/65536 MS: 3 PersAutoDict-InsertByte-EraseBytes- DE: "\001\000b\360\001}k\346"-
#110224	REDUCE cov: 9170 ft: 56890 corp: 2198/44Mb lim: 65536 exec/s: 455 rss: 481Mb L: 2635/65536 MS: 1 EraseBytes-
#110234	REDUCE cov: 9170 ft: 56890 corp: 2198/44Mb lim: 65536 exec/s: 455 rss: 481Mb L: 3658/65536 MS: 5 ShuffleBytes-ChangeBit-InsertByte-ShuffleBytes-EraseBytes-
#110275	REDUCE cov: 9170 ft: 56890 corp: 2198/44Mb lim: 65536 exec/s: 455 rss: 481Mb L: 10722/65536 MS: 1 EraseBytes-
#110283	REDUCE cov: 9170 ft: 56890 corp: 2198/44Mb lim: 65536 exec/s: 455 rss: 481Mb L: 8478/65536 MS: 3 ChangeBit-ChangeBit-EraseBytes-
#110298	REDUCE cov: 9170 ft: 56890 corp: 2198/44Mb lim: 65536 exec/s: 455 rss: 481Mb L: 1074/65536 MS: 5 ChangeASCIIInt-ChangeBit-InsertRepeatedBytes-ChangeBit-EraseBytes-
#110299	REDUCE cov: 9170 ft: 56890 corp: 2198/44Mb lim: 65536 exec/s: 455 rss: 481Mb L: 38803/65536 MS: 1 EraseBytes-
#110300	NEW    cov: 9170 ft: 56910 corp: 2199/44Mb lim: 65536 exec/s: 455 rss: 481Mb L: 38931/65536 MS: 1 CopyPart-
#110315	REDUCE cov: 9170 ft: 56910 corp: 2199/44Mb lim: 65536 exec/s: 455 rss: 481Mb L: 4795/65536 MS: 5 ChangeBit-InsertRepeatedBytes-CrossOver-ChangeByte-EraseBytes-
#110350	REDUCE cov: 9170 ft: 56910 corp: 2199/44Mb lim: 65536 exec/s: 455 rss: 481Mb L: 762/65536 MS: 5 ChangeASCIIInt-ChangeByte-CMP-CrossOver-EraseBytes- DE: "\001\000\000\000\000\000\000\000"-
#110369	REDUCE cov: 9202 ft: 56942 corp: 2200/44Mb lim: 65536 exec/s: 456 rss: 481Mb L: 2874/65536 MS: 4 PersAutoDict-ChangeASCIIInt-CMP-EraseBytes- DE: "foo"-"3\000"-
#110387	REDUCE cov: 9202 ft: 56942 corp: 2200/44Mb lim: 65536 exec/s: 456 rss: 481Mb L: 179/65536 MS: 3 CMP-ShuffleBytes-EraseBytes- DE: "\027\373\000\000"-
#110468	REDUCE cov: 9202 ft: 56942 corp: 2200/44Mb lim: 65536 exec/s: 456 rss: 481Mb L: 5780/65536 MS: 1 EraseBytes-
#110482	REDUCE cov: 9202 ft: 56943 corp: 2201/44Mb lim: 65536 exec/s: 456 rss: 481Mb L: 10970/65536 MS: 4 EraseBytes-CopyPart-InsertRepeatedBytes-CrossOver-
#110557	NEW    cov: 9203 ft: 56944 corp: 2202/44Mb lim: 65536 exec/s: 454 rss: 481Mb L: 5187/65536 MS: 5 CMP-ShuffleBytes-EraseBytes-PersAutoDict-CrossOver- DE: "ftp"-";\177\000\000 a\000\000"-
#110565	REDUCE cov: 9203 ft: 56944 corp: 2202/44Mb lim: 65536 exec/s: 455 rss: 481Mb L: 5506/65536 MS: 3 CMP-ChangeBit-EraseBytes- DE: "\017\000"-
#110585	REDUCE cov: 9203 ft: 56944 corp: 2202/44Mb lim: 65536 exec/s: 455 rss: 481Mb L: 16817/65536 MS: 5 ChangeASCIIInt-InsertRepeatedBytes-ShuffleBytes-CMP-EraseBytes- DE: "\012\000"-
#110588	REDUCE cov: 9203 ft: 56944 corp: 2202/44Mb lim: 65536 exec/s: 455 rss: 481Mb L: 8698/65536 MS: 3 ChangeBinInt-ChangeBit-EraseBytes-
#110597	REDUCE cov: 9203 ft: 56944 corp: 2202/44Mb lim: 65536 exec/s: 455 rss: 481Mb L: 1009/65536 MS: 4 ChangeByte-ChangeBit-ShuffleBytes-EraseBytes-
#110640	REDUCE cov: 9203 ft: 56946 corp: 2203/44Mb lim: 65536 exec/s: 455 rss: 481Mb L: 59261/65536 MS: 3 InsertRepeatedBytes-CrossOver-CopyPart-
#110644	REDUCE cov: 9203 ft: 56946 corp: 2203/44Mb lim: 65536 exec/s: 455 rss: 481Mb L: 3182/65536 MS: 4 InsertByte-ChangeBit-InsertRepeatedBytes-EraseBytes-
#110676	REDUCE cov: 9203 ft: 56946 corp: 2203/44Mb lim: 65536 exec/s: 455 rss: 481Mb L: 1102/65536 MS: 2 ChangeBit-EraseBytes-
#110680	REDUCE cov: 9203 ft: 56946 corp: 2203/44Mb lim: 65536 exec/s: 455 rss: 481Mb L: 336/65536 MS: 4 InsertByte-ShuffleBytes-InsertByte-EraseBytes-
#110688	REDUCE cov: 9203 ft: 56946 corp: 2203/44Mb lim: 65536 exec/s: 455 rss: 481Mb L: 10893/65536 MS: 3 InsertRepeatedBytes-CopyPart-EraseBytes-
#110707	NEW    cov: 9203 ft: 56947 corp: 2204/44Mb lim: 65536 exec/s: 455 rss: 481Mb L: 22882/65536 MS: 4 CrossOver-ChangeASCIIInt-ChangeASCIIInt-CopyPart-
#110718	REDUCE cov: 9203 ft: 56948 corp: 2205/44Mb lim: 65536 exec/s: 455 rss: 481Mb L: 18425/65536 MS: 1 CrossOver-
#110721	REDUCE cov: 9203 ft: 56948 corp: 2205/44Mb lim: 65536 exec/s: 455 rss: 481Mb L: 351/65536 MS: 3 CMP-PersAutoDict-EraseBytes- DE: "&quot;"-"raphs"-
#110726	REDUCE cov: 9203 ft: 56949 corp: 2206/44Mb lim: 65536 exec/s: 455 rss: 481Mb L: 15777/65536 MS: 5 InsertByte-ChangeBit-CrossOver-ChangeBit-PersAutoDict- DE: "<string.h"-
#110833	REDUCE cov: 9203 ft: 56949 corp: 2206/44Mb lim: 65536 exec/s: 456 rss: 481Mb L: 16260/65536 MS: 2 CrossOver-EraseBytes-
#110849	REDUCE cov: 9203 ft: 56949 corp: 2206/44Mb lim: 65536 exec/s: 456 rss: 481Mb L: 3010/65536 MS: 1 EraseBytes-
#110861	REDUCE cov: 9203 ft: 56949 corp: 2206/44Mb lim: 65536 exec/s: 456 rss: 481Mb L: 447/65536 MS: 2 ShuffleBytes-EraseBytes-
#110872	REDUCE cov: 9203 ft: 56949 corp: 2206/44Mb lim: 65536 exec/s: 456 rss: 481Mb L: 3359/65536 MS: 1 EraseBytes-
#110914	REDUCE cov: 9203 ft: 56949 corp: 2206/44Mb lim: 65536 exec/s: 456 rss: 481Mb L: 176/65536 MS: 2 PersAutoDict-EraseBytes- DE: "graph"-
#110929	REDUCE cov: 9203 ft: 56949 corp: 2206/44Mb lim: 65536 exec/s: 456 rss: 481Mb L: 13830/65536 MS: 5 ShuffleBytes-ChangeBinInt-ShuffleBytes-InsertByte-EraseBytes-
#110942	REDUCE cov: 9203 ft: 56949 corp: 2206/44Mb lim: 65536 exec/s: 456 rss: 481Mb L: 4666/65536 MS: 3 ChangeBit-InsertByte-EraseBytes-
#110972	REDUCE cov: 9203 ft: 56949 corp: 2206/44Mb lim: 65536 exec/s: 456 rss: 481Mb L: 1470/65536 MS: 5 InsertRepeatedBytes-InsertRepeatedBytes-ChangeBit-InsertRepeatedBytes-EraseBytes-
#111001	NEW    cov: 9203 ft: 56950 corp: 2207/44Mb lim: 65536 exec/s: 456 rss: 481Mb L: 6082/65536 MS: 4 ChangeBit-ChangeBit-CMP-CrossOver- DE: "TML"-
#111046	REDUCE cov: 9203 ft: 56950 corp: 2207/44Mb lim: 65536 exec/s: 456 rss: 481Mb L: 35867/65536 MS: 5 ChangeByte-ChangeByte-ChangeByte-ChangeBinInt-EraseBytes-
#111117	REDUCE cov: 9203 ft: 56950 corp: 2207/44Mb lim: 65536 exec/s: 457 rss: 481Mb L: 6187/65536 MS: 1 EraseBytes-
#111146	REDUCE cov: 9203 ft: 56950 corp: 2207/44Mb lim: 65536 exec/s: 455 rss: 481Mb L: 7072/65536 MS: 4 ChangeByte-CrossOver-ChangeByte-EraseBytes-
#111235	NEW    cov: 9203 ft: 56951 corp: 2208/44Mb lim: 65536 exec/s: 455 rss: 481Mb L: 23137/65536 MS: 4 ShuffleBytes-CMP-CopyPart-CopyPart- DE: "\001\000b\220\000\242(O"-
#111267	REDUCE cov: 9203 ft: 56951 corp: 2208/44Mb lim: 65536 exec/s: 456 rss: 481Mb L: 2666/65536 MS: 2 ChangeBit-EraseBytes-
#111272	REDUCE cov: 9203 ft: 56951 corp: 2208/44Mb lim: 65536 exec/s: 456 rss: 481Mb L: 30004/65536 MS: 5 CMP-CMP-ChangeBit-InsertRepeatedBytes-EraseBytes- DE: "<p/o<p```"-"c5C\001\340b\000\000"-
#111278	REDUCE cov: 9203 ft: 56951 corp: 2208/44Mb lim: 65536 exec/s: 456 rss: 481Mb L: 1908/65536 MS: 1 EraseBytes-
#111288	REDUCE cov: 9203 ft: 56951 corp: 2208/44Mb lim: 65536 exec/s: 456 rss: 481Mb L: 10272/65536 MS: 5 ChangeBinInt-CMP-CrossOver-CMP-EraseBytes- DE: "\002\000\000\000"-"&range"-
#111296	REDUCE cov: 9203 ft: 56951 corp: 2208/44Mb lim: 65536 exec/s: 456 rss: 481Mb L: 16539/65536 MS: 3 InsertByte-InsertByte-EraseBytes-
#111317	REDUCE cov: 9203 ft: 56951 corp: 2208/44Mb lim: 65536 exec/s: 456 rss: 481Mb L: 14973/65536 MS: 1 EraseBytes-
#111344	REDUCE cov: 9203 ft: 56951 corp: 2208/44Mb lim: 65536 exec/s: 456 rss: 481Mb L: 4115/65536 MS: 2 ChangeBit-EraseBytes-
#111367	REDUCE cov: 9203 ft: 56951 corp: 2208/44Mb lim: 65536 exec/s: 456 rss: 481Mb L: 17245/65536 MS: 3 ChangeASCIIInt-CrossOver-EraseBytes-
#111370	REDUCE cov: 9203 ft: 56951 corp: 2208/44Mb lim: 65536 exec/s: 456 rss: 481Mb L: 7953/65536 MS: 3 ChangeByte-InsertRepeatedBytes-EraseBytes-
#111477	REDUCE cov: 9203 ft: 56952 corp: 2209/44Mb lim: 65536 exec/s: 456 rss: 481Mb L: 64840/65536 MS: 2 ChangeBit-CopyPart-
#111478	NEW    cov: 9203 ft: 56953 corp: 2210/44Mb lim: 65536 exec/s: 456 rss: 481Mb L: 20897/65536 MS: 1 CrossOver-
#111491	REDUCE cov: 9203 ft: 56953 corp: 2210/44Mb lim: 65536 exec/s: 456 rss: 481Mb L: 35733/65536 MS: 3 ChangeBit-ChangeBit-CrossOver-
#111520	REDUCE cov: 9203 ft: 56953 corp: 2210/44Mb lim: 65536 exec/s: 457 rss: 481Mb L: 6118/65536 MS: 4 CrossOver-ShuffleBytes-InsertByte-EraseBytes-
#111552	REDUCE cov: 9203 ft: 56953 corp: 2210/44Mb lim: 65536 exec/s: 457 rss: 481Mb L: 50723/65536 MS: 2 InsertByte-EraseBytes-
#111575	REDUCE cov: 9203 ft: 56953 corp: 2210/44Mb lim: 65536 exec/s: 457 rss: 481Mb L: 18036/65536 MS: 3 ChangeASCIIInt-InsertRepeatedBytes-EraseBytes-
#111581	NEW    cov: 9203 ft: 56954 corp: 2211/44Mb lim: 65536 exec/s: 457 rss: 481Mb L: 59125/65536 MS: 1 CopyPart-
#111588	REDUCE cov: 9204 ft: 56955 corp: 2212/44Mb lim: 65536 exec/s: 457 rss: 481Mb L: 210/65536 MS: 2 InsertRepeatedBytes-CopyPart-
#111590	REDUCE cov: 9204 ft: 56955 corp: 2212/44Mb lim: 65536 exec/s: 457 rss: 481Mb L: 4835/65536 MS: 2 ChangeASCIIInt-EraseBytes-
#111592	REDUCE cov: 9204 ft: 56955 corp: 2212/44Mb lim: 65536 exec/s: 457 rss: 481Mb L: 37727/65536 MS: 2 ShuffleBytes-EraseBytes-
#111609	REDUCE cov: 9204 ft: 56955 corp: 2212/44Mb lim: 65536 exec/s: 457 rss: 481Mb L: 122/65536 MS: 2 ChangeBit-EraseBytes-
#111631	REDUCE cov: 9204 ft: 56955 corp: 2212/44Mb lim: 65536 exec/s: 455 rss: 481Mb L: 37870/65536 MS: 2 ChangeByte-EraseBytes-
#111719	REDUCE cov: 9204 ft: 56955 corp: 2212/44Mb lim: 65536 exec/s: 455 rss: 481Mb L: 21183/65536 MS: 3 PersAutoDict-ChangeBinInt-EraseBytes- DE: "\011\000\000\000"-
#111736	REDUCE cov: 9204 ft: 56955 corp: 2212/44Mb lim: 65536 exec/s: 456 rss: 481Mb L: 246/65536 MS: 2 ChangeByte-EraseBytes-
#111744	NEW    cov: 9204 ft: 56987 corp: 2213/44Mb lim: 65536 exec/s: 456 rss: 481Mb L: 64232/65536 MS: 3 ShuffleBytes-CMP-CopyPart- DE: "&gna"-
#111745	REDUCE cov: 9204 ft: 56989 corp: 2214/44Mb lim: 65536 exec/s: 456 rss: 481Mb L: 14226/65536 MS: 1 CopyPart-
#111768	REDUCE cov: 9204 ft: 57004 corp: 2215/44Mb lim: 65536 exec/s: 456 rss: 481Mb L: 64463/65536 MS: 3 ChangeBinInt-CopyPart-CopyPart-
#111772	REDUCE cov: 9204 ft: 57004 corp: 2215/44Mb lim: 65536 exec/s: 456 rss: 481Mb L: 54010/65536 MS: 4 CopyPart-ShuffleBytes-PersAutoDict-EraseBytes- DE: "\377\016"-
#111842	REDUCE cov: 9204 ft: 57008 corp: 2216/44Mb lim: 65536 exec/s: 456 rss: 481Mb L: 14607/65536 MS: 5 ShuffleBytes-ChangeASCIIInt-ChangeByte-ChangeBit-CopyPart-
#111855	NEW    cov: 9204 ft: 57012 corp: 2217/44Mb lim: 65536 exec/s: 456 rss: 481Mb L: 21304/65536 MS: 3 ShuffleBytes-InsertByte-ChangeBinInt-
#111856	REDUCE cov: 9204 ft: 57012 corp: 2217/44Mb lim: 65536 exec/s: 456 rss: 481Mb L: 275/65536 MS: 1 EraseBytes-
#111868	REDUCE cov: 9204 ft: 57012 corp: 2217/44Mb lim: 65536 exec/s: 456 rss: 481Mb L: 20913/65536 MS: 2 InsertByte-EraseBytes-
#111887	REDUCE cov: 9204 ft: 57012 corp: 2217/44Mb lim: 65536 exec/s: 456 rss: 481Mb L: 189/65536 MS: 4 CMP-ShuffleBytes-CrossOver-EraseBytes- DE: "\010\000"-
#111892	REDUCE cov: 9204 ft: 57012 corp: 2217/44Mb lim: 65536 exec/s: 456 rss: 481Mb L: 52729/65536 MS: 5 PersAutoDict-ChangeASCIIInt-CopyPart-ChangeByte-EraseBytes- DE: "&ThisIsNotDe"-
#111927	REDUCE cov: 9204 ft: 57012 corp: 2217/44Mb lim: 65536 exec/s: 456 rss: 481Mb L: 2853/65536 MS: 5 CMP-ChangeBit-CMP-InsertByte-EraseBytes- DE: "\020W\004\000\020a\000\000"-"\000\000\000\000"-
#111940	NEW    cov: 9204 ft: 57013 corp: 2218/44Mb lim: 65536 exec/s: 456 rss: 481Mb L: 62234/65536 MS: 3 InsertByte-ChangeBinInt-CrossOver-
#111989	REDUCE cov: 9204 ft: 57013 corp: 2218/44Mb lim: 65536 exec/s: 457 rss: 481Mb L: 1599/65536 MS: 4 CopyPart-ShuffleBytes-EraseBytes-EraseBytes-
#112074	REDUCE cov: 9204 ft: 57013 corp: 2218/44Mb lim: 65536 exec/s: 457 rss: 481Mb L: 1930/65536 MS: 5 ChangeBit-PersAutoDict-ShuffleBytes-CMP-EraseBytes- DE: "&TildeEqual;"-"C\276g\266\376\177\000\000"-
#112091	REDUCE cov: 9204 ft: 57013 corp: 2218/44Mb lim: 65536 exec/s: 457 rss: 481Mb L: 9658/65536 MS: 2 CrossOver-EraseBytes-
#112098	REDUCE cov: 9204 ft: 57013 corp: 2218/44Mb lim: 65536 exec/s: 457 rss: 481Mb L: 39064/65536 MS: 2 CopyPart-EraseBytes-
#112110	NEW    cov: 9204 ft: 57017 corp: 2219/44Mb lim: 65536 exec/s: 457 rss: 481Mb L: 8048/65536 MS: 2 ChangeBinInt-EraseBytes-
#112165	REDUCE cov: 9204 ft: 57017 corp: 2219/44Mb lim: 65536 exec/s: 455 rss: 481Mb L: 1971/65536 MS: 5 PersAutoDict-InsertRepeatedBytes-InsertRepeatedBytes-InsertRepeatedBytes-EraseBytes- DE: "\350\014"-
#112223	REDUCE cov: 9205 ft: 57018 corp: 2220/44Mb lim: 65536 exec/s: 456 rss: 481Mb L: 850/65536 MS: 3 CMP-ChangeBit-PersAutoDict- DE: "&ouml;"-"\024\000\000\000"-
#112225	REDUCE cov: 9205 ft: 57018 corp: 2220/44Mb lim: 65536 exec/s: 456 rss: 481Mb L: 8039/65536 MS: 2 ChangeByte-EraseBytes-
#112341	REDUCE cov: 9205 ft: 57018 corp: 2220/44Mb lim: 65536 exec/s: 456 rss: 481Mb L: 11026/65536 MS: 1 EraseBytes-
#112363	REDUCE cov: 9205 ft: 57018 corp: 2220/44Mb lim: 65536 exec/s: 456 rss: 481Mb L: 8615/65536 MS: 2 ChangeASCIIInt-EraseBytes-
#112370	REDUCE cov: 9205 ft: 57018 corp: 2220/44Mb lim: 65536 exec/s: 456 rss: 481Mb L: 1667/65536 MS: 2 InsertByte-EraseBytes-
#112372	REDUCE cov: 9205 ft: 57018 corp: 2220/44Mb lim: 65536 exec/s: 456 rss: 481Mb L: 49525/65536 MS: 2 InsertRepeatedBytes-EraseBytes-
#112386	REDUCE cov: 9205 ft: 57018 corp: 2220/44Mb lim: 65536 exec/s: 456 rss: 481Mb L: 75/65536 MS: 4 InsertRepeatedBytes-CrossOver-ShuffleBytes-EraseBytes-
#112403	REDUCE cov: 9205 ft: 57018 corp: 2220/44Mb lim: 65536 exec/s: 456 rss: 481Mb L: 122/65536 MS: 2 ChangeBit-EraseBytes-
#112418	NEW    cov: 9205 ft: 57022 corp: 2221/44Mb lim: 65536 exec/s: 456 rss: 481Mb L: 13904/65536 MS: 5 ChangeByte-CrossOver-ChangeASCIIInt-ChangeByte-EraseBytes-
#112447	REDUCE cov: 9205 ft: 57022 corp: 2221/44Mb lim: 65536 exec/s: 457 rss: 481Mb L: 41782/65536 MS: 4 ChangeASCIIInt-ChangeBinInt-ChangeBinInt-EraseBytes-
#112479	REDUCE cov: 9205 ft: 57022 corp: 2221/44Mb lim: 65536 exec/s: 457 rss: 481Mb L: 59/65536 MS: 2 ChangeByte-EraseBytes-
#112501	REDUCE cov: 9205 ft: 57022 corp: 2221/44Mb lim: 65536 exec/s: 457 rss: 481Mb L: 9718/65536 MS: 2 InsertByte-EraseBytes-
#112511	REDUCE cov: 9205 ft: 57022 corp: 2221/44Mb lim: 65536 exec/s: 457 rss: 481Mb L: 6951/65536 MS: 5 ChangeASCIIInt-PersAutoDict-PersAutoDict-ChangeByte-EraseBytes- DE: "\000\005"-"\000\000bp\000\202[\004"-
#112519	REDUCE cov: 9205 ft: 57022 corp: 2221/44Mb lim: 65536 exec/s: 457 rss: 481Mb L: 47797/65536 MS: 3 CMP-ChangeBinInt-EraseBytes- DE: "-->"-
#112520	REDUCE cov: 9205 ft: 57022 corp: 2221/44Mb lim: 65536 exec/s: 457 rss: 481Mb L: 7117/65536 MS: 1 EraseBytes-
#112642	REDUCE cov: 9205 ft: 57022 corp: 2221/44Mb lim: 65536 exec/s: 457 rss: 481Mb L: 2381/65536 MS: 2 ShuffleBytes-EraseBytes-
#112655	REDUCE cov: 9205 ft: 57022 corp: 2221/44Mb lim: 65536 exec/s: 457 rss: 481Mb L: 25061/65536 MS: 3 InsertByte-InsertByte-EraseBytes-
#112685	REDUCE cov: 9205 ft: 57022 corp: 2221/44Mb lim: 65536 exec/s: 458 rss: 481Mb L: 19758/65536 MS: 5 ChangeASCIIInt-ChangeASCIIInt-ChangeASCIIInt-PersAutoDict-EraseBytes- DE: "&compl"-
#112702	NEW    cov: 9205 ft: 57023 corp: 2222/44Mb lim: 65536 exec/s: 458 rss: 481Mb L: 559/65536 MS: 2 PersAutoDict-CopyPart- DE: "\014\000\000\000"-
#112718	REDUCE cov: 9205 ft: 57023 corp: 2222/44Mb lim: 65536 exec/s: 456 rss: 481Mb L: 15434/65536 MS: 1 EraseBytes-
#112807	REDUCE cov: 9205 ft: 57023 corp: 2222/44Mb lim: 65536 exec/s: 456 rss: 481Mb L: 1245/65536 MS: 4 ChangeByte-InsertByte-ChangeBit-EraseBytes-
#112817	REDUCE cov: 9205 ft: 57023 corp: 2222/44Mb lim: 65536 exec/s: 456 rss: 481Mb L: 5025/65536 MS: 5 ChangeASCIIInt-CMP-InsertByte-ChangeASCIIInt-EraseBytes- DE: "\000\000\000\032"-
#112844	REDUCE cov: 9205 ft: 57023 corp: 2222/44Mb lim: 65536 exec/s: 456 rss: 481Mb L: 17002/65536 MS: 2 CMP-EraseBytes- DE: "&Darr;"-
#112849	REDUCE cov: 9205 ft: 57023 corp: 2222/44Mb lim: 65536 exec/s: 456 rss: 481Mb L: 8114/65536 MS: 5 InsertRepeatedBytes-ChangeBit-CrossOver-ChangeByte-EraseBytes-
#112851	REDUCE cov: 9205 ft: 57023 corp: 2222/44Mb lim: 65536 exec/s: 456 rss: 481Mb L: 11554/65536 MS: 2 ShuffleBytes-EraseBytes-
#112902	REDUCE cov: 9205 ft: 57023 corp: 2222/44Mb lim: 65536 exec/s: 457 rss: 481Mb L: 7258/65536 MS: 1 EraseBytes-
#112909	REDUCE cov: 9205 ft: 57023 corp: 2222/44Mb lim: 65536 exec/s: 457 rss: 481Mb L: 30217/65536 MS: 2 PersAutoDict-EraseBytes- DE: "(in"-
#112950	REDUCE cov: 9205 ft: 57023 corp: 2222/44Mb lim: 65536 exec/s: 457 rss: 481Mb L: 342/65536 MS: 1 EraseBytes-
#112976	REDUCE cov: 9205 ft: 57024 corp: 2223/44Mb lim: 65536 exec/s: 457 rss: 481Mb L: 27524/65536 MS: 1 CopyPart-
#113045	REDUCE cov: 9205 ft: 57024 corp: 2223/44Mb lim: 65536 exec/s: 457 rss: 481Mb L: 517/65536 MS: 4 ShuffleBytes-ChangeBit-InsertByte-EraseBytes-
#113100	REDUCE cov: 9205 ft: 57024 corp: 2223/44Mb lim: 65536 exec/s: 457 rss: 481Mb L: 18025/65536 MS: 5 CrossOver-CrossOver-ChangeBinInt-EraseBytes-EraseBytes-
#113131	REDUCE cov: 9205 ft: 57024 corp: 2223/44Mb lim: 65536 exec/s: 458 rss: 481Mb L: 5019/65536 MS: 1 EraseBytes-
#113132	REDUCE cov: 9205 ft: 57024 corp: 2223/44Mb lim: 65536 exec/s: 458 rss: 481Mb L: 16356/65536 MS: 1 EraseBytes-
#113165	REDUCE cov: 9205 ft: 57024 corp: 2223/44Mb lim: 65536 exec/s: 458 rss: 481Mb L: 11675/65536 MS: 3 InsertRepeatedBytes-CopyPart-EraseBytes-
#113186	REDUCE cov: 9205 ft: 57024 corp: 2223/44Mb lim: 65536 exec/s: 458 rss: 481Mb L: 12575/65536 MS: 1 EraseBytes-
#113201	REDUCE cov: 9205 ft: 57026 corp: 2224/44Mb lim: 65536 exec/s: 456 rss: 481Mb L: 56511/65536 MS: 5 ChangeASCIIInt-CMP-ShuffleBytes-CrossOver-CopyPart- DE: "\316\363E\001\300b\000\000"-
#113254	NEW    cov: 9205 ft: 57029 corp: 2225/44Mb lim: 65536 exec/s: 456 rss: 481Mb L: 41707/65536 MS: 3 ShuffleBytes-CopyPart-CopyPart-
#113265	REDUCE cov: 9205 ft: 57029 corp: 2225/44Mb lim: 65536 exec/s: 456 rss: 481Mb L: 138/65536 MS: 1 EraseBytes-
#113273	REDUCE cov: 9205 ft: 57029 corp: 2225/44Mb lim: 65536 exec/s: 456 rss: 481Mb L: 14712/65536 MS: 3 ChangeBinInt-ChangeByte-EraseBytes-
#113280	REDUCE cov: 9205 ft: 57029 corp: 2225/44Mb lim: 65536 exec/s: 456 rss: 481Mb L: 70/65536 MS: 2 CMP-EraseBytes- DE: "@\000\000\000"-
#113291	REDUCE cov: 9205 ft: 57029 corp: 2225/44Mb lim: 65536 exec/s: 456 rss: 481Mb L: 6826/65536 MS: 1 EraseBytes-
#113333	REDUCE cov: 9205 ft: 57029 corp: 2225/44Mb lim: 65536 exec/s: 456 rss: 481Mb L: 11979/65536 MS: 2 CrossOver-EraseBytes-
#113347	REDUCE cov: 9205 ft: 57031 corp: 2226/44Mb lim: 65536 exec/s: 457 rss: 481Mb L: 17951/65536 MS: 4 ShuffleBytes-InsertRepeatedBytes-InsertByte-CopyPart-
#113364	REDUCE cov: 9205 ft: 57058 corp: 2227/44Mb lim: 65536 exec/s: 457 rss: 481Mb L: 13737/65536 MS: 2 ShuffleBytes-CrossOver-
#113405	REDUCE cov: 9205 ft: 57058 corp: 2227/44Mb lim: 65536 exec/s: 457 rss: 481Mb L: 227/65536 MS: 1 EraseBytes-
#113440	REDUCE cov: 9205 ft: 57058 corp: 2227/44Mb lim: 65536 exec/s: 457 rss: 481Mb L: 9965/65536 MS: 5 ChangeASCIIInt-ChangeASCIIInt-CMP-ChangeByte-EraseBytes- DE: "\377\377\377\377\377\377\377\377"-
#113448	REDUCE cov: 9205 ft: 57058 corp: 2227/44Mb lim: 65536 exec/s: 457 rss: 481Mb L: 8717/65536 MS: 3 CMP-CMP-EraseBytes- DE: "\000\000bp\000|\0041"-"ftp"-
#113583	NEW    cov: 9205 ft: 57063 corp: 2228/44Mb lim: 65536 exec/s: 457 rss: 481Mb L: 17394/65536 MS: 5 InsertByte-InsertRepeatedBytes-InsertRepeatedBytes-CopyPart-ChangeByte-
#113588	NEW    cov: 9206 ft: 57116 corp: 2229/44Mb lim: 65536 exec/s: 458 rss: 481Mb L: 41329/65536 MS: 5 ChangeASCIIInt-CrossOver-InsertRepeatedBytes-CopyPart-CopyPart-
#113731	REDUCE cov: 9206 ft: 57116 corp: 2229/44Mb lim: 65536 exec/s: 456 rss: 481Mb L: 6427/65536 MS: 3 ChangeASCIIInt-EraseBytes-EraseBytes-
#113788	REDUCE cov: 9206 ft: 57116 corp: 2229/44Mb lim: 65536 exec/s: 456 rss: 481Mb L: 46945/65536 MS: 2 InsertRepeatedBytes-EraseBytes-
#113837	REDUCE cov: 9206 ft: 57116 corp: 2229/44Mb lim: 65536 exec/s: 457 rss: 481Mb L: 15128/65536 MS: 4 CMP-InsertByte-ShuffleBytes-EraseBytes- DE: "&otime"-
#113865	NEW    cov: 9206 ft: 57118 corp: 2230/44Mb lim: 65536 exec/s: 457 rss: 481Mb L: 56624/65536 MS: 3 CMP-InsertRepeatedBytes-CrossOver- DE: "\377\377\377\377\377\377\377\377"-
#113952	NEW    cov: 9206 ft: 57123 corp: 2231/44Mb lim: 65536 exec/s: 457 rss: 481Mb L: 27641/65536 MS: 2 ChangeASCIIInt-CopyPart-
#113964	NEW    cov: 9206 ft: 57128 corp: 2232/44Mb lim: 65536 exec/s: 457 rss: 481Mb L: 20920/65536 MS: 2 InsertByte-CrossOver-
#113966	NEW    cov: 9206 ft: 57176 corp: 2233/44Mb lim: 65536 exec/s: 457 rss: 481Mb L: 61120/65536 MS: 2 CMP-CopyPart- DE: "\000\000\000\000\000\000\000\002"-
#113995	REDUCE cov: 9206 ft: 57176 corp: 2233/44Mb lim: 65536 exec/s: 457 rss: 481Mb L: 39612/65536 MS: 4 ChangeBit-InsertByte-PersAutoDict-EraseBytes- DE: "\000\000\177\376\266g\275\330"-
#114001	REDUCE cov: 9206 ft: 57176 corp: 2233/44Mb lim: 65536 exec/s: 457 rss: 481Mb L: 295/65536 MS: 1 EraseBytes-
#114017	REDUCE cov: 9206 ft: 57176 corp: 2233/44Mb lim: 65536 exec/s: 457 rss: 481Mb L: 10243/65536 MS: 1 EraseBytes-
#114019	REDUCE cov: 9206 ft: 57176 corp: 2233/44Mb lim: 65536 exec/s: 457 rss: 481Mb L: 10014/65536 MS: 2 ChangeBit-EraseBytes-
#114085	REDUCE cov: 9206 ft: 57176 corp: 2233/44Mb lim: 65536 exec/s: 458 rss: 481Mb L: 3547/65536 MS: 1 EraseBytes-
#114105	NEW    cov: 9206 ft: 57177 corp: 2234/44Mb lim: 65536 exec/s: 456 rss: 481Mb L: 53020/65536 MS: 5 ChangeBinInt-ShuffleBytes-ChangeBit-CMP-CrossOver- DE: "={p\000\240b\000\000"-
#114156	REDUCE cov: 9206 ft: 57179 corp: 2235/45Mb lim: 65536 exec/s: 456 rss: 481Mb L: 61718/65536 MS: 1 CopyPart-
#114164	REDUCE cov: 9206 ft: 57179 corp: 2235/45Mb lim: 65536 exec/s: 456 rss: 481Mb L: 48411/65536 MS: 3 InsertByte-CMP-EraseBytes- DE: "&'U\001\360b\000\000"-
#114189	NEW    cov: 9206 ft: 57181 corp: 2236/45Mb lim: 65536 exec/s: 456 rss: 481Mb L: 62266/65536 MS: 5 CopyPart-InsertByte-CopyPart-InsertByte-CopyPart-
#114192	REDUCE cov: 9206 ft: 57181 corp: 2236/45Mb lim: 65536 exec/s: 456 rss: 481Mb L: 17252/65536 MS: 3 InsertRepeatedBytes-ChangeBinInt-EraseBytes-
#114225	REDUCE cov: 9206 ft: 57181 corp: 2236/45Mb lim: 65536 exec/s: 456 rss: 481Mb L: 7673/65536 MS: 3 ChangeBit-InsertRepeatedBytes-EraseBytes-
#114239	REDUCE cov: 9206 ft: 57181 corp: 2236/45Mb lim: 65536 exec/s: 456 rss: 481Mb L: 53370/65536 MS: 4 InsertRepeatedBytes-ChangeBit-InsertRepeatedBytes-EraseBytes-
#114250	REDUCE cov: 9206 ft: 57181 corp: 2236/45Mb lim: 65536 exec/s: 457 rss: 481Mb L: 4846/65536 MS: 1 EraseBytes-
#114276	REDUCE cov: 9206 ft: 57181 corp: 2236/45Mb lim: 65536 exec/s: 457 rss: 481Mb L: 243/65536 MS: 1 EraseBytes-
#114278	REDUCE cov: 9206 ft: 57181 corp: 2236/45Mb lim: 65536 exec/s: 457 rss: 481Mb L: 2705/65536 MS: 2 CrossOver-EraseBytes-
#114443	REDUCE cov: 9206 ft: 57181 corp: 2236/45Mb lim: 65536 exec/s: 457 rss: 482Mb L: 70/65536 MS: 5 ChangeByte-CopyPart-PersAutoDict-InsertByte-EraseBytes- DE: "\377\377_\200\000\000\026("-
#114467	REDUCE cov: 9206 ft: 57181 corp: 2236/45Mb lim: 65536 exec/s: 457 rss: 482Mb L: 1225/65536 MS: 4 ChangeByte-PersAutoDict-ShuffleBytes-EraseBytes- DE: "\036\356"-
#114479	REDUCE cov: 9206 ft: 57181 corp: 2236/45Mb lim: 65536 exec/s: 457 rss: 482Mb L: 15159/65536 MS: 2 PersAutoDict-EraseBytes- DE: "\001\000b\300\001q\373|"-
#114505	REDUCE cov: 9206 ft: 57181 corp: 2236/45Mb lim: 65536 exec/s: 458 rss: 482Mb L: 38035/65536 MS: 1 EraseBytes-
#114551	NEW    cov: 9206 ft: 57184 corp: 2237/45Mb lim: 65536 exec/s: 458 rss: 482Mb L: 11288/65536 MS: 1 CopyPart-
#114598	REDUCE cov: 9206 ft: 57184 corp: 2237/45Mb lim: 65536 exec/s: 458 rss: 482Mb L: 8497/65536 MS: 2 ChangeBit-EraseBytes-
#114623	REDUCE cov: 9206 ft: 57184 corp: 2237/45Mb lim: 65536 exec/s: 458 rss: 482Mb L: 44088/65536 MS: 5 ChangeByte-ShuffleBytes-ChangeBinInt-InsertRepeatedBytes-CrossOver-
#114654	NEW    cov: 9206 ft: 57190 corp: 2238/45Mb lim: 65536 exec/s: 456 rss: 482Mb L: 63991/65536 MS: 1 CopyPart-
#114656	REDUCE cov: 9206 ft: 57190 corp: 2238/45Mb lim: 65536 exec/s: 456 rss: 482Mb L: 45043/65536 MS: 2 ChangeBinInt-EraseBytes-
#114683	REDUCE cov: 9206 ft: 57190 corp: 2238/45Mb lim: 65536 exec/s: 456 rss: 482Mb L: 1341/65536 MS: 2 PersAutoDict-EraseBytes- DE: "\377\377a\320\000\243\032["-
#114715	REDUCE cov: 9206 ft: 57190 corp: 2238/45Mb lim: 65536 exec/s: 457 rss: 482Mb L: 35295/65536 MS: 2 InsertByte-EraseBytes-
#114761	REDUCE cov: 9206 ft: 57190 corp: 2238/45Mb lim: 65536 exec/s: 457 rss: 482Mb L: 27037/65536 MS: 1 EraseBytes-
#114769	NEW    cov: 9206 ft: 57191 corp: 2239/45Mb lim: 65536 exec/s: 457 rss: 482Mb L: 60409/65536 MS: 3 ChangeBinInt-EraseBytes-CopyPart-
#114775	REDUCE cov: 9206 ft: 57191 corp: 2239/45Mb lim: 65536 exec/s: 457 rss: 482Mb L: 12174/65536 MS: 1 EraseBytes-
#114892	REDUCE cov: 9206 ft: 57191 corp: 2239/45Mb lim: 65536 exec/s: 457 rss: 482Mb L: 18814/65536 MS: 2 CrossOver-EraseBytes-
#114938	REDUCE cov: 9206 ft: 57191 corp: 2239/45Mb lim: 65536 exec/s: 457 rss: 482Mb L: 5405/65536 MS: 1 EraseBytes-
#114949	REDUCE cov: 9206 ft: 57191 corp: 2239/45Mb lim: 65536 exec/s: 457 rss: 482Mb L: 11401/65536 MS: 1 EraseBytes-
#115107	REDUCE cov: 9206 ft: 57191 corp: 2239/45Mb lim: 65536 exec/s: 456 rss: 482Mb L: 1591/65536 MS: 3 CopyPart-ChangeASCIIInt-EraseBytes-
#115140	REDUCE cov: 9206 ft: 57191 corp: 2239/45Mb lim: 65536 exec/s: 456 rss: 482Mb L: 27220/65536 MS: 3 CMP-CMP-EraseBytes- DE: "\000\000\000\000\000\000\000\000"-"tem"-
#115145	REDUCE cov: 9206 ft: 57191 corp: 2239/45Mb lim: 65536 exec/s: 456 rss: 482Mb L: 15135/65536 MS: 5 EraseBytes-ChangeBit-CrossOver-ShuffleBytes-CrossOver-
#115187	REDUCE cov: 9206 ft: 57191 corp: 2239/45Mb lim: 65536 exec/s: 457 rss: 482Mb L: 25362/65536 MS: 2 ChangeASCIIInt-EraseBytes-
#115226	REDUCE cov: 9206 ft: 57191 corp: 2239/45Mb lim: 65536 exec/s: 457 rss: 482Mb L: 29506/65536 MS: 4 ChangeBinInt-ChangeBinInt-ChangeByte-EraseBytes-
#115246	REDUCE cov: 9206 ft: 57235 corp: 2240/45Mb lim: 65536 exec/s: 457 rss: 482Mb L: 35972/65536 MS: 5 CopyPart-CopyPart-ChangeByte-InsertRepeatedBytes-CopyPart-
#115252	REDUCE cov: 9206 ft: 57235 corp: 2240/45Mb lim: 65536 exec/s: 457 rss: 482Mb L: 4245/65536 MS: 1 EraseBytes-
#115272	REDUCE cov: 9206 ft: 57235 corp: 2240/45Mb lim: 65536 exec/s: 457 rss: 482Mb L: 13943/65536 MS: 5 PersAutoDict-PersAutoDict-PersAutoDict-ChangeByte-EraseBytes- DE: "\001\000\000/"-"\001\000\000\036"-"<oft line"-
#115341	REDUCE cov: 9206 ft: 57235 corp: 2240/45Mb lim: 65536 exec/s: 457 rss: 482Mb L: 2225/65536 MS: 4 InsertByte-CopyPart-CrossOver-EraseBytes-
#115346	REDUCE cov: 9206 ft: 57235 corp: 2240/45Mb lim: 65536 exec/s: 457 rss: 482Mb L: 28770/65536 MS: 5 ChangeByte-InsertByte-ChangeByte-CopyPart-EraseBytes-
#115352	REDUCE cov: 9206 ft: 57235 corp: 2240/45Mb lim: 65536 exec/s: 457 rss: 482Mb L: 8982/65536 MS: 1 EraseBytes-
#115358	REDUCE cov: 9206 ft: 57235 corp: 2240/45Mb lim: 65536 exec/s: 457 rss: 482Mb L: 114/65536 MS: 1 EraseBytes-
#115428	REDUCE cov: 9206 ft: 57236 corp: 2241/45Mb lim: 65536 exec/s: 458 rss: 482Mb L: 50060/65536 MS: 5 InsertByte-CopyPart-ShuffleBytes-CMP-CopyPart- DE: "\377\377a\320\000\263E["-
#115429	REDUCE cov: 9206 ft: 57236 corp: 2241/45Mb lim: 65536 exec/s: 458 rss: 482Mb L: 37589/65536 MS: 1 EraseBytes-
#115430	REDUCE cov: 9206 ft: 57236 corp: 2241/45Mb lim: 65536 exec/s: 458 rss: 482Mb L: 9909/65536 MS: 1 EraseBytes-
#115443	NEW    cov: 9206 ft: 57238 corp: 2242/45Mb lim: 65536 exec/s: 458 rss: 482Mb L: 46266/65536 MS: 3 ChangeBinInt-ChangeByte-CrossOver-
#115457	NEW    cov: 9206 ft: 57244 corp: 2243/45Mb lim: 65536 exec/s: 456 rss: 482Mb L: 33837/65536 MS: 4 CMP-ChangeByte-CopyPart-CopyPart- DE: "\327\275g\266\376\177\000\000"-
#115483	REDUCE cov: 9206 ft: 57244 corp: 2243/45Mb lim: 65536 exec/s: 456 rss: 482Mb L: 23362/65536 MS: 1 EraseBytes-
#115495	REDUCE cov: 9206 ft: 57244 corp: 2243/45Mb lim: 65536 exec/s: 456 rss: 482Mb L: 4847/65536 MS: 2 ChangeASCIIInt-EraseBytes-
#115542	REDUCE cov: 9206 ft: 57244 corp: 2243/45Mb lim: 65536 exec/s: 456 rss: 482Mb L: 49111/65536 MS: 2 InsertRepeatedBytes-EraseBytes-
#115574	REDUCE cov: 9206 ft: 57244 corp: 2243/45Mb lim: 65536 exec/s: 456 rss: 482Mb L: 2141/65536 MS: 2 InsertByte-EraseBytes-
#115666	REDUCE cov: 9206 ft: 57244 corp: 2243/45Mb lim: 65536 exec/s: 457 rss: 482Mb L: 27033/65536 MS: 2 ChangeByte-CrossOver-
#115735	REDUCE cov: 9206 ft: 57244 corp: 2243/45Mb lim: 65536 exec/s: 457 rss: 482Mb L: 16510/65536 MS: 4 CMP-ChangeByte-CMP-EraseBytes- DE: "\001\000\000f"-"www"-
#115765	REDUCE cov: 9206 ft: 57245 corp: 2244/45Mb lim: 65536 exec/s: 457 rss: 482Mb L: 44214/65536 MS: 5 PersAutoDict-InsertRepeatedBytes-ChangeASCIIInt-ChangeASCIIInt-CrossOver- DE: "\001\000b\320\000EI\234"-
#115766	REDUCE cov: 9206 ft: 57245 corp: 2244/45Mb lim: 65536 exec/s: 457 rss: 482Mb L: 27798/65536 MS: 1 EraseBytes-
#115822	REDUCE cov: 9206 ft: 57245 corp: 2244/45Mb lim: 65536 exec/s: 457 rss: 482Mb L: 502/65536 MS: 1 EraseBytes-
#115878	REDUCE cov: 9206 ft: 57245 corp: 2244/45Mb lim: 65536 exec/s: 456 rss: 482Mb L: 17560/65536 MS: 1 EraseBytes-
#115889	REDUCE cov: 9206 ft: 57245 corp: 2244/45Mb lim: 65536 exec/s: 456 rss: 482Mb L: 21859/65536 MS: 1 EraseBytes-
#115994	REDUCE cov: 9206 ft: 57245 corp: 2244/45Mb lim: 65536 exec/s: 456 rss: 482Mb L: 5985/65536 MS: 5 ChangeBit-ShuffleBytes-ChangeBinInt-ChangeASCIIInt-EraseBytes-
#115996	REDUCE cov: 9206 ft: 57245 corp: 2244/45Mb lim: 65536 exec/s: 456 rss: 482Mb L: 4248/65536 MS: 2 ChangeBinInt-EraseBytes-
#116010	REDUCE cov: 9206 ft: 57245 corp: 2244/45Mb lim: 65536 exec/s: 456 rss: 482Mb L: 1102/65536 MS: 4 ShuffleBytes-CMP-InsertRepeatedBytes-EraseBytes- DE: "-->"-
#116037	REDUCE cov: 9206 ft: 57245 corp: 2244/45Mb lim: 65536 exec/s: 456 rss: 483Mb L: 25247/65536 MS: 2 InsertRepeatedBytes-EraseBytes-
#116053	REDUCE cov: 9206 ft: 57245 corp: 2244/45Mb lim: 65536 exec/s: 456 rss: 483Mb L: 11907/65536 MS: 1 EraseBytes-
#116089	NEW    cov: 9206 ft: 57246 corp: 2245/45Mb lim: 65536 exec/s: 457 rss: 483Mb L: 64571/65536 MS: 1 CopyPart-
#116159	REDUCE cov: 9206 ft: 57246 corp: 2245/45Mb lim: 65536 exec/s: 457 rss: 483Mb L: 16003/65536 MS: 5 ShuffleBytes-ChangeByte-CMP-ChangeByte-EraseBytes- DE: "&gtc"-
#116188	REDUCE cov: 9206 ft: 57246 corp: 2245/45Mb lim: 65536 exec/s: 457 rss: 483Mb L: 12190/65536 MS: 4 CrossOver-ChangeByte-ShuffleBytes-EraseBytes-
#116192	REDUCE cov: 9206 ft: 57246 corp: 2245/45Mb lim: 65536 exec/s: 457 rss: 483Mb L: 23385/65536 MS: 4 ChangeASCIIInt-ShuffleBytes-PersAutoDict-EraseBytes- DE: "\000\015"-
#116194	REDUCE cov: 9206 ft: 57246 corp: 2245/45Mb lim: 65536 exec/s: 457 rss: 483Mb L: 39760/65536 MS: 2 CrossOver-CrossOver-
#116205	REDUCE cov: 9206 ft: 57246 corp: 2245/45Mb lim: 65536 exec/s: 457 rss: 483Mb L: 28037/65536 MS: 1 EraseBytes-
#116209	REDUCE cov: 9206 ft: 57246 corp: 2245/45Mb lim: 65536 exec/s: 457 rss: 483Mb L: 36963/65536 MS: 4 ShuffleBytes-ChangeASCIIInt-ChangeBit-EraseBytes-
#116226	REDUCE cov: 9206 ft: 57246 corp: 2245/45Mb lim: 65536 exec/s: 457 rss: 483Mb L: 39191/65536 MS: 2 ChangeASCIIInt-EraseBytes-
#116240	NEW    cov: 9206 ft: 57359 corp: 2246/45Mb lim: 65536 exec/s: 457 rss: 483Mb L: 40456/65536 MS: 4 CopyPart-ChangeBit-ShuffleBytes-CrossOver-
#116252	REDUCE cov: 9206 ft: 57359 corp: 2246/45Mb lim: 65536 exec/s: 457 rss: 483Mb L: 54368/65536 MS: 2 InsertRepeatedBytes-EraseBytes-
#116350	REDUCE cov: 9206 ft: 57359 corp: 2246/45Mb lim: 65536 exec/s: 456 rss: 484Mb L: 15896/65536 MS: 3 ChangeBinInt-ChangeByte-EraseBytes-
#116444	REDUCE cov: 9206 ft: 57497 corp: 2247/45Mb lim: 65536 exec/s: 456 rss: 484Mb L: 30851/65536 MS: 4 ChangeByte-ChangeBinInt-InsertRepeatedBytes-CrossOver-
#116448	REDUCE cov: 9206 ft: 57497 corp: 2247/45Mb lim: 65536 exec/s: 456 rss: 484Mb L: 60182/65536 MS: 4 ShuffleBytes-ShuffleBytes-InsertRepeatedBytes-EraseBytes-
#116449	REDUCE cov: 9206 ft: 57498 corp: 2248/45Mb lim: 65536 exec/s: 456 rss: 484Mb L: 3049/65536 MS: 1 CrossOver-
#116569	REDUCE cov: 9206 ft: 57498 corp: 2248/45Mb lim: 65536 exec/s: 457 rss: 485Mb L: 147/65536 MS: 5 InsertRepeatedBytes-ShuffleBytes-ChangeBinInt-ChangeByte-EraseBytes-
#116616	REDUCE cov: 9206 ft: 57498 corp: 2248/45Mb lim: 65536 exec/s: 457 rss: 485Mb L: 27566/65536 MS: 2 PersAutoDict-EraseBytes- DE: "\377\377\377\017"-
#116656	REDUCE cov: 9206 ft: 57498 corp: 2248/45Mb lim: 65536 exec/s: 457 rss: 485Mb L: 39/65536 MS: 5 InsertByte-CMP-InsertByte-ChangeBit-EraseBytes- DE: "https"-
#116786	REDUCE cov: 9206 ft: 57515 corp: 2249/45Mb lim: 65536 exec/s: 456 rss: 485Mb L: 43563/65536 MS: 5 ChangeByte-CrossOver-ShuffleBytes-InsertRepeatedBytes-CopyPart-
#116792	REDUCE cov: 9206 ft: 57515 corp: 2249/45Mb lim: 65536 exec/s: 456 rss: 485Mb L: 18037/65536 MS: 1 EraseBytes-
#116821	REDUCE cov: 9206 ft: 57515 corp: 2249/45Mb lim: 65536 exec/s: 456 rss: 485Mb L: 27351/65536 MS: 4 PersAutoDict-CMP-ChangeByte-EraseBytes- DE: "\001\000b\300\001q\373|"-"uence"-
#116822	REDUCE cov: 9206 ft: 57515 corp: 2249/45Mb lim: 65536 exec/s: 456 rss: 485Mb L: 56784/65536 MS: 1 CrossOver-
#116863	REDUCE cov: 9206 ft: 57515 corp: 2249/45Mb lim: 65536 exec/s: 456 rss: 485Mb L: 12856/65536 MS: 1 EraseBytes-
#116874	REDUCE cov: 9206 ft: 57515 corp: 2249/45Mb lim: 65536 exec/s: 456 rss: 485Mb L: 5843/65536 MS: 1 EraseBytes-
#116974	NEW    cov: 9206 ft: 57517 corp: 2250/45Mb lim: 65536 exec/s: 456 rss: 485Mb L: 65359/65536 MS: 5 InsertByte-InsertByte-EraseBytes-CopyPart-CopyPart-
#117014	REDUCE cov: 9206 ft: 57517 corp: 2250/45Mb lim: 65536 exec/s: 457 rss: 485Mb L: 31998/65536 MS: 5 ChangeBit-PersAutoDict-ChangeByte-ShuffleBytes-EraseBytes- DE: "&ThisIsNotDe"-
#117066	REDUCE cov: 9206 ft: 57517 corp: 2250/45Mb lim: 65536 exec/s: 457 rss: 485Mb L: 5682/65536 MS: 2 ShuffleBytes-EraseBytes-
#117070	REDUCE cov: 9206 ft: 57517 corp: 2250/45Mb lim: 65536 exec/s: 457 rss: 485Mb L: 10466/65536 MS: 4 InsertByte-PersAutoDict-ChangeBit-EraseBytes- DE: "\377\377a\260\000^\352q"-
#117095	REDUCE cov: 9206 ft: 57519 corp: 2251/45Mb lim: 65536 exec/s: 457 rss: 485Mb L: 53845/65536 MS: 5 ShuffleBytes-ChangeBinInt-InsertByte-CrossOver-CopyPart-
#117136	REDUCE cov: 9206 ft: 57519 corp: 2251/45Mb lim: 65536 exec/s: 457 rss: 485Mb L: 48678/65536 MS: 1 CrossOver-
#117140	NEW    cov: 9206 ft: 57553 corp: 2252/45Mb lim: 65536 exec/s: 457 rss: 485Mb L: 11529/65536 MS: 4 ChangeASCIIInt-InsertRepeatedBytes-PersAutoDict-CrossOver- DE: "\035\000\000\000"-
#117176	REDUCE cov: 9206 ft: 57553 corp: 2252/45Mb lim: 65536 exec/s: 457 rss: 485Mb L: 19016/65536 MS: 1 EraseBytes-
#117271	REDUCE cov: 9206 ft: 57553 corp: 2252/45Mb lim: 65536 exec/s: 456 rss: 485Mb L: 20247/65536 MS: 5 InsertRepeatedBytes-ChangeBit-CopyPart-InsertRepeatedBytes-EraseBytes-
#117299	REDUCE cov: 9206 ft: 57553 corp: 2252/45Mb lim: 65536 exec/s: 456 rss: 485Mb L: 454/65536 MS: 3 ChangeBinInt-ChangeByte-EraseBytes-
#117335	REDUCE cov: 9206 ft: 57553 corp: 2252/45Mb lim: 65536 exec/s: 456 rss: 485Mb L: 12084/65536 MS: 1 EraseBytes-
#117340	REDUCE cov: 9206 ft: 57553 corp: 2252/45Mb lim: 65536 exec/s: 456 rss: 485Mb L: 8158/65536 MS: 5 CopyPart-EraseBytes-EraseBytes-ChangeByte-CopyPart-
#117341	REDUCE cov: 9206 ft: 57553 corp: 2252/45Mb lim: 65536 exec/s: 456 rss: 485Mb L: 17528/65536 MS: 1 EraseBytes-
#117364	REDUCE cov: 9206 ft: 57553 corp: 2252/45Mb lim: 65536 exec/s: 456 rss: 485Mb L: 15139/65536 MS: 3 ChangeByte-ShuffleBytes-EraseBytes-
#117440	NEW    cov: 9207 ft: 57554 corp: 2253/45Mb lim: 65536 exec/s: 456 rss: 485Mb L: 8577/65536 MS: 1 CopyPart-
#117447	REDUCE cov: 9208 ft: 57555 corp: 2254/45Mb lim: 65536 exec/s: 456 rss: 485Mb L: 62/65536 MS: 2 ChangeBit-CopyPart-
#117511	REDUCE cov: 9208 ft: 57562 corp: 2255/45Mb lim: 65536 exec/s: 457 rss: 485Mb L: 57406/65536 MS: 4 InsertByte-PersAutoDict-ChangeASCIIInt-CopyPart- DE: "\003\376)\0000b\000\000"-
#117599	REDUCE cov: 9208 ft: 57589 corp: 2256/45Mb lim: 65536 exec/s: 457 rss: 485Mb L: 5498/65536 MS: 3 CMP-ChangeByte-EraseBytes- DE: "W\015"-
#117624	REDUCE cov: 9208 ft: 57589 corp: 2256/45Mb lim: 65536 exec/s: 457 rss: 485Mb L: 51488/65536 MS: 5 CopyPart-ChangeByte-CopyPart-ChangeBinInt-EraseBytes-
#117634	REDUCE cov: 9208 ft: 57589 corp: 2256/45Mb lim: 65536 exec/s: 457 rss: 485Mb L: 33495/65536 MS: 5 InsertByte-ChangeASCIIInt-ChangeBinInt-ChangeBit-EraseBytes-
#117651	NEW    cov: 9208 ft: 57590 corp: 2257/45Mb lim: 65536 exec/s: 457 rss: 485Mb L: 17269/65536 MS: 2 CrossOver-CrossOver-
#117652	REDUCE cov: 9208 ft: 57590 corp: 2257/45Mb lim: 65536 exec/s: 457 rss: 485Mb L: 17449/65536 MS: 1 EraseBytes-
#117669	REDUCE cov: 9208 ft: 57590 corp: 2257/45Mb lim: 65536 exec/s: 457 rss: 485Mb L: 15646/65536 MS: 2 CMP-EraseBytes- DE: "\014\000"-
#117689	REDUCE cov: 9208 ft: 57590 corp: 2257/45Mb lim: 65536 exec/s: 457 rss: 485Mb L: 15036/65536 MS: 5 ShuffleBytes-ChangeBinInt-InsertRepeatedBytes-EraseBytes-CopyPart-
#117725	REDUCE cov: 9208 ft: 57590 corp: 2257/45Mb lim: 65536 exec/s: 456 rss: 485Mb L: 32140/65536 MS: 1 EraseBytes-
#117727	REDUCE cov: 9208 ft: 57604 corp: 2258/45Mb lim: 65536 exec/s: 456 rss: 485Mb L: 63899/65536 MS: 2 InsertByte-CopyPart-
#117774	REDUCE cov: 9208 ft: 57604 corp: 2258/45Mb lim: 65536 exec/s: 456 rss: 485Mb L: 1547/65536 MS: 2 ChangeBit-EraseBytes-
#117776	REDUCE cov: 9208 ft: 57604 corp: 2258/45Mb lim: 65536 exec/s: 456 rss: 485Mb L: 16011/65536 MS: 2 ChangeASCIIInt-EraseBytes-
#117847	REDUCE cov: 9208 ft: 57604 corp: 2258/45Mb lim: 65536 exec/s: 456 rss: 485Mb L: 1246/65536 MS: 1 EraseBytes-
#117858	REDUCE cov: 9208 ft: 57604 corp: 2258/45Mb lim: 65536 exec/s: 456 rss: 485Mb L: 507/65536 MS: 1 EraseBytes-
#117872	REDUCE cov: 9208 ft: 57604 corp: 2258/45Mb lim: 65536 exec/s: 456 rss: 485Mb L: 1959/65536 MS: 4 ChangeBit-ChangeBit-ShuffleBytes-EraseBytes-
#117919	REDUCE cov: 9208 ft: 57604 corp: 2258/45Mb lim: 65536 exec/s: 457 rss: 485Mb L: 11251/65536 MS: 2 CopyPart-EraseBytes-
#117928	REDUCE cov: 9208 ft: 57604 corp: 2258/45Mb lim: 65536 exec/s: 457 rss: 485Mb L: 3066/65536 MS: 4 InsertByte-ChangeBinInt-ChangeBinInt-EraseBytes-
#117954	REDUCE cov: 9208 ft: 57604 corp: 2258/45Mb lim: 65536 exec/s: 457 rss: 485Mb L: 48/65536 MS: 1 EraseBytes-
#117993	REDUCE cov: 9208 ft: 57604 corp: 2258/45Mb lim: 65536 exec/s: 457 rss: 485Mb L: 181/65536 MS: 4 InsertByte-PersAutoDict-ChangeBit-EraseBytes- DE: "\020\000"-
#118067	REDUCE cov: 9208 ft: 57607 corp: 2259/45Mb lim: 65536 exec/s: 457 rss: 485Mb L: 21263/65536 MS: 4 CrossOver-CMP-CMP-CrossOver- DE: "\377\377a\200\000n\274\""-"&gnapp"-
#118094	REDUCE cov: 9208 ft: 57607 corp: 2259/45Mb lim: 65536 exec/s: 457 rss: 485Mb L: 27464/65536 MS: 2 ChangeByte-EraseBytes-
#118133	REDUCE cov: 9208 ft: 57607 corp: 2259/45Mb lim: 65536 exec/s: 456 rss: 485Mb L: 38122/65536 MS: 4 ChangeASCIIInt-PersAutoDict-PersAutoDict-EraseBytes- DE: "\377\377\377+"-"\000\000b`\000\013\015\032"-
#118156	REDUCE cov: 9208 ft: 57607 corp: 2259/45Mb lim: 65536 exec/s: 456 rss: 485Mb L: 20455/65536 MS: 3 ShuffleBytes-ChangeASCIIInt-EraseBytes-
#118163	REDUCE cov: 9208 ft: 57607 corp: 2259/45Mb lim: 65536 exec/s: 456 rss: 485Mb L: 304/65536 MS: 2 InsertByte-EraseBytes-
#118206	REDUCE cov: 9208 ft: 57607 corp: 2259/45Mb lim: 65536 exec/s: 456 rss: 485Mb L: 18620/65536 MS: 3 ShuffleBytes-CMP-EraseBytes- DE: "Vf\241\000\260b\000\000"-
#118220	REDUCE cov: 9208 ft: 57608 corp: 2260/45Mb lim: 65536 exec/s: 456 rss: 485Mb L: 57532/65536 MS: 4 CopyPart-ChangeBinInt-ChangeBinInt-InsertRepeatedBytes-
#118247	REDUCE cov: 9208 ft: 57608 corp: 2260/45Mb lim: 65536 exec/s: 456 rss: 485Mb L: 35295/65536 MS: 2 ShuffleBytes-EraseBytes-
#118250	REDUCE cov: 9208 ft: 57608 corp: 2260/45Mb lim: 65536 exec/s: 456 rss: 485Mb L: 3581/65536 MS: 3 InsertByte-ChangeBinInt-EraseBytes-
#118347	REDUCE cov: 9208 ft: 57608 corp: 2260/45Mb lim: 65536 exec/s: 456 rss: 485Mb L: 185/65536 MS: 2 ShuffleBytes-EraseBytes-
#118408	REDUCE cov: 9208 ft: 57608 corp: 2260/45Mb lim: 65536 exec/s: 457 rss: 485Mb L: 26114/65536 MS: 1 EraseBytes-
#118426	REDUCE cov: 9208 ft: 57609 corp: 2261/45Mb lim: 65536 exec/s: 457 rss: 485Mb L: 9521/65536 MS: 3 ChangeASCIIInt-ChangeBit-InsertRepeatedBytes-
#118438	REDUCE cov: 9208 ft: 57609 corp: 2261/45Mb lim: 65536 exec/s: 457 rss: 485Mb L: 11592/65536 MS: 2 ShuffleBytes-EraseBytes-
#118453	REDUCE cov: 9208 ft: 57610 corp: 2262/45Mb lim: 65536 exec/s: 457 rss: 485Mb L: 11195/65536 MS: 5 ShuffleBytes-InsertRepeatedBytes-CrossOver-ChangeBinInt-CrossOver-
#118485	REDUCE cov: 9208 ft: 57610 corp: 2262/45Mb lim: 65536 exec/s: 457 rss: 485Mb L: 15402/65536 MS: 2 ShuffleBytes-EraseBytes-
#118523	REDUCE cov: 9208 ft: 57610 corp: 2262/45Mb lim: 65536 exec/s: 457 rss: 485Mb L: 1133/65536 MS: 3 ChangeBinInt-PersAutoDict-EraseBytes- DE: "\377\377a\300\000\254ws"-
#118542	NEW    cov: 9208 ft: 57678 corp: 2263/45Mb lim: 65536 exec/s: 457 rss: 485Mb L: 18714/65536 MS: 4 InsertRepeatedBytes-ShuffleBytes-ChangeBinInt-EraseBytes-
#118612	REDUCE cov: 9208 ft: 57678 corp: 2263/45Mb lim: 65536 exec/s: 456 rss: 485Mb L: 6372/65536 MS: 5 ShuffleBytes-CMP-InsertRepeatedBytes-ShuffleBytes-EraseBytes- DE: "9\276g\266\376\177\000\000"-
#118665	REDUCE cov: 9208 ft: 57678 corp: 2263/45Mb lim: 65536 exec/s: 456 rss: 485Mb L: 118/65536 MS: 3 ChangeBinInt-ChangeBit-EraseBytes-
#118689	REDUCE cov: 9208 ft: 57678 corp: 2263/45Mb lim: 65536 exec/s: 456 rss: 485Mb L: 57285/65536 MS: 4 ChangeBinInt-InsertByte-ShuffleBytes-EraseBytes-
#118721	REDUCE cov: 9208 ft: 57678 corp: 2263/45Mb lim: 65536 exec/s: 456 rss: 485Mb L: 12616/65536 MS: 2 ChangeBit-EraseBytes-
#118773	REDUCE cov: 9208 ft: 57678 corp: 2263/45Mb lim: 65536 exec/s: 456 rss: 485Mb L: 2650/65536 MS: 2 InsertByte-EraseBytes-
#118797	REDUCE cov: 9208 ft: 57678 corp: 2263/45Mb lim: 65536 exec/s: 456 rss: 485Mb L: 1677/65536 MS: 4 CopyPart-PersAutoDict-CopyPart-EraseBytes- DE: "<https://"-
#118811	REDUCE cov: 9208 ft: 57678 corp: 2263/45Mb lim: 65536 exec/s: 456 rss: 485Mb L: 922/65536 MS: 4 ChangeBit-InsertByte-ShuffleBytes-EraseBytes-
#118817	REDUCE cov: 9208 ft: 57678 corp: 2263/45Mb lim: 65536 exec/s: 456 rss: 485Mb L: 30260/65536 MS: 1 EraseBytes-
#118821	REDUCE cov: 9208 ft: 57678 corp: 2263/45Mb lim: 65536 exec/s: 457 rss: 485Mb L: 5340/65536 MS: 4 ChangeASCIIInt-ChangeByte-ShuffleBytes-EraseBytes-
#118907	REDUCE cov: 9208 ft: 57678 corp: 2263/45Mb lim: 65536 exec/s: 457 rss: 485Mb L: 8883/65536 MS: 1 EraseBytes-
#118916	REDUCE cov: 9208 ft: 57678 corp: 2263/45Mb lim: 65536 exec/s: 457 rss: 485Mb L: 13742/65536 MS: 4 ShuffleBytes-ChangeASCIIInt-ChangeASCIIInt-EraseBytes-
#119017	REDUCE cov: 9208 ft: 57678 corp: 2263/45Mb lim: 65536 exec/s: 457 rss: 485Mb L: 2793/65536 MS: 1 EraseBytes-
#119030	REDUCE cov: 9208 ft: 57678 corp: 2263/45Mb lim: 65536 exec/s: 457 rss: 485Mb L: 25303/65536 MS: 3 ChangeBit-ChangeBinInt-EraseBytes-
#119153	REDUCE cov: 9208 ft: 57678 corp: 2263/45Mb lim: 65536 exec/s: 456 rss: 485Mb L: 5596/65536 MS: 3 InsertRepeatedBytes-PersAutoDict-EraseBytes- DE: "NTT\001\360b\000\000"-
#119164	REDUCE cov: 9208 ft: 57678 corp: 2263/45Mb lim: 65536 exec/s: 456 rss: 485Mb L: 6185/65536 MS: 1 EraseBytes-
#119177	REDUCE cov: 9208 ft: 57678 corp: 2263/45Mb lim: 65536 exec/s: 456 rss: 485Mb L: 10492/65536 MS: 3 CopyPart-ChangeBinInt-EraseBytes-
#119198	REDUCE cov: 9208 ft: 57678 corp: 2263/45Mb lim: 65536 exec/s: 456 rss: 485Mb L: 16668/65536 MS: 1 EraseBytes-
#119199	REDUCE cov: 9208 ft: 57678 corp: 2263/45Mb lim: 65536 exec/s: 456 rss: 485Mb L: 32482/65536 MS: 1 EraseBytes-
#119204	REDUCE cov: 9208 ft: 57725 corp: 2264/45Mb lim: 65536 exec/s: 456 rss: 485Mb L: 65064/65536 MS: 5 ChangeBinInt-ChangeByte-ChangeBinInt-ShuffleBytes-CopyPart-
#119250	REDUCE cov: 9208 ft: 57725 corp: 2264/45Mb lim: 65536 exec/s: 456 rss: 485Mb L: 733/65536 MS: 1 EraseBytes-
#119251	REDUCE cov: 9208 ft: 57725 corp: 2264/45Mb lim: 65536 exec/s: 456 rss: 485Mb L: 23767/65536 MS: 1 EraseBytes-
#119273	REDUCE cov: 9208 ft: 57725 corp: 2264/45Mb lim: 65536 exec/s: 456 rss: 485Mb L: 24026/65536 MS: 2 ChangeASCIIInt-EraseBytes-
#119279	REDUCE cov: 9208 ft: 57738 corp: 2265/45Mb lim: 65536 exec/s: 457 rss: 485Mb L: 17449/65536 MS: 1 CopyPart-
#119351	REDUCE cov: 9208 ft: 57738 corp: 2265/45Mb lim: 65536 exec/s: 457 rss: 485Mb L: 9326/65536 MS: 2 ShuffleBytes-EraseBytes-
#119352	REDUCE cov: 9208 ft: 57738 corp: 2265/45Mb lim: 65536 exec/s: 457 rss: 485Mb L: 9616/65536 MS: 1 EraseBytes-
#119355	REDUCE cov: 9208 ft: 57738 corp: 2265/45Mb lim: 65536 exec/s: 457 rss: 485Mb L: 33970/65536 MS: 3 ChangeBinInt-ChangeBit-EraseBytes-
#119361	REDUCE cov: 9208 ft: 57738 corp: 2265/45Mb lim: 65536 exec/s: 457 rss: 485Mb L: 879/65536 MS: 1 EraseBytes-
#119415	REDUCE cov: 9208 ft: 57738 corp: 2265/45Mb lim: 65536 exec/s: 457 rss: 485Mb L: 27596/65536 MS: 4 InsertByte-CMP-PersAutoDict-EraseBytes- DE: "&Cacute;"-"\377\377\377\377"-
#119417	REDUCE cov: 9208 ft: 57738 corp: 2265/45Mb lim: 65536 exec/s: 457 rss: 485Mb L: 3428/65536 MS: 2 PersAutoDict-EraseBytes- DE: "\377\377`\200\000\002S\270"-
#119450	REDUCE cov: 9208 ft: 57738 corp: 2265/45Mb lim: 65536 exec/s: 457 rss: 485Mb L: 30370/65536 MS: 3 ShuffleBytes-PersAutoDict-EraseBytes- DE: "\000\000\000%"-
#119498	REDUCE cov: 9208 ft: 57738 corp: 2265/45Mb lim: 65536 exec/s: 457 rss: 485Mb L: 589/65536 MS: 3 CrossOver-ChangeASCIIInt-EraseBytes-
#119510	REDUCE cov: 9208 ft: 57738 corp: 2265/45Mb lim: 65536 exec/s: 457 rss: 485Mb L: 1198/65536 MS: 2 ChangeByte-EraseBytes-
#119513	REDUCE cov: 9208 ft: 57738 corp: 2265/45Mb lim: 65536 exec/s: 457 rss: 485Mb L: 53420/65536 MS: 3 ChangeByte-CrossOver-EraseBytes-
#119527	REDUCE cov: 9208 ft: 57738 corp: 2265/45Mb lim: 65536 exec/s: 457 rss: 485Mb L: 9449/65536 MS: 4 ChangeASCIIInt-ChangeASCIIInt-CopyPart-EraseBytes-
#119567	REDUCE cov: 9208 ft: 57738 corp: 2265/45Mb lim: 65536 exec/s: 458 rss: 485Mb L: 38076/65536 MS: 5 ChangeBit-ChangeASCIIInt-CMP-InsertByte-EraseBytes- DE: "span"-
#119626	REDUCE cov: 9208 ft: 57738 corp: 2265/45Mb lim: 65536 exec/s: 456 rss: 485Mb L: 1319/65536 MS: 4 ChangeASCIIInt-ChangeBinInt-InsertRepeatedBytes-EraseBytes-
#119690	REDUCE cov: 9208 ft: 57738 corp: 2265/45Mb lim: 65536 exec/s: 456 rss: 485Mb L: 5212/65536 MS: 4 CMP-ChangeByte-ChangeBit-EraseBytes- DE: "\001\000c\000\001\012\362\357"-
#119791	REDUCE cov: 9208 ft: 57738 corp: 2265/45Mb lim: 65536 exec/s: 457 rss: 485Mb L: 41336/65536 MS: 1 EraseBytes-
#119794	REDUCE cov: 9208 ft: 57738 corp: 2265/45Mb lim: 65536 exec/s: 457 rss: 485Mb L: 39977/65536 MS: 3 InsertByte-ChangeBit-EraseBytes-
#119855	REDUCE cov: 9208 ft: 57738 corp: 2265/45Mb lim: 65536 exec/s: 457 rss: 485Mb L: 56897/65536 MS: 1 EraseBytes-
#119858	REDUCE cov: 9208 ft: 57738 corp: 2265/45Mb lim: 65536 exec/s: 457 rss: 485Mb L: 454/65536 MS: 3 CopyPart-CopyPart-EraseBytes-
#119880	REDUCE cov: 9208 ft: 57738 corp: 2265/45Mb lim: 65536 exec/s: 457 rss: 485Mb L: 14696/65536 MS: 2 PersAutoDict-EraseBytes- DE: "\377\377B\276"-
#119892	REDUCE cov: 9208 ft: 57738 corp: 2265/45Mb lim: 65536 exec/s: 457 rss: 485Mb L: 1494/65536 MS: 2 ShuffleBytes-EraseBytes-
#119918	REDUCE cov: 9208 ft: 57738 corp: 2265/45Mb lim: 65536 exec/s: 457 rss: 485Mb L: 1629/65536 MS: 1 EraseBytes-
#119919	REDUCE cov: 9208 ft: 57739 corp: 2266/45Mb lim: 65536 exec/s: 457 rss: 485Mb L: 6047/65536 MS: 1 CopyPart-
#119932	REDUCE cov: 9208 ft: 57739 corp: 2266/45Mb lim: 65536 exec/s: 457 rss: 485Mb L: 10089/65536 MS: 3 CMP-ChangeASCIIInt-EraseBytes- DE: "ftp"-
#119967	REDUCE cov: 9208 ft: 57739 corp: 2266/45Mb lim: 65536 exec/s: 457 rss: 485Mb L: 42150/65536 MS: 5 CopyPart-EraseBytes-CopyPart-CrossOver-EraseBytes-
#119973	NEW    cov: 9208 ft: 57748 corp: 2267/45Mb lim: 65536 exec/s: 457 rss: 485Mb L: 38647/65536 MS: 1 CopyPart-
#119977	REDUCE cov: 9208 ft: 57748 corp: 2267/45Mb lim: 65536 exec/s: 457 rss: 485Mb L: 25052/65536 MS: 4 ChangeBit-ShuffleBytes-CopyPart-EraseBytes-
#119992	REDUCE cov: 9208 ft: 57748 corp: 2267/45Mb lim: 65536 exec/s: 457 rss: 485Mb L: 650/65536 MS: 5 ChangeByte-InsertRepeatedBytes-InsertRepeatedBytes-ChangeBinInt-EraseBytes-
#120011	REDUCE cov: 9208 ft: 57749 corp: 2268/45Mb lim: 65536 exec/s: 458 rss: 485Mb L: 46381/65536 MS: 4 PersAutoDict-CrossOver-ChangeASCIIInt-CopyPart- DE: "2\000"-
#120059	REDUCE cov: 9208 ft: 57749 corp: 2268/45Mb lim: 65536 exec/s: 458 rss: 485Mb L: 2409/65536 MS: 3 CrossOver-CopyPart-EraseBytes-
#120075	REDUCE cov: 9208 ft: 57749 corp: 2268/45Mb lim: 65536 exec/s: 458 rss: 485Mb L: 496/65536 MS: 1 EraseBytes-
#120105	REDUCE cov: 9208 ft: 57749 corp: 2268/45Mb lim: 65536 exec/s: 456 rss: 485Mb L: 33819/65536 MS: 5 ChangeBit-InsertByte-CopyPart-ChangeBit-EraseBytes-
#120158	REDUCE cov: 9208 ft: 57749 corp: 2268/45Mb lim: 65536 exec/s: 456 rss: 485Mb L: 7440/65536 MS: 3 ShuffleBytes-InsertByte-EraseBytes-
#120163	REDUCE cov: 9208 ft: 57749 corp: 2268/45Mb lim: 65536 exec/s: 456 rss: 485Mb L: 4552/65536 MS: 5 InsertRepeatedBytes-PersAutoDict-CopyPart-PersAutoDict-EraseBytes- DE: "\352\321\212\001Pb\000\000"-"\326\251\001\000 a\000\000"-
#120167	REDUCE cov: 9208 ft: 57749 corp: 2268/45Mb lim: 65536 exec/s: 456 rss: 485Mb L: 1001/65536 MS: 4 ChangeBinInt-PersAutoDict-CopyPart-EraseBytes- DE: "\001\000\000)"-
#120188	REDUCE cov: 9208 ft: 57749 corp: 2268/45Mb lim: 65536 exec/s: 456 rss: 485Mb L: 16425/65536 MS: 1 EraseBytes-
#120292	REDUCE cov: 9208 ft: 57749 corp: 2268/45Mb lim: 65536 exec/s: 457 rss: 485Mb L: 8916/65536 MS: 4 ChangeASCIIInt-CopyPart-CMP-EraseBytes- DE: "dings"-
#120309	REDUCE cov: 9208 ft: 57749 corp: 2268/45Mb lim: 65536 exec/s: 457 rss: 485Mb L: 42/65536 MS: 2 PersAutoDict-EraseBytes- DE: "\036\356"-
#120341	REDUCE cov: 9208 ft: 57749 corp: 2268/45Mb lim: 65536 exec/s: 457 rss: 485Mb L: 21914/65536 MS: 2 CopyPart-EraseBytes-
#120357	REDUCE cov: 9208 ft: 57749 corp: 2268/45Mb lim: 65536 exec/s: 457 rss: 485Mb L: 64627/65536 MS: 1 EraseBytes-
#120370	REDUCE cov: 9208 ft: 57749 corp: 2268/45Mb lim: 65536 exec/s: 457 rss: 485Mb L: 8115/65536 MS: 3 PersAutoDict-InsertByte-EraseBytes- DE: "\000\000c\000\000Y\364\337"-
#120375	REDUCE cov: 9208 ft: 57751 corp: 2269/45Mb lim: 65536 exec/s: 457 rss: 485Mb L: 8596/65536 MS: 5 ChangeByte-PersAutoDict-ChangeBit-ChangeBinInt-CrossOver- DE: "Sof"-
#120378	REDUCE cov: 9208 ft: 57751 corp: 2269/45Mb lim: 65536 exec/s: 457 rss: 485Mb L: 19510/65536 MS: 3 ChangeBinInt-CMP-EraseBytes- DE: "ftp"-
#120449	REDUCE cov: 9208 ft: 57751 corp: 2269/45Mb lim: 65536 exec/s: 457 rss: 485Mb L: 23558/65536 MS: 1 EraseBytes-
#120454	REDUCE cov: 9208 ft: 57751 corp: 2269/45Mb lim: 65536 exec/s: 458 rss: 485Mb L: 38982/65536 MS: 5 InsertByte-ShuffleBytes-ChangeASCIIInt-CMP-EraseBytes- DE: "\377\377~\376\266g\276Q"-
#120529	NEW    cov: 9208 ft: 57753 corp: 2270/45Mb lim: 65536 exec/s: 458 rss: 485Mb L: 65536/65536 MS: 5 ChangeBit-CopyPart-CopyPart-ChangeASCIIInt-ChangeBinInt-
#120555	REDUCE cov: 9208 ft: 57753 corp: 2270/45Mb lim: 65536 exec/s: 458 rss: 485Mb L: 140/65536 MS: 1 EraseBytes-
#120573	REDUCE cov: 9208 ft: 57753 corp: 2270/45Mb lim: 65536 exec/s: 458 rss: 485Mb L: 7443/65536 MS: 3 ChangeByte-CrossOver-EraseBytes-
#120574	REDUCE cov: 9208 ft: 57753 corp: 2270/45Mb lim: 65536 exec/s: 458 rss: 485Mb L: 52478/65536 MS: 1 EraseBytes-
#120627	REDUCE cov: 9208 ft: 57753 corp: 2270/45Mb lim: 65536 exec/s: 456 rss: 485Mb L: 48949/65536 MS: 3 InsertRepeatedBytes-PersAutoDict-EraseBytes- DE: "\000\000c\000\000E\345\364"-
#120663	REDUCE cov: 9208 ft: 57753 corp: 2270/45Mb lim: 65536 exec/s: 457 rss: 485Mb L: 2047/65536 MS: 1 EraseBytes-
#120700	REDUCE cov: 9208 ft: 57753 corp: 2270/45Mb lim: 65536 exec/s: 457 rss: 485Mb L: 5887/65536 MS: 2 ChangeByte-EraseBytes-
#120729	REDUCE cov: 9208 ft: 57753 corp: 2270/45Mb lim: 65536 exec/s: 457 rss: 485Mb L: 28272/65536 MS: 4 ShuffleBytes-ChangeBinInt-ChangeByte-EraseBytes-
#120799	REDUCE cov: 9208 ft: 57753 corp: 2270/45Mb lim: 65536 exec/s: 457 rss: 485Mb L: 31253/65536 MS: 5 ChangeBinInt-InsertRepeatedBytes-InsertByte-ChangeBit-EraseBytes-
#120820	REDUCE cov: 9208 ft: 57753 corp: 2270/45Mb lim: 65536 exec/s: 457 rss: 485Mb L: 15087/65536 MS: 1 EraseBytes-
#120827	REDUCE cov: 9208 ft: 57753 corp: 2270/45Mb lim: 65536 exec/s: 457 rss: 485Mb L: 6687/65536 MS: 2 ChangeASCIIInt-EraseBytes-
#120840	REDUCE cov: 9208 ft: 57753 corp: 2270/45Mb lim: 65536 exec/s: 457 rss: 485Mb L: 14542/65536 MS: 3 InsertByte-ChangeBinInt-EraseBytes-
#120842	REDUCE cov: 9208 ft: 57753 corp: 2270/45Mb lim: 65536 exec/s: 457 rss: 485Mb L: 319/65536 MS: 2 ChangeBinInt-EraseBytes-
#120851	REDUCE cov: 9208 ft: 57753 corp: 2270/45Mb lim: 65536 exec/s: 457 rss: 485Mb L: 228/65536 MS: 4 CMP-ChangeBit-ChangeBinInt-EraseBytes- DE: "&right"-
#120894	REDUCE cov: 9208 ft: 57753 corp: 2270/45Mb lim: 65536 exec/s: 457 rss: 485Mb L: 46596/65536 MS: 3 CrossOver-EraseBytes-ChangeByte-
#120917	NEW    cov: 9208 ft: 57774 corp: 2271/45Mb lim: 65536 exec/s: 458 rss: 485Mb L: 42886/65536 MS: 3 CrossOver-CopyPart-CopyPart-
#120934	NEW    cov: 9208 ft: 57775 corp: 2272/45Mb lim: 65536 exec/s: 458 rss: 485Mb L: 80/65536 MS: 2 ChangeBit-EraseBytes-
#120956	REDUCE cov: 9208 ft: 57775 corp: 2272/45Mb lim: 65536 exec/s: 458 rss: 485Mb L: 30295/65536 MS: 2 ChangeBinInt-EraseBytes-
#120999	REDUCE cov: 9208 ft: 57775 corp: 2272/45Mb lim: 65536 exec/s: 458 rss: 485Mb L: 2576/65536 MS: 3 ChangeBinInt-CMP-EraseBytes- DE: "\020%"-
#121014	REDUCE cov: 9208 ft: 57775 corp: 2272/45Mb lim: 65536 exec/s: 458 rss: 485Mb L: 25413/65536 MS: 5 CrossOver-PersAutoDict-CopyPart-ChangeBinInt-EraseBytes- DE: "`)`"-
#121045	REDUCE cov: 9208 ft: 57775 corp: 2272/45Mb lim: 65536 exec/s: 458 rss: 485Mb L: 46510/65536 MS: 1 EraseBytes-
#121110	REDUCE cov: 9208 ft: 57775 corp: 2272/45Mb lim: 65536 exec/s: 457 rss: 485Mb L: 8642/65536 MS: 5 InsertRepeatedBytes-ChangeASCIIInt-ShuffleBytes-ShuffleBytes-EraseBytes-
#121125	REDUCE cov: 9208 ft: 57775 corp: 2272/45Mb lim: 65536 exec/s: 457 rss: 485Mb L: 12460/65536 MS: 5 PersAutoDict-CMP-ChangeBit-ChangeBinInt-EraseBytes- DE: "\376\230]\000\260b\000\000"-"\036\000"-
#121247	REDUCE cov: 9208 ft: 57778 corp: 2273/45Mb lim: 65536 exec/s: 457 rss: 485Mb L: 9298/65536 MS: 2 CrossOver-CopyPart-
#121300	REDUCE cov: 9208 ft: 57778 corp: 2273/45Mb lim: 65536 exec/s: 457 rss: 485Mb L: 6592/65536 MS: 3 ChangeBinInt-CrossOver-EraseBytes-
#121307	REDUCE cov: 9208 ft: 57778 corp: 2273/45Mb lim: 65536 exec/s: 457 rss: 485Mb L: 36552/65536 MS: 2 InsertByte-EraseBytes-
#121334	REDUCE cov: 9208 ft: 57778 corp: 2273/45Mb lim: 65536 exec/s: 457 rss: 485Mb L: 24526/65536 MS: 2 InsertRepeatedBytes-EraseBytes-
#121341	REDUCE cov: 9208 ft: 57778 corp: 2273/45Mb lim: 65536 exec/s: 457 rss: 485Mb L: 19490/65536 MS: 2 ChangeByte-EraseBytes-
#121357	REDUCE cov: 9208 ft: 57778 corp: 2273/45Mb lim: 65536 exec/s: 457 rss: 485Mb L: 29621/65536 MS: 1 EraseBytes-
#121472	REDUCE cov: 9209 ft: 57779 corp: 2274/45Mb lim: 65536 exec/s: 458 rss: 485Mb L: 2344/65536 MS: 5 ChangeByte-CrossOver-EraseBytes-EraseBytes-EraseBytes-
#121555	REDUCE cov: 9209 ft: 57779 corp: 2274/45Mb lim: 65536 exec/s: 458 rss: 485Mb L: 4773/65536 MS: 3 ShuffleBytes-InsertRepeatedBytes-EraseBytes-
#121558	REDUCE cov: 9209 ft: 57779 corp: 2274/45Mb lim: 65536 exec/s: 458 rss: 485Mb L: 36037/65536 MS: 3 InsertByte-ChangeBinInt-EraseBytes-
#121570	REDUCE cov: 9209 ft: 57779 corp: 2274/45Mb lim: 65536 exec/s: 458 rss: 485Mb L: 22512/65536 MS: 2 ChangeBinInt-EraseBytes-
#121573	REDUCE cov: 9209 ft: 57779 corp: 2274/45Mb lim: 65536 exec/s: 458 rss: 485Mb L: 784/65536 MS: 3 CMP-CopyPart-EraseBytes- DE: "\3329\310\000\240b\000\000"-
#121630	REDUCE cov: 9209 ft: 57779 corp: 2274/45Mb lim: 65536 exec/s: 457 rss: 485Mb L: 8018/65536 MS: 2 ShuffleBytes-EraseBytes-
#121644	REDUCE cov: 9209 ft: 57781 corp: 2275/45Mb lim: 65536 exec/s: 457 rss: 485Mb L: 64492/65536 MS: 4 ChangeASCIIInt-ShuffleBytes-CrossOver-CrossOver-
#121696	REDUCE cov: 9209 ft: 57781 corp: 2275/45Mb lim: 65536 exec/s: 457 rss: 485Mb L: 252/65536 MS: 2 ChangeByte-EraseBytes-
#121713	REDUCE cov: 9209 ft: 57781 corp: 2275/45Mb lim: 65536 exec/s: 457 rss: 485Mb L: 9073/65536 MS: 2 ChangeASCIIInt-EraseBytes-
#121744	REDUCE cov: 9209 ft: 57781 corp: 2275/45Mb lim: 65536 exec/s: 457 rss: 485Mb L: 104/65536 MS: 1 EraseBytes-
#121745	REDUCE cov: 9209 ft: 57781 corp: 2275/45Mb lim: 65536 exec/s: 457 rss: 485Mb L: 21606/65536 MS: 1 EraseBytes-
#121752	REDUCE cov: 9209 ft: 57781 corp: 2275/45Mb lim: 65536 exec/s: 457 rss: 485Mb L: 19660/65536 MS: 2 ChangeByte-EraseBytes-
#121753	REDUCE cov: 9209 ft: 57781 corp: 2275/45Mb lim: 65536 exec/s: 457 rss: 485Mb L: 1509/65536 MS: 1 EraseBytes-
#121781	REDUCE cov: 9209 ft: 57781 corp: 2275/45Mb lim: 65536 exec/s: 457 rss: 485Mb L: 14108/65536 MS: 3 ChangeBinInt-CrossOver-EraseBytes-
#121822	REDUCE cov: 9209 ft: 57781 corp: 2275/45Mb lim: 65536 exec/s: 457 rss: 485Mb L: 25591/65536 MS: 1 EraseBytes-
#121961	REDUCE cov: 9209 ft: 57781 corp: 2275/45Mb lim: 65536 exec/s: 458 rss: 485Mb L: 36302/65536 MS: 4 InsertRepeatedBytes-ChangeASCIIInt-CMP-CrossOver- DE: "&DifferentialD;"-
#121987	REDUCE cov: 9209 ft: 57781 corp: 2275/45Mb lim: 65536 exec/s: 458 rss: 485Mb L: 31892/65536 MS: 1 EraseBytes-
#122074	REDUCE cov: 9209 ft: 57781 corp: 2275/45Mb lim: 65536 exec/s: 457 rss: 485Mb L: 16088/65536 MS: 2 ChangeBinInt-EraseBytes-
#122085	REDUCE cov: 9209 ft: 57781 corp: 2275/45Mb lim: 65536 exec/s: 457 rss: 485Mb L: 12281/65536 MS: 1 EraseBytes-
#122138	REDUCE cov: 9209 ft: 57781 corp: 2275/45Mb lim: 65536 exec/s: 457 rss: 485Mb L: 19437/65536 MS: 3 PersAutoDict-ChangeByte-EraseBytes- DE: "block"-
#122174	NEW    cov: 9209 ft: 57829 corp: 2276/45Mb lim: 65536 exec/s: 457 rss: 485Mb L: 38556/65536 MS: 1 CopyPart-
#122203	REDUCE cov: 9209 ft: 57829 corp: 2276/45Mb lim: 65536 exec/s: 457 rss: 485Mb L: 9589/65536 MS: 4 ChangeByte-ChangeBinInt-ChangeASCIIInt-EraseBytes-
#122207	REDUCE cov: 9209 ft: 57831 corp: 2277/45Mb lim: 65536 exec/s: 457 rss: 485Mb L: 64968/65536 MS: 4 ChangeByte-InsertByte-ShuffleBytes-CopyPart-
#122288	REDUCE cov: 9209 ft: 57831 corp: 2277/45Mb lim: 65536 exec/s: 458 rss: 485Mb L: 4515/65536 MS: 1 CrossOver-
#122289	REDUCE cov: 9209 ft: 57832 corp: 2278/45Mb lim: 65536 exec/s: 458 rss: 485Mb L: 34371/65536 MS: 1 CopyPart-
#122381	REDUCE cov: 9209 ft: 57832 corp: 2278/45Mb lim: 65536 exec/s: 458 rss: 485Mb L: 3742/65536 MS: 2 InsertByte-EraseBytes-
#122382	REDUCE cov: 9209 ft: 57832 corp: 2278/45Mb lim: 65536 exec/s: 458 rss: 485Mb L: 187/65536 MS: 1 EraseBytes-
#122427	REDUCE cov: 9209 ft: 57832 corp: 2278/45Mb lim: 65536 exec/s: 458 rss: 485Mb L: 18198/65536 MS: 5 ChangeASCIIInt-ChangeByte-ShuffleBytes-CMP-EraseBytes- DE: "&copy;"-
#122440	REDUCE cov: 9209 ft: 57832 corp: 2278/45Mb lim: 65536 exec/s: 458 rss: 485Mb L: 2403/65536 MS: 3 InsertRepeatedBytes-ChangeBinInt-EraseBytes-
#122586	REDUCE cov: 9209 ft: 57832 corp: 2278/45Mb lim: 65536 exec/s: 459 rss: 485Mb L: 11818/65536 MS: 1 EraseBytes-
#122683	REDUCE cov: 9209 ft: 57832 corp: 2278/45Mb lim: 65536 exec/s: 457 rss: 485Mb L: 18305/65536 MS: 2 ChangeByte-EraseBytes-
#122750	REDUCE cov: 9209 ft: 57832 corp: 2278/45Mb lim: 65536 exec/s: 458 rss: 485Mb L: 7097/65536 MS: 2 PersAutoDict-EraseBytes- DE: "\000\000b\300\001\266qM"-
#122799	REDUCE cov: 9209 ft: 57832 corp: 2278/45Mb lim: 65536 exec/s: 458 rss: 485Mb L: 17272/65536 MS: 4 ChangeASCIIInt-ChangeBit-InsertByte-CrossOver-
#122850	REDUCE cov: 9209 ft: 57832 corp: 2278/45Mb lim: 65536 exec/s: 458 rss: 485Mb L: 469/65536 MS: 1 EraseBytes-
#122857	NEW    cov: 9209 ft: 57854 corp: 2279/45Mb lim: 65536 exec/s: 458 rss: 485Mb L: 15015/65536 MS: 2 CopyPart-CopyPart-
#122858	REDUCE cov: 9209 ft: 57854 corp: 2279/45Mb lim: 65536 exec/s: 458 rss: 485Mb L: 2818/65536 MS: 1 EraseBytes-
#122871	REDUCE cov: 9209 ft: 57854 corp: 2279/45Mb lim: 65536 exec/s: 458 rss: 485Mb L: 10318/65536 MS: 3 ChangeBit-ChangeASCIIInt-EraseBytes-
#122874	REDUCE cov: 9209 ft: 57854 corp: 2279/45Mb lim: 65536 exec/s: 458 rss: 485Mb L: 45054/65536 MS: 3 ChangeASCIIInt-ShuffleBytes-EraseBytes-
#122958	REDUCE cov: 9209 ft: 57854 corp: 2279/45Mb lim: 65536 exec/s: 458 rss: 485Mb L: 4971/65536 MS: 4 CopyPart-ChangeBit-PersAutoDict-EraseBytes- DE: "\260{'\001\340b\000\000"-
#122967	REDUCE cov: 9209 ft: 57854 corp: 2279/45Mb lim: 65536 exec/s: 458 rss: 485Mb L: 1520/65536 MS: 4 InsertByte-ChangeASCIIInt-ChangeBit-EraseBytes-
#123007	REDUCE cov: 9209 ft: 57854 corp: 2279/45Mb lim: 65536 exec/s: 458 rss: 485Mb L: 10809/65536 MS: 5 CopyPart-CMP-ChangeBit-ShuffleBytes-EraseBytes- DE: "\377\377a\220\0023\275\302"-
#123008	REDUCE cov: 9209 ft: 57854 corp: 2279/45Mb lim: 65536 exec/s: 458 rss: 485Mb L: 140/65536 MS: 1 EraseBytes-
#123061	REDUCE cov: 9209 ft: 57854 corp: 2279/45Mb lim: 65536 exec/s: 457 rss: 485Mb L: 20691/65536 MS: 3 InsertRepeatedBytes-CrossOver-EraseBytes-
#123104	REDUCE cov: 9209 ft: 57854 corp: 2279/45Mb lim: 65536 exec/s: 457 rss: 485Mb L: 4921/65536 MS: 3 PersAutoDict-InsertByte-EraseBytes- DE: "ion"-
#123114	REDUCE cov: 9209 ft: 57854 corp: 2279/45Mb lim: 65536 exec/s: 457 rss: 485Mb L: 797/65536 MS: 5 PersAutoDict-CMP-InsertRepeatedBytes-InsertRepeatedBytes-EraseBytes- DE: "KXQ\000\360b\000\000"-"&amp;"-
#123161	REDUCE cov: 9209 ft: 57854 corp: 2279/45Mb lim: 65536 exec/s: 457 rss: 485Mb L: 29689/65536 MS: 2 CrossOver-EraseBytes-
#123173	REDUCE cov: 9209 ft: 57854 corp: 2279/45Mb lim: 65536 exec/s: 457 rss: 485Mb L: 30300/65536 MS: 2 CMP-EraseBytes- DE: "\001\000\000\003"-
#123175	REDUCE cov: 9209 ft: 57862 corp: 2280/45Mb lim: 65536 exec/s: 457 rss: 485Mb L: 48726/65536 MS: 2 ChangeBinInt-CrossOver-
#123210	REDUCE cov: 9209 ft: 57862 corp: 2280/45Mb lim: 65536 exec/s: 458 rss: 485Mb L: 26680/65536 MS: 5 ChangeBit-PersAutoDict-InsertByte-CopyPart-EraseBytes- DE: "\023\000\000\000"-
#123244	REDUCE cov: 9209 ft: 57862 corp: 2280/45Mb lim: 65536 exec/s: 458 rss: 485Mb L: 60242/65536 MS: 4 ChangeBit-InsertRepeatedBytes-ChangeBinInt-EraseBytes-
#123277	REDUCE cov: 9209 ft: 57862 corp: 2280/45Mb lim: 65536 exec/s: 458 rss: 485Mb L: 1355/65536 MS: 3 ChangeBinInt-ChangeBinInt-EraseBytes-
#123295	REDUCE cov: 9209 ft: 57862 corp: 2280/45Mb lim: 65536 exec/s: 458 rss: 485Mb L: 5443/65536 MS: 3 CopyPart-ChangeASCIIInt-EraseBytes-
#123312	REDUCE cov: 9209 ft: 57862 corp: 2280/45Mb lim: 65536 exec/s: 458 rss: 485Mb L: 174/65536 MS: 2 InsertByte-EraseBytes-
#123320	REDUCE cov: 9209 ft: 57862 corp: 2280/45Mb lim: 65536 exec/s: 458 rss: 485Mb L: 14285/65536 MS: 3 ChangeASCIIInt-ChangeByte-EraseBytes-
#123332	REDUCE cov: 9209 ft: 57862 corp: 2280/45Mb lim: 65536 exec/s: 458 rss: 485Mb L: 10900/65536 MS: 2 CMP-EraseBytes- DE: "igs"-
#123409	REDUCE cov: 9209 ft: 57862 corp: 2280/45Mb lim: 65536 exec/s: 458 rss: 485Mb L: 23187/65536 MS: 2 InsertRepeatedBytes-EraseBytes-
#123430	REDUCE cov: 9209 ft: 57862 corp: 2280/45Mb lim: 65536 exec/s: 458 rss: 485Mb L: 3914/65536 MS: 1 EraseBytes-
#123530	REDUCE cov: 9209 ft: 57862 corp: 2280/45Mb lim: 65536 exec/s: 459 rss: 485Mb L: 16940/65536 MS: 5 ShuffleBytes-ChangeBit-InsertRepeatedBytes-InsertByte-EraseBytes-
#123587	NEW    cov: 9209 ft: 57864 corp: 2281/45Mb lim: 65536 exec/s: 457 rss: 485Mb L: 62266/65536 MS: 2 ChangeByte-CopyPart-
#123616	REDUCE cov: 9209 ft: 57864 corp: 2281/45Mb lim: 65536 exec/s: 457 rss: 485Mb L: 5456/65536 MS: 4 InsertByte-ChangeASCIIInt-CMP-EraseBytes- DE: "\000\000\000\000\000\000\000\000"-
#123635	REDUCE cov: 9209 ft: 57865 corp: 2282/45Mb lim: 65536 exec/s: 457 rss: 485Mb L: 209/65536 MS: 4 PersAutoDict-ChangeByte-InsertRepeatedBytes-CopyPart- DE: "ions"-
#123661	REDUCE cov: 9209 ft: 57865 corp: 2282/45Mb lim: 65536 exec/s: 458 rss: 485Mb L: 1012/65536 MS: 1 EraseBytes-
#123781	REDUCE cov: 9209 ft: 57865 corp: 2282/45Mb lim: 65536 exec/s: 458 rss: 485Mb L: 16280/65536 MS: 5 ChangeASCIIInt-CMP-InsertByte-InsertRepeatedBytes-EraseBytes- DE: "&hba"-
#123812	REDUCE cov: 9209 ft: 57865 corp: 2282/45Mb lim: 65536 exec/s: 458 rss: 485Mb L: 1260/65536 MS: 1 EraseBytes-
#123844	REDUCE cov: 9209 ft: 57865 corp: 2282/45Mb lim: 65536 exec/s: 458 rss: 485Mb L: 31980/65536 MS: 2 ShuffleBytes-EraseBytes-
#123850	REDUCE cov: 9209 ft: 57865 corp: 2282/45Mb lim: 65536 exec/s: 458 rss: 485Mb L: 18720/65536 MS: 1 EraseBytes-
#123948	REDUCE cov: 9209 ft: 57865 corp: 2282/45Mb lim: 65536 exec/s: 459 rss: 485Mb L: 34377/65536 MS: 3 ChangeByte-ChangeBinInt-EraseBytes-
#123973	REDUCE cov: 9209 ft: 57865 corp: 2282/45Mb lim: 65536 exec/s: 459 rss: 485Mb L: 49107/65536 MS: 5 InsertByte-CopyPart-ChangeBit-CMP-EraseBytes- DE: "\000\000\000\000\000\000\000\000"-
#123979	REDUCE cov: 9209 ft: 57865 corp: 2282/45Mb lim: 65536 exec/s: 459 rss: 485Mb L: 10400/65536 MS: 1 EraseBytes-
#123990	REDUCE cov: 9209 ft: 57865 corp: 2282/45Mb lim: 65536 exec/s: 459 rss: 485Mb L: 24572/65536 MS: 1 EraseBytes-
#124036	REDUCE cov: 9209 ft: 57865 corp: 2282/45Mb lim: 65536 exec/s: 457 rss: 485Mb L: 2313/65536 MS: 1 EraseBytes-
#124045	NEW    cov: 9209 ft: 57871 corp: 2283/45Mb lim: 65536 exec/s: 457 rss: 485Mb L: 25801/65536 MS: 4 ChangeBinInt-PersAutoDict-ShuffleBytes-CopyPart- DE: "\377\377a\260\000^\352q"-
#124055	REDUCE cov: 9209 ft: 57871 corp: 2283/45Mb lim: 65536 exec/s: 457 rss: 485Mb L: 1178/65536 MS: 5 CMP-ChangeBit-ChangeASCIIInt-PersAutoDict-EraseBytes- DE: "/\000"-"\000\000b\300\000rp\353"-
#124113	NEW    cov: 9209 ft: 57873 corp: 2284/45Mb lim: 65536 exec/s: 457 rss: 485Mb L: 21955/65536 MS: 3 ChangeBit-CrossOver-CrossOver-
#124128	REDUCE cov: 9209 ft: 57873 corp: 2284/45Mb lim: 65536 exec/s: 458 rss: 485Mb L: 9355/65536 MS: 5 ChangeByte-ChangeBinInt-InsertByte-CrossOver-EraseBytes-
#124130	REDUCE cov: 9209 ft: 57873 corp: 2284/45Mb lim: 65536 exec/s: 458 rss: 485Mb L: 6469/65536 MS: 2 CrossOver-EraseBytes-
#124148	REDUCE cov: 9209 ft: 57873 corp: 2284/45Mb lim: 65536 exec/s: 458 rss: 485Mb L: 2705/65536 MS: 3 ShuffleBytes-InsertRepeatedBytes-EraseBytes-
#124165	REDUCE cov: 9209 ft: 57873 corp: 2284/45Mb lim: 65536 exec/s: 458 rss: 485Mb L: 32409/65536 MS: 2 ChangeBit-EraseBytes-
#124201	REDUCE cov: 9209 ft: 57873 corp: 2284/45Mb lim: 65536 exec/s: 458 rss: 485Mb L: 400/65536 MS: 1 EraseBytes-
#124249	REDUCE cov: 9209 ft: 57873 corp: 2284/45Mb lim: 65536 exec/s: 458 rss: 485Mb L: 21582/65536 MS: 3 ChangeBit-ShuffleBytes-EraseBytes-
#124270	REDUCE cov: 9209 ft: 57873 corp: 2284/45Mb lim: 65536 exec/s: 458 rss: 485Mb L: 1508/65536 MS: 1 EraseBytes-
#124322	REDUCE cov: 9209 ft: 57873 corp: 2284/45Mb lim: 65536 exec/s: 458 rss: 485Mb L: 10894/65536 MS: 2 ChangeBinInt-EraseBytes-
#124333	NEW    cov: 9209 ft: 57883 corp: 2285/45Mb lim: 65536 exec/s: 458 rss: 485Mb L: 18457/65536 MS: 1 CopyPart-
#124353	REDUCE cov: 9209 ft: 57883 corp: 2285/45Mb lim: 65536 exec/s: 458 rss: 485Mb L: 32466/65536 MS: 5 InsertRepeatedBytes-ChangeBit-CMP-ChangeByte-EraseBytes- DE: "http"-
#124376	REDUCE cov: 9209 ft: 57909 corp: 2286/45Mb lim: 65536 exec/s: 458 rss: 485Mb L: 41016/65536 MS: 3 InsertRepeatedBytes-InsertByte-CopyPart-
#124381	REDUCE cov: 9209 ft: 57909 corp: 2286/45Mb lim: 65536 exec/s: 458 rss: 485Mb L: 935/65536 MS: 5 InsertRepeatedBytes-InsertRepeatedBytes-PersAutoDict-ChangeByte-EraseBytes- DE: "\000\000\000\000"-
#124392	REDUCE cov: 9209 ft: 57909 corp: 2286/45Mb lim: 65536 exec/s: 459 rss: 485Mb L: 23002/65536 MS: 1 EraseBytes-
#124405	REDUCE cov: 9209 ft: 57926 corp: 2287/45Mb lim: 65536 exec/s: 459 rss: 485Mb L: 53740/65536 MS: 3 CMP-ChangeBinInt-CopyPart- DE: "\377\377~\376\266g\276L"-
#124456	REDUCE cov: 9209 ft: 57926 corp: 2287/45Mb lim: 65536 exec/s: 459 rss: 485Mb L: 19274/65536 MS: 1 EraseBytes-
#124481	REDUCE cov: 9209 ft: 57926 corp: 2287/45Mb lim: 65536 exec/s: 459 rss: 485Mb L: 15745/65536 MS: 5 ShuffleBytes-ChangeByte-InsertRepeatedBytes-ChangeBinInt-EraseBytes-
#124540	NEW    cov: 9209 ft: 57930 corp: 2288/45Mb lim: 65536 exec/s: 457 rss: 485Mb L: 35301/65536 MS: 4 ChangeBinInt-InsertRepeatedBytes-InsertRepeatedBytes-CopyPart-
#124572	REDUCE cov: 9209 ft: 57930 corp: 2288/45Mb lim: 65536 exec/s: 457 rss: 485Mb L: 25864/65536 MS: 2 CopyPart-EraseBytes-
#124591	REDUCE cov: 9209 ft: 57931 corp: 2289/45Mb lim: 65536 exec/s: 458 rss: 485Mb L: 34086/65536 MS: 4 ChangeASCIIInt-PersAutoDict-PersAutoDict-ShuffleBytes- DE: "&gnapprox;"-"F\266\035\000\260b\000\000"-
#124609	REDUCE cov: 9209 ft: 57931 corp: 2289/45Mb lim: 65536 exec/s: 458 rss: 485Mb L: 25245/65536 MS: 3 InsertByte-CMP-EraseBytes- DE: "\022\000\000\000"-
#124651	REDUCE cov: 9209 ft: 57931 corp: 2289/45Mb lim: 65536 exec/s: 458 rss: 485Mb L: 19658/65536 MS: 2 ChangeBit-EraseBytes-
#124677	REDUCE cov: 9209 ft: 57931 corp: 2289/45Mb lim: 65536 exec/s: 458 rss: 485Mb L: 10507/65536 MS: 1 EraseBytes-
#124704	REDUCE cov: 9209 ft: 57939 corp: 2290/45Mb lim: 65536 exec/s: 458 rss: 485Mb L: 51248/65536 MS: 2 InsertRepeatedBytes-CopyPart-
#124708	REDUCE cov: 9209 ft: 57941 corp: 2291/45Mb lim: 65536 exec/s: 458 rss: 485Mb L: 41819/65536 MS: 4 CrossOver-ChangeASCIIInt-ChangeASCIIInt-CopyPart-
#124768	REDUCE cov: 9209 ft: 57941 corp: 2291/45Mb lim: 65536 exec/s: 458 rss: 485Mb L: 2841/65536 MS: 5 CMP-InsertRepeatedBytes-ChangeBinInt-ShuffleBytes-EraseBytes- DE: "\377\377a\240\000\027?\346"-
#124799	NEW    cov: 9209 ft: 57960 corp: 2292/46Mb lim: 65536 exec/s: 458 rss: 485Mb L: 31788/65536 MS: 1 CopyPart-
#124832	REDUCE cov: 9209 ft: 57960 corp: 2292/46Mb lim: 65536 exec/s: 458 rss: 485Mb L: 6643/65536 MS: 3 ChangeByte-ShuffleBytes-EraseBytes-
#124866	REDUCE cov: 9209 ft: 57960 corp: 2292/46Mb lim: 65536 exec/s: 459 rss: 485Mb L: 35867/65536 MS: 4 CMP-ChangeBit-PersAutoDict-EraseBytes- DE: "\000\021"-"\377\377a\300\001\331\002\010"-
#124870	REDUCE cov: 9209 ft: 57960 corp: 2292/46Mb lim: 65536 exec/s: 459 rss: 485Mb L: 931/65536 MS: 4 InsertRepeatedBytes-ChangeByte-ChangeASCIIInt-EraseBytes-
#124911	REDUCE cov: 9209 ft: 57960 corp: 2292/46Mb lim: 65536 exec/s: 459 rss: 485Mb L: 28962/65536 MS: 1 EraseBytes-
#125023	REDUCE cov: 9209 ft: 57960 corp: 2292/46Mb lim: 65536 exec/s: 457 rss: 485Mb L: 1952/65536 MS: 2 ChangeBinInt-EraseBytes-
#125097	REDUCE cov: 9209 ft: 57960 corp: 2292/46Mb lim: 65536 exec/s: 458 rss: 485Mb L: 3994/65536 MS: 4 PersAutoDict-PersAutoDict-ChangeASCIIInt-EraseBytes- DE: ";\177\000\000 a\000\000"-"\001\000bp\000g\001\273"-
#125136	REDUCE cov: 9209 ft: 57960 corp: 2292/46Mb lim: 65536 exec/s: 458 rss: 485Mb L: 5955/65536 MS: 4 CopyPart-ChangeBit-PersAutoDict-EraseBytes- DE: "\377\377~\376\266g\275\330"-
#125172	REDUCE cov: 9209 ft: 57960 corp: 2292/46Mb lim: 65536 exec/s: 458 rss: 485Mb L: 31749/65536 MS: 1 EraseBytes-
#125193	NEW    cov: 9209 ft: 57962 corp: 2293/46Mb lim: 65536 exec/s: 458 rss: 485Mb L: 7686/65536 MS: 1 ChangeBit-
#125273	REDUCE cov: 9209 ft: 57962 corp: 2293/46Mb lim: 65536 exec/s: 458 rss: 485Mb L: 32367/65536 MS: 5 CopyPart-InsertRepeatedBytes-ChangeBit-CMP-EraseBytes- DE: "\000\000\367\303"-
#125282	REDUCE cov: 9209 ft: 57962 corp: 2293/46Mb lim: 65536 exec/s: 458 rss: 485Mb L: 8698/65536 MS: 4 InsertRepeatedBytes-ChangeBinInt-ShuffleBytes-EraseBytes-
#125325	REDUCE cov: 9209 ft: 57962 corp: 2293/46Mb lim: 65536 exec/s: 459 rss: 485Mb L: 1253/65536 MS: 3 ChangeBit-ChangeByte-EraseBytes-
#125346	REDUCE cov: 9209 ft: 57962 corp: 2293/45Mb lim: 65536 exec/s: 459 rss: 485Mb L: 27018/65536 MS: 1 CrossOver-
#125347	REDUCE cov: 9209 ft: 57962 corp: 2293/45Mb lim: 65536 exec/s: 459 rss: 485Mb L: 28194/65536 MS: 1 EraseBytes-
#125356	REDUCE cov: 9209 ft: 57963 corp: 2294/46Mb lim: 65536 exec/s: 459 rss: 485Mb L: 15720/65536 MS: 4 ChangeBit-PersAutoDict-CrossOver-CrossOver- DE: "\3770"-
#125449	REDUCE cov: 9209 ft: 57963 corp: 2294/46Mb lim: 65536 exec/s: 459 rss: 485Mb L: 328/65536 MS: 3 ChangeByte-InsertByte-EraseBytes-
#125458	REDUCE cov: 9209 ft: 57971 corp: 2295/46Mb lim: 65536 exec/s: 459 rss: 485Mb L: 12262/65536 MS: 4 InsertRepeatedBytes-ChangeASCIIInt-ChangeBit-CopyPart-
#125464	NEW    cov: 9209 ft: 57972 corp: 2296/46Mb lim: 65536 exec/s: 459 rss: 485Mb L: 28753/65536 MS: 1 CopyPart-
#125486	REDUCE cov: 9209 ft: 57972 corp: 2296/46Mb lim: 65536 exec/s: 457 rss: 485Mb L: 1525/65536 MS: 2 InsertByte-EraseBytes-
#125535	REDUCE cov: 9209 ft: 57972 corp: 2296/46Mb lim: 65536 exec/s: 458 rss: 485Mb L: 2267/65536 MS: 4 ChangeBinInt-ChangeBinInt-CopyPart-EraseBytes-
#125543	REDUCE cov: 9209 ft: 57975 corp: 2297/46Mb lim: 65536 exec/s: 458 rss: 485Mb L: 15660/65536 MS: 3 InsertRepeatedBytes-ChangeBinInt-CopyPart-
#125559	NEW    cov: 9209 ft: 57983 corp: 2298/46Mb lim: 65536 exec/s: 458 rss: 485Mb L: 268/65536 MS: 1 InsertByte-
#125567	REDUCE cov: 9209 ft: 57983 corp: 2298/46Mb lim: 65536 exec/s: 458 rss: 485Mb L: 1357/65536 MS: 3 PersAutoDict-PersAutoDict-EraseBytes- DE: "&gnapprox;"-"G,B\000`b\000\000"-
#125648	REDUCE cov: 9209 ft: 57983 corp: 2298/46Mb lim: 65536 exec/s: 458 rss: 485Mb L: 8731/65536 MS: 1 EraseBytes-
#125668	REDUCE cov: 9209 ft: 57983 corp: 2298/46Mb lim: 65536 exec/s: 458 rss: 485Mb L: 34482/65536 MS: 5 ChangeBinInt-ShuffleBytes-PersAutoDict-CMP-EraseBytes- DE: "\001?"-"\001\000\0005"-
#125679	REDUCE cov: 9209 ft: 57983 corp: 2298/46Mb lim: 65536 exec/s: 458 rss: 485Mb L: 6399/65536 MS: 1 EraseBytes-
#125753	REDUCE cov: 9209 ft: 57983 corp: 2298/46Mb lim: 65536 exec/s: 458 rss: 485Mb L: 17238/65536 MS: 4 PersAutoDict-CopyPart-InsertRepeatedBytes-EraseBytes- DE: "\027\373\000\000"-
#125799	REDUCE cov: 9209 ft: 57983 corp: 2298/46Mb lim: 65536 exec/s: 459 rss: 485Mb L: 35055/65536 MS: 1 EraseBytes-
#125829	REDUCE cov: 9209 ft: 57983 corp: 2298/46Mb lim: 65536 exec/s: 459 rss: 485Mb L: 5603/65536 MS: 5 InsertRepeatedBytes-ChangeASCIIInt-ChangeBit-InsertByte-EraseBytes-
#125851	REDUCE cov: 9209 ft: 57983 corp: 2298/46Mb lim: 65536 exec/s: 459 rss: 485Mb L: 2379/65536 MS: 2 CrossOver-EraseBytes-
#125937	REDUCE cov: 9209 ft: 57983 corp: 2298/46Mb lim: 65536 exec/s: 459 rss: 485Mb L: 1170/65536 MS: 1 EraseBytes-
#126028	REDUCE cov: 9209 ft: 57983 corp: 2298/46Mb lim: 65536 exec/s: 459 rss: 485Mb L: 3979/65536 MS: 1 EraseBytes-
#126045	REDUCE cov: 9209 ft: 57983 corp: 2298/46Mb lim: 65536 exec/s: 460 rss: 485Mb L: 5240/65536 MS: 2 ChangeByte-EraseBytes-
#126046	REDUCE cov: 9209 ft: 57983 corp: 2298/46Mb lim: 65536 exec/s: 460 rss: 485Mb L: 32644/65536 MS: 1 EraseBytes-
#126051	NEW    cov: 9209 ft: 57984 corp: 2299/46Mb lim: 65536 exec/s: 460 rss: 485Mb L: 49824/65536 MS: 5 ChangeBit-EraseBytes-PersAutoDict-InsertRepeatedBytes-CopyPart- DE: "\001\000a\220\000\032\015\220"-
#126055	REDUCE cov: 9209 ft: 57984 corp: 2299/46Mb lim: 65536 exec/s: 458 rss: 485Mb L: 14478/65536 MS: 4 CMP-ChangeASCIIInt-CopyPart-EraseBytes- DE: "www"-
#126081	REDUCE cov: 9209 ft: 57984 corp: 2299/46Mb lim: 65536 exec/s: 458 rss: 485Mb L: 11085/65536 MS: 1 EraseBytes-
#126089	REDUCE cov: 9209 ft: 57984 corp: 2299/46Mb lim: 65536 exec/s: 458 rss: 485Mb L: 1647/65536 MS: 3 InsertRepeatedBytes-ChangeBit-EraseBytes-
#126101	REDUCE cov: 9209 ft: 57984 corp: 2299/46Mb lim: 65536 exec/s: 458 rss: 485Mb L: 55090/65536 MS: 2 ChangeByte-EraseBytes-
#126115	REDUCE cov: 9209 ft: 57984 corp: 2299/46Mb lim: 65536 exec/s: 458 rss: 485Mb L: 40299/65536 MS: 4 CrossOver-CopyPart-ChangeByte-EraseBytes-
#126140	REDUCE cov: 9209 ft: 57984 corp: 2299/46Mb lim: 65536 exec/s: 458 rss: 485Mb L: 1076/65536 MS: 5 ShuffleBytes-CMP-ChangeASCIIInt-InsertRepeatedBytes-EraseBytes- DE: "\000\000\000\000\000\000\000\000"-
#126144	REDUCE cov: 9209 ft: 57984 corp: 2299/46Mb lim: 65536 exec/s: 458 rss: 485Mb L: 461/65536 MS: 4 ChangeASCIIInt-ChangeASCIIInt-CrossOver-EraseBytes-
#126150	REDUCE cov: 9209 ft: 57984 corp: 2299/46Mb lim: 65536 exec/s: 458 rss: 485Mb L: 23076/65536 MS: 1 EraseBytes-
#126161	REDUCE cov: 9209 ft: 57984 corp: 2299/46Mb lim: 65536 exec/s: 458 rss: 485Mb L: 241/65536 MS: 1 EraseBytes-
#126201	REDUCE cov: 9209 ft: 57984 corp: 2299/46Mb lim: 65536 exec/s: 458 rss: 485Mb L: 3314/65536 MS: 5 CMP-CMP-ChangeBit-CopyPart-EraseBytes- DE: "&copy;"-"<nd relea"-
#126205	REDUCE cov: 9209 ft: 57984 corp: 2299/46Mb lim: 65536 exec/s: 458 rss: 485Mb L: 29166/65536 MS: 4 ChangeASCIIInt-CMP-ChangeASCIIInt-EraseBytes- DE: "\377\377\377G"-
#126211	REDUCE cov: 9209 ft: 57984 corp: 2299/46Mb lim: 65536 exec/s: 458 rss: 485Mb L: 13055/65536 MS: 1 EraseBytes-
#126215	REDUCE cov: 9209 ft: 57984 corp: 2299/46Mb lim: 65536 exec/s: 458 rss: 485Mb L: 9404/65536 MS: 4 ChangeBinInt-ChangeByte-CMP-EraseBytes- DE: "\001\000bp\000\345\340\216"-
#126217	REDUCE cov: 9209 ft: 57984 corp: 2299/46Mb lim: 65536 exec/s: 458 rss: 485Mb L: 595/65536 MS: 2 ChangeByte-EraseBytes-
#126248	REDUCE cov: 9209 ft: 57984 corp: 2299/46Mb lim: 65536 exec/s: 459 rss: 485Mb L: 37069/65536 MS: 1 EraseBytes-
#126277	REDUCE cov: 9209 ft: 57984 corp: 2299/46Mb lim: 65536 exec/s: 459 rss: 485Mb L: 10531/65536 MS: 4 InsertByte-ChangeASCIIInt-ChangeByte-EraseBytes-
#126316	REDUCE cov: 9209 ft: 57984 corp: 2299/46Mb lim: 65536 exec/s: 459 rss: 485Mb L: 4168/65536 MS: 4 ChangeBit-ChangeASCIIInt-PersAutoDict-EraseBytes- DE: "\036\356"-
#126339	REDUCE cov: 9209 ft: 57984 corp: 2299/46Mb lim: 65536 exec/s: 459 rss: 485Mb L: 15679/65536 MS: 3 PersAutoDict-PersAutoDict-EraseBytes- DE: "\037\000"-"\351\035,\000@b\000\000"-
#126367	REDUCE cov: 9209 ft: 57984 corp: 2299/46Mb lim: 65536 exec/s: 459 rss: 485Mb L: 1472/65536 MS: 3 ChangeASCIIInt-ShuffleBytes-EraseBytes-
#126388	REDUCE cov: 9209 ft: 57984 corp: 2299/46Mb lim: 65536 exec/s: 459 rss: 485Mb L: 17251/65536 MS: 1 EraseBytes-
#126459	REDUCE cov: 9209 ft: 57984 corp: 2299/46Mb lim: 65536 exec/s: 459 rss: 485Mb L: 2775/65536 MS: 1 EraseBytes-
#126511	REDUCE cov: 9209 ft: 57984 corp: 2299/46Mb lim: 65536 exec/s: 460 rss: 485Mb L: 5869/65536 MS: 2 ShuffleBytes-EraseBytes-
#126517	REDUCE cov: 9209 ft: 57984 corp: 2299/46Mb lim: 65536 exec/s: 460 rss: 485Mb L: 11431/65536 MS: 1 EraseBytes-
#126546	REDUCE cov: 9209 ft: 57984 corp: 2299/46Mb lim: 65536 exec/s: 458 rss: 485Mb L: 43454/65536 MS: 4 ChangeASCIIInt-CMP-ChangeBit-EraseBytes- DE: "\0015"-
#126572	REDUCE cov: 9209 ft: 57984 corp: 2299/46Mb lim: 65536 exec/s: 458 rss: 485Mb L: 39120/65536 MS: 1 EraseBytes-
#126755	REDUCE cov: 9209 ft: 57984 corp: 2299/46Mb lim: 65536 exec/s: 459 rss: 485Mb L: 31394/65536 MS: 3 PersAutoDict-CopyPart-EraseBytes- DE: "\000\000\000\000\000\000\000\000"-
#126784	REDUCE cov: 9209 ft: 57988 corp: 2300/46Mb lim: 65536 exec/s: 459 rss: 485Mb L: 3241/65536 MS: 4 ChangeBinInt-ChangeBinInt-InsertRepeatedBytes-CopyPart-
#126791	NEW    cov: 9209 ft: 58013 corp: 2301/46Mb lim: 65536 exec/s: 459 rss: 485Mb L: 40460/65536 MS: 2 CMP-CopyPart- DE: "http"-
#126796	REDUCE cov: 9209 ft: 58016 corp: 2302/46Mb lim: 65536 exec/s: 459 rss: 485Mb L: 25762/65536 MS: 5 CMP-ChangeByte-ChangeBinInt-ChangeBinInt-CopyPart- DE: "www"-
#126912	REDUCE cov: 9209 ft: 58016 corp: 2302/46Mb lim: 65536 exec/s: 459 rss: 485Mb L: 4857/65536 MS: 1 EraseBytes-
#126913	REDUCE cov: 9209 ft: 58016 corp: 2302/46Mb lim: 65536 exec/s: 459 rss: 485Mb L: 6021/65536 MS: 1 EraseBytes-
#126919	REDUCE cov: 9209 ft: 58016 corp: 2302/46Mb lim: 65536 exec/s: 459 rss: 485Mb L: 268/65536 MS: 1 EraseBytes-
#126931	REDUCE cov: 9209 ft: 58016 corp: 2302/46Mb lim: 65536 exec/s: 459 rss: 485Mb L: 20498/65536 MS: 2 ChangeBit-EraseBytes-
#126972	REDUCE cov: 9209 ft: 58016 corp: 2302/46Mb lim: 65536 exec/s: 460 rss: 485Mb L: 1632/65536 MS: 1 EraseBytes-
#126995	REDUCE cov: 9209 ft: 58016 corp: 2302/46Mb lim: 65536 exec/s: 460 rss: 485Mb L: 5915/65536 MS: 3 CrossOver-ChangeByte-EraseBytes-
#126999	REDUCE cov: 9209 ft: 58016 corp: 2302/46Mb lim: 65536 exec/s: 460 rss: 485Mb L: 55470/65536 MS: 4 ShuffleBytes-CrossOver-ChangeBinInt-EraseBytes-
#127035	REDUCE cov: 9209 ft: 58016 corp: 2302/46Mb lim: 65536 exec/s: 458 rss: 485Mb L: 5165/65536 MS: 1 EraseBytes-
#127046	REDUCE cov: 9210 ft: 58017 corp: 2303/46Mb lim: 65536 exec/s: 458 rss: 485Mb L: 8402/65536 MS: 1 PersAutoDict- DE: "\013\000\000\000"-
#127057	REDUCE cov: 9210 ft: 58017 corp: 2303/46Mb lim: 65536 exec/s: 458 rss: 485Mb L: 10427/65536 MS: 1 EraseBytes-
#127075	REDUCE cov: 9210 ft: 58017 corp: 2303/46Mb lim: 65536 exec/s: 458 rss: 485Mb L: 470/65536 MS: 3 InsertRepeatedBytes-ChangeASCIIInt-EraseBytes-
#127120	NEW    cov: 9210 ft: 58020 corp: 2304/46Mb lim: 65536 exec/s: 458 rss: 485Mb L: 9935/65536 MS: 5 ChangeByte-ChangeByte-PersAutoDict-ChangeASCIIInt-EraseBytes- DE: "\204\306x\000\260a\000\000"-
#127165	REDUCE cov: 9210 ft: 58020 corp: 2304/46Mb lim: 65536 exec/s: 459 rss: 485Mb L: 6410/65536 MS: 5 InsertByte-CopyPart-ChangeBit-ChangeASCIIInt-EraseBytes-
#127171	REDUCE cov: 9210 ft: 58020 corp: 2304/46Mb lim: 65536 exec/s: 459 rss: 485Mb L: 59769/65536 MS: 1 EraseBytes-
#127177	REDUCE cov: 9210 ft: 58020 corp: 2304/46Mb lim: 65536 exec/s: 459 rss: 485Mb L: 24422/65536 MS: 1 EraseBytes-
#127189	REDUCE cov: 9210 ft: 58020 corp: 2304/46Mb lim: 65536 exec/s: 459 rss: 485Mb L: 1716/65536 MS: 2 PersAutoDict-EraseBytes- DE: ".\000\000\000"-
#127260	REDUCE cov: 9210 ft: 58020 corp: 2304/46Mb lim: 65536 exec/s: 459 rss: 485Mb L: 2220/65536 MS: 1 EraseBytes-
#127274	REDUCE cov: 9210 ft: 58020 corp: 2304/46Mb lim: 65536 exec/s: 459 rss: 485Mb L: 16589/65536 MS: 4 ShuffleBytes-ChangeBinInt-CopyPart-EraseBytes-
#127305	REDUCE cov: 9210 ft: 58020 corp: 2304/46Mb lim: 65536 exec/s: 459 rss: 485Mb L: 10491/65536 MS: 1 EraseBytes-
#127308	REDUCE cov: 9210 ft: 58020 corp: 2304/46Mb lim: 65536 exec/s: 459 rss: 485Mb L: 18146/65536 MS: 3 CMP-PersAutoDict-EraseBytes- DE: "&\000"-"\001\013"-
#127362	REDUCE cov: 9210 ft: 58022 corp: 2305/46Mb lim: 65536 exec/s: 459 rss: 485Mb L: 48996/65536 MS: 4 InsertRepeatedBytes-PersAutoDict-ShuffleBytes-CopyPart- DE: "\000\000b\360\000\033\352\177"-
#127404	NEW    cov: 9210 ft: 58031 corp: 2306/46Mb lim: 65536 exec/s: 459 rss: 485Mb L: 1747/65536 MS: 2 EraseBytes-EraseBytes-
#127440	REDUCE cov: 9210 ft: 58031 corp: 2306/46Mb lim: 65536 exec/s: 460 rss: 485Mb L: 9931/65536 MS: 1 EraseBytes-
#127468	REDUCE cov: 9210 ft: 58031 corp: 2306/46Mb lim: 65536 exec/s: 460 rss: 485Mb L: 36858/65536 MS: 3 PersAutoDict-PersAutoDict-EraseBytes- DE: "]\361$\000\300b\000\000"-"&ouml;"-
#127577	NEW    cov: 9210 ft: 58032 corp: 2307/46Mb lim: 65536 exec/s: 458 rss: 485Mb L: 62025/65536 MS: 4 InsertByte-InsertByte-ShuffleBytes-CopyPart-
#127583	REDUCE cov: 9210 ft: 58032 corp: 2307/46Mb lim: 65536 exec/s: 458 rss: 485Mb L: 6317/65536 MS: 1 EraseBytes-
#127586	REDUCE cov: 9210 ft: 58032 corp: 2307/46Mb lim: 65536 exec/s: 458 rss: 485Mb L: 636/65536 MS: 3 CMP-InsertByte-EraseBytes- DE: "http"-
#127623	REDUCE cov: 9210 ft: 58032 corp: 2307/46Mb lim: 65536 exec/s: 459 rss: 485Mb L: 5679/65536 MS: 2 ShuffleBytes-EraseBytes-
#127626	REDUCE cov: 9210 ft: 58032 corp: 2307/46Mb lim: 65536 exec/s: 459 rss: 485Mb L: 5073/65536 MS: 3 ShuffleBytes-InsertRepeatedBytes-EraseBytes-
#127632	REDUCE cov: 9210 ft: 58033 corp: 2308/46Mb lim: 65536 exec/s: 459 rss: 485Mb L: 35393/65536 MS: 1 CopyPart-
#127706	REDUCE cov: 9210 ft: 58033 corp: 2308/46Mb lim: 65536 exec/s: 459 rss: 485Mb L: 11736/65536 MS: 4 InsertByte-PersAutoDict-ChangeBinInt-EraseBytes- DE: "<![CDATA["-
#127709	REDUCE cov: 9210 ft: 58033 corp: 2308/46Mb lim: 65536 exec/s: 459 rss: 485Mb L: 35254/65536 MS: 3 InsertByte-CMP-EraseBytes- DE: "ttps"-
#127726	REDUCE cov: 9210 ft: 58033 corp: 2308/46Mb lim: 65536 exec/s: 459 rss: 485Mb L: 8212/65536 MS: 2 CopyPart-EraseBytes-
#127782	REDUCE cov: 9210 ft: 58033 corp: 2308/46Mb lim: 65536 exec/s: 459 rss: 485Mb L: 6503/65536 MS: 1 EraseBytes-
#127847	REDUCE cov: 9210 ft: 58033 corp: 2308/46Mb lim: 65536 exec/s: 459 rss: 485Mb L: 34494/65536 MS: 5 ChangeByte-ChangeBit-CMP-EraseBytes-CopyPart- DE: "ftp"-
#127864	REDUCE cov: 9210 ft: 58033 corp: 2308/46Mb lim: 65536 exec/s: 459 rss: 485Mb L: 6419/65536 MS: 2 ShuffleBytes-EraseBytes-
#127906	REDUCE cov: 9210 ft: 58033 corp: 2308/46Mb lim: 65536 exec/s: 458 rss: 485Mb L: 4564/65536 MS: 2 ShuffleBytes-EraseBytes-
#128007	REDUCE cov: 9210 ft: 58033 corp: 2308/46Mb lim: 65536 exec/s: 458 rss: 485Mb L: 5116/65536 MS: 1 EraseBytes-
#128014	REDUCE cov: 9210 ft: 58033 corp: 2308/46Mb lim: 65536 exec/s: 458 rss: 485Mb L: 10489/65536 MS: 2 CMP-EraseBytes- DE: "\365\207\303\000\320b\000\000"-
#128023	REDUCE cov: 9210 ft: 58033 corp: 2308/46Mb lim: 65536 exec/s: 458 rss: 485Mb L: 13858/65536 MS: 4 InsertRepeatedBytes-ShuffleBytes-ShuffleBytes-EraseBytes-
#128038	REDUCE cov: 9210 ft: 58033 corp: 2308/46Mb lim: 65536 exec/s: 458 rss: 485Mb L: 868/65536 MS: 5 ChangeASCIIInt-ShuffleBytes-ChangeByte-ChangeBit-EraseBytes-
#128063	REDUCE cov: 9210 ft: 58035 corp: 2309/46Mb lim: 65536 exec/s: 459 rss: 485Mb L: 5850/65536 MS: 5 ChangeBinInt-ChangeBinInt-EraseBytes-CopyPart-CopyPart-
#128170	REDUCE cov: 9210 ft: 58035 corp: 2309/46Mb lim: 65536 exec/s: 459 rss: 485Mb L: 41589/65536 MS: 2 ChangeBinInt-EraseBytes-
#128173	REDUCE cov: 9210 ft: 58035 corp: 2309/46Mb lim: 65536 exec/s: 459 rss: 485Mb L: 38546/65536 MS: 3 InsertByte-ChangeBinInt-EraseBytes-
#128229	REDUCE cov: 9210 ft: 58035 corp: 2309/46Mb lim: 65536 exec/s: 459 rss: 485Mb L: 1298/65536 MS: 1 EraseBytes-
#128242	REDUCE cov: 9210 ft: 58036 corp: 2310/46Mb lim: 65536 exec/s: 459 rss: 485Mb L: 27483/65536 MS: 3 ChangeASCIIInt-CMP-CopyPart- DE: " it"-
#128316	REDUCE cov: 9210 ft: 58036 corp: 2310/46Mb lim: 65536 exec/s: 458 rss: 485Mb L: 26719/65536 MS: 4 CMP-ChangeByte-ChangeBinInt-EraseBytes- DE: "&ltr"-
#128317	REDUCE cov: 9210 ft: 58036 corp: 2310/46Mb lim: 65536 exec/s: 458 rss: 485Mb L: 27576/65536 MS: 1 EraseBytes-
#128325	REDUCE cov: 9210 ft: 58037 corp: 2311/46Mb lim: 65536 exec/s: 458 rss: 485Mb L: 46079/65536 MS: 3 CopyPart-PersAutoDict-CrossOver- DE: "=\000"-
#128377	REDUCE cov: 9210 ft: 58037 corp: 2311/46Mb lim: 65536 exec/s: 458 rss: 485Mb L: 537/65536 MS: 2 InsertRepeatedBytes-EraseBytes-
#128381	REDUCE cov: 9210 ft: 58037 corp: 2311/46Mb lim: 65536 exec/s: 458 rss: 485Mb L: 1456/65536 MS: 4 PersAutoDict-ChangeBinInt-ChangeASCIIInt-EraseBytes- DE: "(\000"-
#128396	REDUCE cov: 9210 ft: 58037 corp: 2311/46Mb lim: 65536 exec/s: 458 rss: 485Mb L: 962/65536 MS: 5 ChangeASCIIInt-InsertByte-CMP-InsertByte-EraseBytes- DE: "\377\377`\260\000\026:\274"-
#128403	REDUCE cov: 9210 ft: 58037 corp: 2311/46Mb lim: 65536 exec/s: 458 rss: 485Mb L: 7613/65536 MS: 2 InsertByte-EraseBytes-
#128467	REDUCE cov: 9210 ft: 58048 corp: 2312/46Mb lim: 65536 exec/s: 458 rss: 485Mb L: 50517/65536 MS: 4 CrossOver-CMP-PersAutoDict-CrossOver- DE: "ai-\001\340b\000\000"-"\016\000"-
#128495	REDUCE cov: 9210 ft: 58048 corp: 2312/46Mb lim: 65536 exec/s: 458 rss: 485Mb L: 16751/65536 MS: 3 PersAutoDict-EraseBytes-CrossOver- DE: "&\011U\000\320a\000\000"-
#128512	REDUCE cov: 9210 ft: 58048 corp: 2312/46Mb lim: 65536 exec/s: 458 rss: 485Mb L: 13026/65536 MS: 2 ChangeByte-EraseBytes-
#128538	REDUCE cov: 9210 ft: 58048 corp: 2312/46Mb lim: 65536 exec/s: 459 rss: 485Mb L: 273/65536 MS: 1 EraseBytes-
#128551	REDUCE cov: 9210 ft: 58048 corp: 2312/46Mb lim: 65536 exec/s: 459 rss: 485Mb L: 9162/65536 MS: 3 ChangeBit-ChangeByte-EraseBytes-
#128563	REDUCE cov: 9210 ft: 58048 corp: 2312/46Mb lim: 65536 exec/s: 459 rss: 485Mb L: 34407/65536 MS: 2 PersAutoDict-EraseBytes- DE: "R\376"-
#128568	REDUCE cov: 9210 ft: 58048 corp: 2312/46Mb lim: 65536 exec/s: 459 rss: 485Mb L: 14175/65536 MS: 5 CMP-ShuffleBytes-CopyPart-ChangeByte-EraseBytes- DE: "_\206"-
#128584	REDUCE cov: 9210 ft: 58048 corp: 2312/46Mb lim: 65536 exec/s: 459 rss: 485Mb L: 33341/65536 MS: 1 EraseBytes-
#128670	REDUCE cov: 9210 ft: 58048 corp: 2312/46Mb lim: 65536 exec/s: 459 rss: 485Mb L: 57199/65536 MS: 1 EraseBytes-
#128674	REDUCE cov: 9210 ft: 58048 corp: 2312/46Mb lim: 65536 exec/s: 457 rss: 485Mb L: 37494/65536 MS: 4 PersAutoDict-InsertByte-CopyPart-EraseBytes- DE: "\001$"-
#128683	REDUCE cov: 9210 ft: 58048 corp: 2312/46Mb lim: 65536 exec/s: 457 rss: 485Mb L: 22857/65536 MS: 4 ChangeASCIIInt-ChangeBinInt-CrossOver-EraseBytes-
#128685	REDUCE cov: 9210 ft: 58049 corp: 2313/46Mb lim: 65536 exec/s: 457 rss: 485Mb L: 176/65536 MS: 2 ChangeBinInt-CrossOver-
#128719	REDUCE cov: 9210 ft: 58049 corp: 2313/46Mb lim: 65536 exec/s: 458 rss: 485Mb L: 8504/65536 MS: 4 ChangeBit-ChangeByte-PersAutoDict-EraseBytes- DE: "\226\011\000\000"-
#128721	REDUCE cov: 9210 ft: 58049 corp: 2313/46Mb lim: 65536 exec/s: 458 rss: 485Mb L: 10539/65536 MS: 2 InsertRepeatedBytes-EraseBytes-
#128723	REDUCE cov: 9210 ft: 58049 corp: 2313/46Mb lim: 65536 exec/s: 458 rss: 485Mb L: 475/65536 MS: 2 InsertByte-EraseBytes-
#128724	REDUCE cov: 9210 ft: 58050 corp: 2314/46Mb lim: 65536 exec/s: 458 rss: 485Mb L: 62534/65536 MS: 1 CopyPart-
#128756	REDUCE cov: 9210 ft: 58050 corp: 2314/46Mb lim: 65536 exec/s: 458 rss: 485Mb L: 10799/65536 MS: 2 ChangeByte-CrossOver-
#128766	REDUCE cov: 9210 ft: 58084 corp: 2315/46Mb lim: 65536 exec/s: 458 rss: 485Mb L: 13810/65536 MS: 5 CrossOver-InsertRepeatedBytes-ChangeBinInt-ChangeASCIIInt-CopyPart-
#128772	REDUCE cov: 9210 ft: 58084 corp: 2315/46Mb lim: 65536 exec/s: 458 rss: 485Mb L: 50098/65536 MS: 1 EraseBytes-
#128788	REDUCE cov: 9210 ft: 58084 corp: 2315/46Mb lim: 65536 exec/s: 458 rss: 485Mb L: 6145/65536 MS: 1 EraseBytes-
#128816	REDUCE cov: 9210 ft: 58084 corp: 2315/46Mb lim: 65536 exec/s: 458 rss: 485Mb L: 10579/65536 MS: 3 ShuffleBytes-ChangeASCIIInt-EraseBytes-
#128850	REDUCE cov: 9210 ft: 58084 corp: 2315/46Mb lim: 65536 exec/s: 458 rss: 485Mb L: 43487/65536 MS: 4 ChangeByte-CMP-ChangeByte-EraseBytes- DE: "&TildeEq"-
#128854	REDUCE cov: 9210 ft: 58084 corp: 2315/46Mb lim: 65536 exec/s: 458 rss: 485Mb L: 665/65536 MS: 4 EraseBytes-InsertRepeatedBytes-InsertByte-CMP- DE: "&Dopf;"-
#128914	REDUCE cov: 9210 ft: 58084 corp: 2315/46Mb lim: 65536 exec/s: 458 rss: 485Mb L: 60978/65536 MS: 5 EraseBytes-ChangeASCIIInt-CrossOver-InsertRepeatedBytes-CopyPart-
#128980	REDUCE cov: 9210 ft: 58084 corp: 2315/46Mb lim: 65536 exec/s: 457 rss: 485Mb L: 14533/65536 MS: 1 EraseBytes-
#128982	REDUCE cov: 9210 ft: 58084 corp: 2315/46Mb lim: 65536 exec/s: 457 rss: 485Mb L: 40390/65536 MS: 2 CMP-EraseBytes- DE: "\275\271F\000\200b\000\000"-
#129026	REDUCE cov: 9210 ft: 58084 corp: 2315/46Mb lim: 65536 exec/s: 457 rss: 485Mb L: 40/65536 MS: 4 CopyPart-CrossOver-ChangeByte-EraseBytes-
#129038	REDUCE cov: 9210 ft: 58084 corp: 2315/46Mb lim: 65536 exec/s: 457 rss: 485Mb L: 9784/65536 MS: 2 PersAutoDict-EraseBytes- DE: "&DifferentialD;"-
#129056	REDUCE cov: 9210 ft: 58084 corp: 2315/46Mb lim: 65536 exec/s: 457 rss: 485Mb L: 40523/65536 MS: 3 CMP-CMP-EraseBytes- DE: "ftp"-"\016\000"-
#129115	REDUCE cov: 9211 ft: 58085 corp: 2316/46Mb lim: 65536 exec/s: 457 rss: 485Mb L: 397/65536 MS: 4 ChangeBinInt-ChangeBinInt-CrossOver-PersAutoDict- DE: "\000."-
#129212	REDUCE cov: 9211 ft: 58100 corp: 2317/46Mb lim: 65536 exec/s: 458 rss: 485Mb L: 39760/65536 MS: 2 ChangeByte-CopyPart-
#129282	REDUCE cov: 9211 ft: 58100 corp: 2317/46Mb lim: 65536 exec/s: 458 rss: 485Mb L: 46316/65536 MS: 5 CopyPart-InsertRepeatedBytes-PersAutoDict-ChangeBinInt-EraseBytes- DE: "f\000"-
#129304	REDUCE cov: 9211 ft: 58100 corp: 2317/46Mb lim: 65536 exec/s: 458 rss: 485Mb L: 32647/65536 MS: 2 ChangeByte-EraseBytes-
#129359	REDUCE cov: 9211 ft: 58100 corp: 2317/46Mb lim: 65536 exec/s: 458 rss: 485Mb L: 14621/65536 MS: 5 ShuffleBytes-ChangeByte-ChangeBinInt-PersAutoDict-EraseBytes- DE: "\001\000b\300\001q\373|"-
#129399	REDUCE cov: 9211 ft: 58100 corp: 2317/46Mb lim: 65536 exec/s: 458 rss: 485Mb L: 16943/65536 MS: 5 ChangeASCIIInt-ChangeASCIIInt-CopyPart-CrossOver-EraseBytes-
#129434	REDUCE cov: 9211 ft: 58100 corp: 2317/46Mb lim: 65536 exec/s: 457 rss: 485Mb L: 926/65536 MS: 5 ChangeByte-InsertRepeatedBytes-CMP-InsertRepeatedBytes-EraseBytes- DE: ")\337\007\000\240a\000\000"-
#129439	REDUCE cov: 9211 ft: 58100 corp: 2317/46Mb lim: 65536 exec/s: 457 rss: 485Mb L: 11428/65536 MS: 5 CopyPart-EraseBytes-ChangeBinInt-InsertRepeatedBytes-CrossOver-
#129445	REDUCE cov: 9211 ft: 58100 corp: 2317/46Mb lim: 65536 exec/s: 457 rss: 485Mb L: 2831/65536 MS: 1 EraseBytes-
#129446	REDUCE cov: 9211 ft: 58100 corp: 2317/46Mb lim: 65536 exec/s: 457 rss: 485Mb L: 6675/65536 MS: 1 EraseBytes-
#129477	REDUCE cov: 9211 ft: 58100 corp: 2317/46Mb lim: 65536 exec/s: 457 rss: 485Mb L: 5791/65536 MS: 1 EraseBytes-
#129483	REDUCE cov: 9211 ft: 58100 corp: 2317/46Mb lim: 65536 exec/s: 457 rss: 485Mb L: 32692/65536 MS: 1 CrossOver-
#129526	REDUCE cov: 9211 ft: 58100 corp: 2317/46Mb lim: 65536 exec/s: 457 rss: 485Mb L: 37816/65536 MS: 3 ChangeByte-ChangeBinInt-EraseBytes-
#129533	REDUCE cov: 9211 ft: 58100 corp: 2317/46Mb lim: 65536 exec/s: 457 rss: 485Mb L: 3279/65536 MS: 2 CMP-EraseBytes- DE: "/\000"-
#129544	REDUCE cov: 9211 ft: 58100 corp: 2317/46Mb lim: 65536 exec/s: 457 rss: 485Mb L: 12303/65536 MS: 1 EraseBytes-
#129612	REDUCE cov: 9211 ft: 58101 corp: 2318/46Mb lim: 65536 exec/s: 457 rss: 485Mb L: 59393/65536 MS: 3 InsertRepeatedBytes-ChangeBit-CopyPart-
#129618	REDUCE cov: 9211 ft: 58101 corp: 2318/46Mb lim: 65536 exec/s: 458 rss: 485Mb L: 11987/65536 MS: 1 CrossOver-
#129674	REDUCE cov: 9211 ft: 58101 corp: 2318/46Mb lim: 65536 exec/s: 458 rss: 485Mb L: 5620/65536 MS: 1 EraseBytes-
#129675	REDUCE cov: 9211 ft: 58101 corp: 2318/46Mb lim: 65536 exec/s: 458 rss: 485Mb L: 814/65536 MS: 1 EraseBytes-
#129745	REDUCE cov: 9211 ft: 58101 corp: 2318/46Mb lim: 65536 exec/s: 458 rss: 485Mb L: 14452/65536 MS: 5 ChangeASCIIInt-ChangeBit-PersAutoDict-ChangeByte-EraseBytes- DE: "\377\377\256B"-
#129771	REDUCE cov: 9211 ft: 58101 corp: 2318/46Mb lim: 65536 exec/s: 458 rss: 485Mb L: 3382/65536 MS: 1 EraseBytes-
#129805	REDUCE cov: 9211 ft: 58101 corp: 2318/46Mb lim: 65536 exec/s: 458 rss: 485Mb L: 17618/65536 MS: 4 ChangeBit-InsertByte-CopyPart-EraseBytes-
#129827	REDUCE cov: 9211 ft: 58101 corp: 2318/46Mb lim: 65536 exec/s: 458 rss: 485Mb L: 3348/65536 MS: 2 ChangeBit-EraseBytes-
#129843	REDUCE cov: 9211 ft: 58101 corp: 2318/46Mb lim: 65536 exec/s: 458 rss: 485Mb L: 22621/65536 MS: 1 EraseBytes-
#129861	REDUCE cov: 9211 ft: 58101 corp: 2318/46Mb lim: 65536 exec/s: 458 rss: 485Mb L: 543/65536 MS: 3 ShuffleBytes-CMP-EraseBytes- DE: "\000\000\000\000\000\000\000\000"-
#129868	REDUCE cov: 9211 ft: 58101 corp: 2318/46Mb lim: 65536 exec/s: 458 rss: 485Mb L: 9284/65536 MS: 2 InsertRepeatedBytes-CrossOver-
#129924	REDUCE cov: 9211 ft: 58101 corp: 2318/46Mb lim: 65536 exec/s: 457 rss: 485Mb L: 77/65536 MS: 1 EraseBytes-
#129925	REDUCE cov: 9211 ft: 58101 corp: 2318/46Mb lim: 65536 exec/s: 457 rss: 485Mb L: 22157/65536 MS: 1 EraseBytes-
#129968	REDUCE cov: 9211 ft: 58101 corp: 2318/46Mb lim: 65536 exec/s: 457 rss: 485Mb L: 40691/65536 MS: 3 ChangeByte-CopyPart-CrossOver-
#130039	REDUCE cov: 9211 ft: 58101 corp: 2318/46Mb lim: 65536 exec/s: 457 rss: 485Mb L: 901/65536 MS: 1 EraseBytes-
#130121	REDUCE cov: 9211 ft: 58101 corp: 2318/46Mb lim: 65536 exec/s: 458 rss: 485Mb L: 6575/65536 MS: 2 ChangeBinInt-EraseBytes-
#130147	REDUCE cov: 9211 ft: 58102 corp: 2319/46Mb lim: 65536 exec/s: 458 rss: 485Mb L: 28487/65536 MS: 1 CopyPart-
#130148	REDUCE cov: 9211 ft: 58102 corp: 2319/46Mb lim: 65536 exec/s: 458 rss: 485Mb L: 3683/65536 MS: 1 EraseBytes-
#130221	REDUCE cov: 9211 ft: 58102 corp: 2319/46Mb lim: 65536 exec/s: 458 rss: 485Mb L: 2753/65536 MS: 3 CMP-PersAutoDict-EraseBytes- DE: "\377\377\377\377\377\377\377\377"-"\000\012"-
#130287	REDUCE cov: 9211 ft: 58102 corp: 2319/46Mb lim: 65536 exec/s: 458 rss: 485Mb L: 8481/65536 MS: 1 EraseBytes-
#130305	REDUCE cov: 9211 ft: 58102 corp: 2319/46Mb lim: 65536 exec/s: 458 rss: 485Mb L: 19580/65536 MS: 3 ShuffleBytes-ChangeBit-EraseBytes-
#130315	REDUCE cov: 9211 ft: 58102 corp: 2319/46Mb lim: 65536 exec/s: 458 rss: 485Mb L: 31797/65536 MS: 5 ChangeByte-ChangeBit-EraseBytes-CMP-CopyPart- DE: "\000\000|-"-
#130349	REDUCE cov: 9211 ft: 58104 corp: 2320/46Mb lim: 65536 exec/s: 458 rss: 485Mb L: 17089/65536 MS: 4 CrossOver-CrossOver-ShuffleBytes-CopyPart-
#130368	REDUCE cov: 9211 ft: 58104 corp: 2320/46Mb lim: 65536 exec/s: 457 rss: 485Mb L: 53277/65536 MS: 4 CrossOver-ChangeBit-PersAutoDict-EraseBytes- DE: "\326\251\001\000 a\000\000"-
#130371	REDUCE cov: 9211 ft: 58104 corp: 2320/46Mb lim: 65536 exec/s: 457 rss: 485Mb L: 26698/65536 MS: 3 CMP-PersAutoDict-EraseBytes- DE: "https"-"\001\000\000\027"-
#130372	REDUCE cov: 9211 ft: 58104 corp: 2320/46Mb lim: 65536 exec/s: 457 rss: 485Mb L: 13069/65536 MS: 1 EraseBytes-
#130375	REDUCE cov: 9211 ft: 58104 corp: 2320/46Mb lim: 65536 exec/s: 457 rss: 485Mb L: 46905/65536 MS: 3 ShuffleBytes-ChangeBinInt-EraseBytes-
#130431	NEW    cov: 9211 ft: 58106 corp: 2321/46Mb lim: 65536 exec/s: 457 rss: 485Mb L: 17089/65536 MS: 1 CopyPart-
#130454	REDUCE cov: 9211 ft: 58106 corp: 2321/46Mb lim: 65536 exec/s: 457 rss: 485Mb L: 36667/65536 MS: 3 ShuffleBytes-CrossOver-EraseBytes-
#130472	REDUCE cov: 9211 ft: 58106 corp: 2321/46Mb lim: 65536 exec/s: 457 rss: 485Mb L: 56068/65536 MS: 3 ChangeASCIIInt-InsertByte-EraseBytes-
#130533	REDUCE cov: 9211 ft: 58106 corp: 2321/46Mb lim: 65536 exec/s: 458 rss: 485Mb L: 34/65536 MS: 1 EraseBytes-
#130550	REDUCE cov: 9211 ft: 58106 corp: 2321/46Mb lim: 65536 exec/s: 458 rss: 485Mb L: 54411/65536 MS: 2 ChangeBit-EraseBytes-
#130555	REDUCE cov: 9211 ft: 58106 corp: 2321/46Mb lim: 65536 exec/s: 458 rss: 485Mb L: 19772/65536 MS: 5 InsertRepeatedBytes-ShuffleBytes-CMP-ChangeBit-EraseBytes- DE: "&ouml;"-
#130558	REDUCE cov: 9211 ft: 58106 corp: 2321/46Mb lim: 65536 exec/s: 458 rss: 485Mb L: 10919/65536 MS: 3 ShuffleBytes-ShuffleBytes-EraseBytes-
#130672	REDUCE cov: 9211 ft: 58106 corp: 2321/46Mb lim: 65536 exec/s: 458 rss: 485Mb L: 9119/65536 MS: 4 CMP-ChangeASCIIInt-ChangeBit-EraseBytes- DE: "\330\275g\266\376\177\000\000"-
#130683	REDUCE cov: 9211 ft: 58106 corp: 2321/46Mb lim: 65536 exec/s: 458 rss: 485Mb L: 12754/65536 MS: 1 EraseBytes-
#130687	NEW    cov: 9211 ft: 58107 corp: 2322/46Mb lim: 65536 exec/s: 458 rss: 485Mb L: 28687/65536 MS: 4 InsertRepeatedBytes-PersAutoDict-ChangeByte-CopyPart- DE: "&barv"-
#130715	REDUCE cov: 9211 ft: 58107 corp: 2322/46Mb lim: 65536 exec/s: 458 rss: 485Mb L: 8196/65536 MS: 3 InsertRepeatedBytes-CMP-EraseBytes- DE: "\357\273\277"-
#130732	REDUCE cov: 9211 ft: 58107 corp: 2322/46Mb lim: 65536 exec/s: 458 rss: 485Mb L: 2070/65536 MS: 2 ChangeBinInt-EraseBytes-
#130800	REDUCE cov: 9211 ft: 58107 corp: 2322/46Mb lim: 65536 exec/s: 457 rss: 485Mb L: 6221/65536 MS: 3 CopyPart-CopyPart-EraseBytes-
#130833	REDUCE cov: 9211 ft: 58107 corp: 2322/46Mb lim: 65536 exec/s: 457 rss: 485Mb L: 11022/65536 MS: 3 CopyPart-InsertRepeatedBytes-EraseBytes-
#130841	REDUCE cov: 9211 ft: 58109 corp: 2323/46Mb lim: 65536 exec/s: 457 rss: 485Mb L: 54880/65536 MS: 3 ChangeASCIIInt-CopyPart-CopyPart-
#130845	REDUCE cov: 9211 ft: 58109 corp: 2323/46Mb lim: 65536 exec/s: 457 rss: 485Mb L: 1981/65536 MS: 4 ChangeByte-ShuffleBytes-CopyPart-EraseBytes-
#130853	REDUCE cov: 9211 ft: 58109 corp: 2323/46Mb lim: 65536 exec/s: 457 rss: 485Mb L: 40037/65536 MS: 3 InsertByte-InsertByte-EraseBytes-
#130878	REDUCE cov: 9211 ft: 58109 corp: 2323/46Mb lim: 65536 exec/s: 457 rss: 485Mb L: 1483/65536 MS: 5 ChangeBinInt-CMP-PersAutoDict-PersAutoDict-EraseBytes- DE: "&gt;"-"&Eogon;"-"\001\000`\320\000\0003\332"-
#130918	REDUCE cov: 9211 ft: 58109 corp: 2323/46Mb lim: 65536 exec/s: 457 rss: 485Mb L: 6959/65536 MS: 5 ShuffleBytes-ChangeBinInt-InsertRepeatedBytes-ChangeBinInt-EraseBytes-
#130930	REDUCE cov: 9211 ft: 58109 corp: 2323/46Mb lim: 65536 exec/s: 457 rss: 485Mb L: 20455/65536 MS: 2 ShuffleBytes-EraseBytes-
#130984	NEW    cov: 9211 ft: 58112 corp: 2324/46Mb lim: 65536 exec/s: 457 rss: 485Mb L: 25337/65536 MS: 4 ShuffleBytes-CrossOver-PersAutoDict-CopyPart- DE: "&Dopf;"-
#131017	REDUCE cov: 9211 ft: 58112 corp: 2324/46Mb lim: 65536 exec/s: 458 rss: 485Mb L: 1271/65536 MS: 3 CMP-InsertRepeatedBytes-EraseBytes- DE: "\031\000"-
#131025	REDUCE cov: 9211 ft: 58112 corp: 2324/46Mb lim: 65536 exec/s: 458 rss: 485Mb L: 22016/65536 MS: 3 InsertByte-InsertByte-EraseBytes-
#131052	REDUCE cov: 9211 ft: 58112 corp: 2324/46Mb lim: 65536 exec/s: 458 rss: 485Mb L: 1161/65536 MS: 2 ChangeBit-EraseBytes-
#131068	REDUCE cov: 9211 ft: 58112 corp: 2324/46Mb lim: 65536 exec/s: 458 rss: 485Mb L: 13745/65536 MS: 1 EraseBytes-
#131072	pulse  cov: 9211 ft: 58112 corp: 2324/46Mb lim: 65536 exec/s: 458 rss: 485Mb
#131078	REDUCE cov: 9211 ft: 58112 corp: 2324/46Mb lim: 65536 exec/s: 458 rss: 485Mb L: 41659/65536 MS: 5 ChangeBit-CrossOver-InsertByte-CMP-EraseBytes- DE: "(\000"-
#131080	REDUCE cov: 9211 ft: 58112 corp: 2324/46Mb lim: 65536 exec/s: 458 rss: 485Mb L: 6806/65536 MS: 2 ChangeByte-EraseBytes-
#131197	REDUCE cov: 9211 ft: 58112 corp: 2324/46Mb lim: 65536 exec/s: 458 rss: 485Mb L: 11559/65536 MS: 2 ChangeBinInt-EraseBytes-
#131235	REDUCE cov: 9211 ft: 58112 corp: 2324/46Mb lim: 65536 exec/s: 458 rss: 485Mb L: 5850/65536 MS: 3 ChangeByte-InsertRepeatedBytes-EraseBytes-
#131318	REDUCE cov: 9211 ft: 58112 corp: 2324/46Mb lim: 65536 exec/s: 457 rss: 485Mb L: 50758/65536 MS: 3 ChangeBit-CrossOver-CopyPart-
#131346	REDUCE cov: 9211 ft: 58112 corp: 2324/46Mb lim: 65536 exec/s: 457 rss: 485Mb L: 21640/65536 MS: 3 ChangeByte-ChangeBit-EraseBytes-
#131347	REDUCE cov: 9211 ft: 58112 corp: 2324/46Mb lim: 65536 exec/s: 457 rss: 485Mb L: 144/65536 MS: 1 EraseBytes-
#131375	REDUCE cov: 9211 ft: 58112 corp: 2324/46Mb lim: 65536 exec/s: 457 rss: 485Mb L: 17018/65536 MS: 3 ShuffleBytes-ShuffleBytes-EraseBytes-
#131384	REDUCE cov: 9211 ft: 58112 corp: 2324/46Mb lim: 65536 exec/s: 457 rss: 485Mb L: 186/65536 MS: 4 ChangeByte-ShuffleBytes-InsertByte-EraseBytes-
#131495	REDUCE cov: 9211 ft: 58112 corp: 2324/46Mb lim: 65536 exec/s: 458 rss: 485Mb L: 16026/65536 MS: 1 EraseBytes-
#131529	REDUCE cov: 9211 ft: 58112 corp: 2324/46Mb lim: 65536 exec/s: 458 rss: 485Mb L: 13291/65536 MS: 4 ChangeBit-PersAutoDict-ChangeASCIIInt-EraseBytes- DE: "\001\000hP"-
#131576	REDUCE cov: 9211 ft: 58112 corp: 2324/46Mb lim: 65536 exec/s: 458 rss: 485Mb L: 36364/65536 MS: 2 ChangeBit-EraseBytes-
#131611	REDUCE cov: 9211 ft: 58112 corp: 2324/46Mb lim: 65536 exec/s: 458 rss: 485Mb L: 23735/65536 MS: 5 ChangeBinInt-InsertByte-CrossOver-ChangeByte-EraseBytes-
#131630	REDUCE cov: 9211 ft: 58112 corp: 2324/46Mb lim: 65536 exec/s: 458 rss: 485Mb L: 12862/65536 MS: 4 InsertByte-InsertRepeatedBytes-PersAutoDict-EraseBytes- DE: "\341\000\000\000"-
#131647	REDUCE cov: 9211 ft: 58112 corp: 2324/46Mb lim: 65536 exec/s: 458 rss: 485Mb L: 1525/65536 MS: 2 InsertByte-EraseBytes-
#131722	REDUCE cov: 9211 ft: 58112 corp: 2324/46Mb lim: 65536 exec/s: 458 rss: 485Mb L: 3751/65536 MS: 5 InsertByte-ChangeASCIIInt-CopyPart-ShuffleBytes-EraseBytes-
#131730	REDUCE cov: 9211 ft: 58112 corp: 2324/46Mb lim: 65536 exec/s: 458 rss: 485Mb L: 37943/65536 MS: 3 ChangeByte-ChangeBinInt-EraseBytes-
#131761	REDUCE cov: 9211 ft: 58112 corp: 2324/46Mb lim: 65536 exec/s: 457 rss: 486Mb L: 6171/65536 MS: 1 EraseBytes-
#131780	REDUCE cov: 9211 ft: 58112 corp: 2324/46Mb lim: 65536 exec/s: 457 rss: 486Mb L: 13923/65536 MS: 4 ChangeASCIIInt-ChangeASCIIInt-ShuffleBytes-EraseBytes-
#131792	REDUCE cov: 9211 ft: 58112 corp: 2324/46Mb lim: 65536 exec/s: 457 rss: 486Mb L: 17827/65536 MS: 2 CopyPart-EraseBytes-
#131807	REDUCE cov: 9211 ft: 58112 corp: 2324/46Mb lim: 65536 exec/s: 457 rss: 486Mb L: 14034/65536 MS: 5 PersAutoDict-ChangeBit-InsertByte-PersAutoDict-EraseBytes- DE: "\015\000\000\000"-"\001\000\177\376\266g\273@"-
#131973	REDUCE cov: 9211 ft: 58114 corp: 2325/46Mb lim: 65536 exec/s: 458 rss: 486Mb L: 3938/65536 MS: 1 ChangeBinInt-
#131975	REDUCE cov: 9211 ft: 58114 corp: 2325/46Mb lim: 65536 exec/s: 458 rss: 486Mb L: 1025/65536 MS: 2 CopyPart-EraseBytes-
#131983	NEW    cov: 9211 ft: 58115 corp: 2326/46Mb lim: 65536 exec/s: 458 rss: 486Mb L: 30121/65536 MS: 3 CMP-PersAutoDict-CopyPart- DE: "\031\000"-"&gnapp"-
#132069	REDUCE cov: 9211 ft: 58115 corp: 2326/46Mb lim: 65536 exec/s: 458 rss: 486Mb L: 1743/65536 MS: 1 EraseBytes-
#132083	REDUCE cov: 9211 ft: 58115 corp: 2326/46Mb lim: 65536 exec/s: 458 rss: 486Mb L: 3689/65536 MS: 4 ShuffleBytes-ChangeBit-ShuffleBytes-EraseBytes-
#132094	REDUCE cov: 9211 ft: 58115 corp: 2326/46Mb lim: 65536 exec/s: 458 rss: 486Mb L: 23415/65536 MS: 1 EraseBytes-
#132132	REDUCE cov: 9211 ft: 58115 corp: 2326/46Mb lim: 65536 exec/s: 458 rss: 487Mb L: 37035/65536 MS: 3 CopyPart-PersAutoDict-EraseBytes- DE: "ent"-
#132149	REDUCE cov: 9211 ft: 58115 corp: 2326/46Mb lim: 65536 exec/s: 458 rss: 487Mb L: 4510/65536 MS: 2 ChangeByte-EraseBytes-
#132227	REDUCE cov: 9211 ft: 58115 corp: 2326/46Mb lim: 65536 exec/s: 457 rss: 488Mb L: 32147/65536 MS: 3 InsertRepeatedBytes-PersAutoDict-EraseBytes- DE: "\000\003"-
#132239	REDUCE cov: 9211 ft: 58115 corp: 2326/46Mb lim: 65536 exec/s: 457 rss: 488Mb L: 9501/65536 MS: 2 ShuffleBytes-EraseBytes-
#132279	REDUCE cov: 9211 ft: 58124 corp: 2327/46Mb lim: 65536 exec/s: 457 rss: 488Mb L: 26855/65536 MS: 5 ShuffleBytes-CrossOver-ChangeBinInt-PersAutoDict-CrossOver- DE: "\002\000"-
#132282	REDUCE cov: 9211 ft: 58124 corp: 2327/46Mb lim: 65536 exec/s: 457 rss: 488Mb L: 16951/65536 MS: 3 ChangeBit-ChangeBit-EraseBytes-
#132350	REDUCE cov: 9211 ft: 58124 corp: 2327/46Mb lim: 65536 exec/s: 457 rss: 488Mb L: 52178/65536 MS: 3 CopyPart-ChangeByte-EraseBytes-
#132416	REDUCE cov: 9211 ft: 58124 corp: 2327/46Mb lim: 65536 exec/s: 458 rss: 488Mb L: 11664/65536 MS: 1 EraseBytes-
#132478	NEW    cov: 9211 ft: 58125 corp: 2328/46Mb lim: 65536 exec/s: 458 rss: 488Mb L: 389/65536 MS: 2 ChangeBit-CopyPart-
#132482	REDUCE cov: 9211 ft: 58125 corp: 2328/46Mb lim: 65536 exec/s: 458 rss: 488Mb L: 7201/65536 MS: 4 ChangeByte-InsertByte-InsertByte-EraseBytes-
#132484	REDUCE cov: 9211 ft: 58125 corp: 2328/46Mb lim: 65536 exec/s: 458 rss: 488Mb L: 6591/65536 MS: 2 ShuffleBytes-EraseBytes-
#132493	REDUCE cov: 9211 ft: 58125 corp: 2328/46Mb lim: 65536 exec/s: 458 rss: 488Mb L: 54850/65536 MS: 4 ChangeBinInt-ChangeByte-InsertRepeatedBytes-EraseBytes-
#132499	REDUCE cov: 9211 ft: 58125 corp: 2328/46Mb lim: 65536 exec/s: 458 rss: 488Mb L: 13230/65536 MS: 1 EraseBytes-
#132578	REDUCE cov: 9211 ft: 58125 corp: 2328/46Mb lim: 65536 exec/s: 458 rss: 488Mb L: 6680/65536 MS: 4 CMP-CopyPart-InsertRepeatedBytes-EraseBytes- DE: "0\254"-
#132639	REDUCE cov: 9211 ft: 58125 corp: 2328/46Mb lim: 65536 exec/s: 457 rss: 488Mb L: 7842/65536 MS: 1 EraseBytes-
#132648	REDUCE cov: 9211 ft: 58125 corp: 2328/46Mb lim: 65536 exec/s: 457 rss: 488Mb L: 1259/65536 MS: 4 CrossOver-ChangeBit-ChangeBit-EraseBytes-
#132658	REDUCE cov: 9211 ft: 58125 corp: 2328/46Mb lim: 65536 exec/s: 457 rss: 488Mb L: 8118/65536 MS: 5 InsertRepeatedBytes-ChangeASCIIInt-ChangeASCIIInt-PersAutoDict-EraseBytes- DE: "&Differ"-
#132682	REDUCE cov: 9211 ft: 58125 corp: 2328/46Mb lim: 65536 exec/s: 457 rss: 488Mb L: 13688/65536 MS: 4 PersAutoDict-ChangeByte-InsertRepeatedBytes-EraseBytes- DE: "\000%"-
#132733	REDUCE cov: 9211 ft: 58125 corp: 2328/46Mb lim: 65536 exec/s: 457 rss: 488Mb L: 13138/65536 MS: 1 EraseBytes-
#132769	REDUCE cov: 9211 ft: 58125 corp: 2328/46Mb lim: 65536 exec/s: 457 rss: 488Mb L: 2506/65536 MS: 1 EraseBytes-
#132785	REDUCE cov: 9211 ft: 58125 corp: 2328/46Mb lim: 65536 exec/s: 457 rss: 488Mb L: 170/65536 MS: 1 EraseBytes-
#132809	REDUCE cov: 9211 ft: 58125 corp: 2328/46Mb lim: 65536 exec/s: 457 rss: 488Mb L: 10693/65536 MS: 4 ChangeBinInt-ChangeBit-ShuffleBytes-EraseBytes-
#132851	REDUCE cov: 9211 ft: 58125 corp: 2328/46Mb lim: 65536 exec/s: 458 rss: 488Mb L: 32602/65536 MS: 2 CopyPart-EraseBytes-
#132903	REDUCE cov: 9211 ft: 58125 corp: 2328/46Mb lim: 65536 exec/s: 458 rss: 488Mb L: 113/65536 MS: 2 InsertByte-EraseBytes-
#132904	REDUCE cov: 9211 ft: 58125 corp: 2328/46Mb lim: 65536 exec/s: 458 rss: 488Mb L: 47214/65536 MS: 1 EraseBytes-
#132929	REDUCE cov: 9211 ft: 58125 corp: 2328/46Mb lim: 65536 exec/s: 458 rss: 488Mb L: 12243/65536 MS: 5 ChangeASCIIInt-ChangeBinInt-ChangeBit-CopyPart-EraseBytes-
#132930	REDUCE cov: 9211 ft: 58125 corp: 2328/46Mb lim: 65536 exec/s: 458 rss: 488Mb L: 4106/65536 MS: 1 EraseBytes-
#132932	REDUCE cov: 9211 ft: 58125 corp: 2328/46Mb lim: 65536 exec/s: 458 rss: 488Mb L: 26721/65536 MS: 2 ChangeByte-EraseBytes-
#132981	REDUCE cov: 9211 ft: 58125 corp: 2328/46Mb lim: 65536 exec/s: 458 rss: 488Mb L: 26960/65536 MS: 4 InsertRepeatedBytes-ChangeBinInt-ChangeBit-EraseBytes-
#132987	REDUCE cov: 9211 ft: 58125 corp: 2328/46Mb lim: 65536 exec/s: 458 rss: 488Mb L: 46/65536 MS: 1 EraseBytes-
#132988	REDUCE cov: 9211 ft: 58125 corp: 2328/46Mb lim: 65536 exec/s: 458 rss: 488Mb L: 23880/65536 MS: 1 EraseBytes-
#133152	REDUCE cov: 9211 ft: 58125 corp: 2328/46Mb lim: 65536 exec/s: 457 rss: 488Mb L: 10754/65536 MS: 4 ChangeByte-ShuffleBytes-ChangeByte-EraseBytes-
#133181	REDUCE cov: 9211 ft: 58125 corp: 2328/46Mb lim: 65536 exec/s: 457 rss: 488Mb L: 25493/65536 MS: 4 InsertByte-InsertByte-ChangeByte-EraseBytes-
#133201	REDUCE cov: 9211 ft: 58125 corp: 2328/46Mb lim: 65536 exec/s: 457 rss: 488Mb L: 14679/65536 MS: 5 InsertByte-PersAutoDict-ChangeBinInt-InsertRepeatedBytes-EraseBytes- DE: "</+`, `_`"-
#133258	REDUCE cov: 9211 ft: 58125 corp: 2328/46Mb lim: 65536 exec/s: 457 rss: 488Mb L: 9329/65536 MS: 2 ShuffleBytes-EraseBytes-
#133362	REDUCE cov: 9211 ft: 58125 corp: 2328/46Mb lim: 65536 exec/s: 458 rss: 488Mb L: 9430/65536 MS: 4 ChangeBinInt-CopyPart-CrossOver-EraseBytes-
#133389	REDUCE cov: 9211 ft: 58125 corp: 2328/46Mb lim: 65536 exec/s: 458 rss: 488Mb L: 15331/65536 MS: 2 ChangeASCIIInt-EraseBytes-
#133423	REDUCE cov: 9211 ft: 58125 corp: 2328/46Mb lim: 65536 exec/s: 458 rss: 488Mb L: 9805/65536 MS: 4 ChangeBinInt-ShuffleBytes-InsertByte-EraseBytes-
#133465	REDUCE cov: 9211 ft: 58125 corp: 2328/46Mb lim: 65536 exec/s: 458 rss: 488Mb L: 14614/65536 MS: 2 ChangeBit-EraseBytes-
#133539	REDUCE cov: 9211 ft: 58125 corp: 2328/46Mb lim: 65536 exec/s: 458 rss: 488Mb L: 291/65536 MS: 4 InsertRepeatedBytes-InsertRepeatedBytes-InsertRepeatedBytes-EraseBytes-
#133575	REDUCE cov: 9211 ft: 58125 corp: 2328/46Mb lim: 65536 exec/s: 457 rss: 488Mb L: 13308/65536 MS: 1 EraseBytes-
#133576	NEW    cov: 9211 ft: 58126 corp: 2329/46Mb lim: 65536 exec/s: 457 rss: 488Mb L: 324/65536 MS: 1 EraseBytes-
#133580	REDUCE cov: 9211 ft: 58126 corp: 2329/46Mb lim: 65536 exec/s: 457 rss: 488Mb L: 3979/65536 MS: 4 ChangeBinInt-InsertByte-InsertByte-EraseBytes-
#133588	NEW    cov: 9211 ft: 58128 corp: 2330/46Mb lim: 65536 exec/s: 457 rss: 488Mb L: 31563/65536 MS: 3 ShuffleBytes-ShuffleBytes-CopyPart-
#133610	NEW    cov: 9211 ft: 58160 corp: 2331/46Mb lim: 65536 exec/s: 457 rss: 488Mb L: 35739/65536 MS: 2 ChangeBit-CopyPart-
#133676	REDUCE cov: 9211 ft: 58160 corp: 2331/46Mb lim: 65536 exec/s: 457 rss: 488Mb L: 1400/65536 MS: 1 EraseBytes-
#133695	REDUCE cov: 9211 ft: 58161 corp: 2332/46Mb lim: 65536 exec/s: 457 rss: 488Mb L: 131/65536 MS: 4 ChangeBinInt-PersAutoDict-ChangeByte-ChangeBit- DE: "\001\000b\340\001ri\304"-
#133721	REDUCE cov: 9211 ft: 58161 corp: 2332/46Mb lim: 65536 exec/s: 457 rss: 488Mb L: 19538/65536 MS: 1 EraseBytes-
#133745	NEW    cov: 9212 ft: 58162 corp: 2333/46Mb lim: 65536 exec/s: 458 rss: 488Mb L: 60908/65536 MS: 4 ChangeBit-ChangeASCIIInt-InsertRepeatedBytes-PersAutoDict- DE: "\001\013"-
#133779	REDUCE cov: 9212 ft: 58162 corp: 2333/46Mb lim: 65536 exec/s: 458 rss: 488Mb L: 12403/65536 MS: 4 InsertRepeatedBytes-ChangeByte-InsertRepeatedBytes-EraseBytes-
#133801	REDUCE cov: 9212 ft: 58162 corp: 2333/46Mb lim: 65536 exec/s: 458 rss: 488Mb L: 8177/65536 MS: 2 ChangeASCIIInt-EraseBytes-
#133926	REDUCE cov: 9212 ft: 58162 corp: 2333/46Mb lim: 65536 exec/s: 458 rss: 488Mb L: 15591/65536 MS: 5 InsertRepeatedBytes-InsertByte-ChangeBit-ChangeASCIIInt-EraseBytes-
#133988	REDUCE cov: 9212 ft: 58162 corp: 2333/46Mb lim: 65536 exec/s: 457 rss: 488Mb L: 2626/65536 MS: 2 ChangeASCIIInt-EraseBytes-
#134024	REDUCE cov: 9212 ft: 58162 corp: 2333/46Mb lim: 65536 exec/s: 457 rss: 488Mb L: 43131/65536 MS: 1 EraseBytes-
#134043	REDUCE cov: 9212 ft: 58166 corp: 2334/46Mb lim: 65536 exec/s: 457 rss: 488Mb L: 23082/65536 MS: 4 ChangeASCIIInt-ShuffleBytes-ChangeBinInt-CopyPart-
#134063	REDUCE cov: 9212 ft: 58166 corp: 2334/46Mb lim: 65536 exec/s: 457 rss: 488Mb L: 33087/65536 MS: 5 CrossOver-InsertByte-CMP-ChangeASCIIInt-EraseBytes- DE: "\327\275g\266\376\177\000\000"-
#134095	REDUCE cov: 9212 ft: 58166 corp: 2334/46Mb lim: 65536 exec/s: 457 rss: 488Mb L: 1386/65536 MS: 2 InsertRepeatedBytes-EraseBytes-
#134151	REDUCE cov: 9212 ft: 58166 corp: 2334/46Mb lim: 65536 exec/s: 457 rss: 488Mb L: 36786/65536 MS: 1 EraseBytes-
#134154	REDUCE cov: 9212 ft: 58166 corp: 2334/46Mb lim: 65536 exec/s: 457 rss: 488Mb L: 3858/65536 MS: 3 PersAutoDict-PersAutoDict-EraseBytes- DE: ";\177\000\000 a\000\000"-"&\000"-
#134170	REDUCE cov: 9212 ft: 58166 corp: 2334/46Mb lim: 65536 exec/s: 457 rss: 488Mb L: 59781/65536 MS: 1 EraseBytes-
#134219	REDUCE cov: 9212 ft: 58166 corp: 2334/46Mb lim: 65536 exec/s: 458 rss: 488Mb L: 4080/65536 MS: 4 CMP-InsertRepeatedBytes-CMP-EraseBytes- DE: "\001\000b\260\000\205\321\260"-"\001\000\000*"-
#134243	REDUCE cov: 9212 ft: 58166 corp: 2334/46Mb lim: 65536 exec/s: 458 rss: 488Mb L: 17889/65536 MS: 4 CrossOver-CopyPart-PersAutoDict-EraseBytes- DE: "ions"-
#134268	REDUCE cov: 9212 ft: 58166 corp: 2334/46Mb lim: 65536 exec/s: 458 rss: 488Mb L: 12484/65536 MS: 5 ChangeByte-PersAutoDict-ChangeBit-ShuffleBytes-EraseBytes- DE: "\372\355a\001\340b\000\000"-
#134272	REDUCE cov: 9212 ft: 58166 corp: 2334/46Mb lim: 65536 exec/s: 458 rss: 488Mb L: 9656/65536 MS: 4 CopyPart-InsertByte-ChangeBit-EraseBytes-
#134301	REDUCE cov: 9212 ft: 58166 corp: 2334/46Mb lim: 65536 exec/s: 458 rss: 488Mb L: 8233/65536 MS: 4 CMP-ChangeBinInt-CMP-EraseBytes- DE: "\377\000"-"\001\000\177\376\266g\276\024"-
#134364	REDUCE cov: 9212 ft: 58166 corp: 2334/46Mb lim: 65536 exec/s: 457 rss: 488Mb L: 1917/65536 MS: 3 CopyPart-ChangeBit-EraseBytes-
#134365	REDUCE cov: 9212 ft: 58166 corp: 2334/46Mb lim: 65536 exec/s: 457 rss: 488Mb L: 624/65536 MS: 1 EraseBytes-
#134399	REDUCE cov: 9212 ft: 58166 corp: 2334/46Mb lim: 65536 exec/s: 457 rss: 488Mb L: 35/65536 MS: 4 ChangeBit-CMP-ChangeBit-EraseBytes- DE: "?a\024\000@`\000\000"-
#134415	REDUCE cov: 9212 ft: 58166 corp: 2334/46Mb lim: 65536 exec/s: 457 rss: 488Mb L: 297/65536 MS: 1 EraseBytes-
#134448	REDUCE cov: 9212 ft: 58166 corp: 2334/46Mb lim: 65536 exec/s: 457 rss: 488Mb L: 30424/65536 MS: 3 CMP-InsertRepeatedBytes-CrossOver- DE: "?\347"-
#134456	REDUCE cov: 9212 ft: 58166 corp: 2334/46Mb lim: 65536 exec/s: 457 rss: 488Mb L: 18122/65536 MS: 3 ShuffleBytes-PersAutoDict-EraseBytes- DE: "_A\000\000"-
#134581	REDUCE cov: 9212 ft: 58166 corp: 2334/46Mb lim: 65536 exec/s: 457 rss: 488Mb L: 63775/65536 MS: 5 ChangeByte-InsertRepeatedBytes-InsertRepeatedBytes-CrossOver-EraseBytes-
#134584	NEW    cov: 9212 ft: 58199 corp: 2335/46Mb lim: 65536 exec/s: 457 rss: 488Mb L: 21955/65536 MS: 3 ShuffleBytes-ChangeASCIIInt-CopyPart-
#134660	REDUCE cov: 9212 ft: 58199 corp: 2335/46Mb lim: 65536 exec/s: 458 rss: 488Mb L: 1598/65536 MS: 1 EraseBytes-
#134696	REDUCE cov: 9212 ft: 58199 corp: 2335/46Mb lim: 65536 exec/s: 458 rss: 488Mb L: 3042/65536 MS: 1 EraseBytes-
#134705	REDUCE cov: 9212 ft: 58199 corp: 2335/46Mb lim: 65536 exec/s: 458 rss: 488Mb L: 14137/65536 MS: 4 ChangeBinInt-CMP-ShuffleBytes-EraseBytes- DE: "\327\275g\266\376\177\000\000"-
#134738	REDUCE cov: 9212 ft: 58199 corp: 2335/46Mb lim: 65536 exec/s: 458 rss: 488Mb L: 247/65536 MS: 3 PersAutoDict-InsertByte-EraseBytes- DE: "\001\000b \000p\255b"-
#134739	REDUCE cov: 9212 ft: 58199 corp: 2335/46Mb lim: 65536 exec/s: 458 rss: 488Mb L: 45/65536 MS: 1 EraseBytes-
#134764	REDUCE cov: 9212 ft: 58199 corp: 2335/46Mb lim: 65536 exec/s: 458 rss: 488Mb L: 7740/65536 MS: 5 ShuffleBytes-ShuffleBytes-InsertRepeatedBytes-CrossOver-EraseBytes-
#134810	REDUCE cov: 9212 ft: 58199 corp: 2335/46Mb lim: 65536 exec/s: 458 rss: 488Mb L: 32480/65536 MS: 1 EraseBytes-
#134865	REDUCE cov: 9212 ft: 58199 corp: 2335/46Mb lim: 65536 exec/s: 457 rss: 488Mb L: 30304/65536 MS: 5 ShuffleBytes-PersAutoDict-ChangeASCIIInt-ChangeBinInt-EraseBytes- DE: "&\000"-
#134912	REDUCE cov: 9212 ft: 58199 corp: 2335/46Mb lim: 65536 exec/s: 457 rss: 488Mb L: 427/65536 MS: 2 ChangeASCIIInt-EraseBytes-
#134918	NEW    cov: 9212 ft: 58200 corp: 2336/46Mb lim: 65536 exec/s: 457 rss: 488Mb L: 31648/65536 MS: 1 EraseBytes-
#134936	REDUCE cov: 9212 ft: 58200 corp: 2336/46Mb lim: 65536 exec/s: 457 rss: 488Mb L: 42396/65536 MS: 3 CrossOver-ShuffleBytes-EraseBytes-
#134955	REDUCE cov: 9212 ft: 58201 corp: 2337/46Mb lim: 65536 exec/s: 457 rss: 488Mb L: 8247/65536 MS: 4 ChangeBit-CrossOver-ChangeByte-CrossOver-
#134998	REDUCE cov: 9212 ft: 58201 corp: 2337/46Mb lim: 65536 exec/s: 457 rss: 488Mb L: 6135/65536 MS: 3 InsertByte-ChangeBit-EraseBytes-
#135067	REDUCE cov: 9212 ft: 58201 corp: 2337/46Mb lim: 65536 exec/s: 457 rss: 488Mb L: 2673/65536 MS: 4 PersAutoDict-ChangeBinInt-ChangeBinInt-EraseBytes- DE: "\001\035"-
#135105	REDUCE cov: 9212 ft: 58201 corp: 2337/46Mb lim: 65536 exec/s: 457 rss: 488Mb L: 53726/65536 MS: 3 ChangeBit-InsertRepeatedBytes-EraseBytes-
#135131	REDUCE cov: 9212 ft: 58201 corp: 2337/46Mb lim: 65536 exec/s: 458 rss: 488Mb L: 3824/65536 MS: 1 EraseBytes-
#135136	NEW    cov: 9212 ft: 58233 corp: 2338/46Mb lim: 65536 exec/s: 458 rss: 488Mb L: 39909/65536 MS: 5 InsertRepeatedBytes-ChangeByte-ChangeBit-InsertByte-CopyPart-
#135173	REDUCE cov: 9212 ft: 58233 corp: 2338/46Mb lim: 65536 exec/s: 458 rss: 488Mb L: 17832/65536 MS: 2 ShuffleBytes-EraseBytes-
#135180	REDUCE cov: 9212 ft: 58233 corp: 2338/46Mb lim: 65536 exec/s: 458 rss: 488Mb L: 47678/65536 MS: 2 ChangeBinInt-EraseBytes-
#135197	REDUCE cov: 9212 ft: 58233 corp: 2338/46Mb lim: 65536 exec/s: 458 rss: 488Mb L: 1918/65536 MS: 2 ShuffleBytes-EraseBytes-
#135208	REDUCE cov: 9212 ft: 58233 corp: 2338/46Mb lim: 65536 exec/s: 458 rss: 488Mb L: 19589/65536 MS: 1 EraseBytes-
#135209	REDUCE cov: 9212 ft: 58233 corp: 2338/46Mb lim: 65536 exec/s: 458 rss: 488Mb L: 4440/65536 MS: 1 EraseBytes-
#135240	REDUCE cov: 9212 ft: 58233 corp: 2338/46Mb lim: 65536 exec/s: 458 rss: 488Mb L: 8634/65536 MS: 1 EraseBytes-
#135247	REDUCE cov: 9212 ft: 58233 corp: 2338/46Mb lim: 65536 exec/s: 458 rss: 488Mb L: 2796/65536 MS: 2 InsertByte-EraseBytes-
#135300	REDUCE cov: 9212 ft: 58233 corp: 2338/46Mb lim: 65536 exec/s: 457 rss: 488Mb L: 114/65536 MS: 3 ChangeBinInt-ChangeByte-EraseBytes-
#135311	REDUCE cov: 9212 ft: 58233 corp: 2338/46Mb lim: 65536 exec/s: 457 rss: 488Mb L: 167/65536 MS: 1 EraseBytes-
#135328	REDUCE cov: 9212 ft: 58233 corp: 2338/46Mb lim: 65536 exec/s: 457 rss: 488Mb L: 1966/65536 MS: 2 CMP-EraseBytes- DE: "\000\000b`\000h\314l"-
#135332	REDUCE cov: 9212 ft: 58233 corp: 2338/46Mb lim: 65536 exec/s: 457 rss: 488Mb L: 6948/65536 MS: 4 CMP-InsertRepeatedBytes-InsertByte-EraseBytes- DE: "\377\004"-
#135353	REDUCE cov: 9212 ft: 58233 corp: 2338/46Mb lim: 65536 exec/s: 457 rss: 488Mb L: 5363/65536 MS: 1 EraseBytes-
#135386	REDUCE cov: 9212 ft: 58233 corp: 2338/46Mb lim: 65536 exec/s: 457 rss: 488Mb L: 31913/65536 MS: 3 InsertByte-ShuffleBytes-EraseBytes-
#135387	REDUCE cov: 9212 ft: 58233 corp: 2338/46Mb lim: 65536 exec/s: 457 rss: 488Mb L: 22777/65536 MS: 1 EraseBytes-
#135429	REDUCE cov: 9212 ft: 58233 corp: 2338/46Mb lim: 65536 exec/s: 457 rss: 488Mb L: 18592/65536 MS: 2 ChangeBit-EraseBytes-
#135438	REDUCE cov: 9212 ft: 58233 corp: 2338/46Mb lim: 65536 exec/s: 457 rss: 488Mb L: 8462/65536 MS: 4 ShuffleBytes-InsertRepeatedBytes-InsertByte-EraseBytes-
#135520	REDUCE cov: 9212 ft: 58239 corp: 2339/46Mb lim: 65536 exec/s: 457 rss: 488Mb L: 64258/65536 MS: 2 CrossOver-CopyPart-
#135605	REDUCE cov: 9212 ft: 58239 corp: 2339/46Mb lim: 65536 exec/s: 458 rss: 488Mb L: 33087/65536 MS: 5 ChangeBit-ChangeBit-PersAutoDict-PersAutoDict-EraseBytes- DE: "\000\000\000\024"-"!\033"-
#135687	REDUCE cov: 9212 ft: 58239 corp: 2339/46Mb lim: 65536 exec/s: 458 rss: 488Mb L: 35965/65536 MS: 2 ChangeBit-EraseBytes-
#135735	REDUCE cov: 9212 ft: 58239 corp: 2339/46Mb lim: 65536 exec/s: 457 rss: 488Mb L: 24995/65536 MS: 3 CMP-PersAutoDict-EraseBytes- DE: "\257@\332\000Pb\000\000"-"\015\000\000\000"-
#135751	REDUCE cov: 9212 ft: 58239 corp: 2339/46Mb lim: 65536 exec/s: 457 rss: 488Mb L: 271/65536 MS: 1 EraseBytes-
#135885	REDUCE cov: 9212 ft: 58239 corp: 2339/46Mb lim: 65536 exec/s: 457 rss: 488Mb L: 13586/65536 MS: 4 InsertByte-InsertRepeatedBytes-CMP-EraseBytes- DE: "-->"-
#135932	REDUCE cov: 9212 ft: 58239 corp: 2339/46Mb lim: 65536 exec/s: 457 rss: 488Mb L: 23446/65536 MS: 2 ShuffleBytes-EraseBytes-
#135955	REDUCE cov: 9212 ft: 58239 corp: 2339/46Mb lim: 65536 exec/s: 457 rss: 488Mb L: 6538/65536 MS: 3 PersAutoDict-CrossOver-EraseBytes- DE: "<ecture n"-
#136031	NEW    cov: 9212 ft: 58255 corp: 2340/46Mb lim: 65536 exec/s: 458 rss: 488Mb L: 63899/65536 MS: 1 CopyPart-
#136054	REDUCE cov: 9212 ft: 58255 corp: 2340/46Mb lim: 65536 exec/s: 458 rss: 488Mb L: 19913/65536 MS: 3 ChangeBinInt-ChangeASCIIInt-EraseBytes-
#136110	REDUCE cov: 9212 ft: 58255 corp: 2340/46Mb lim: 65536 exec/s: 456 rss: 488Mb L: 29582/65536 MS: 1 EraseBytes-
#136186	REDUCE cov: 9212 ft: 58255 corp: 2340/46Mb lim: 65536 exec/s: 457 rss: 488Mb L: 7863/65536 MS: 1 EraseBytes-
#136252	REDUCE cov: 9212 ft: 58255 corp: 2340/46Mb lim: 65536 exec/s: 457 rss: 488Mb L: 1691/65536 MS: 1 EraseBytes-
#136289	REDUCE cov: 9213 ft: 58256 corp: 2341/46Mb lim: 65536 exec/s: 457 rss: 488Mb L: 1346/65536 MS: 2 ChangeBinInt-CopyPart-
#136315	REDUCE cov: 9213 ft: 58256 corp: 2341/46Mb lim: 65536 exec/s: 457 rss: 488Mb L: 8668/65536 MS: 1 EraseBytes-
#136318	REDUCE cov: 9213 ft: 58256 corp: 2341/46Mb lim: 65536 exec/s: 457 rss: 488Mb L: 61/65536 MS: 3 CMP-ShuffleBytes-EraseBytes- DE: "\257\002u\000Pb\000\000"-
#136349	REDUCE cov: 9213 ft: 58256 corp: 2341/46Mb lim: 65536 exec/s: 457 rss: 488Mb L: 12571/65536 MS: 1 EraseBytes-
#136382	REDUCE cov: 9213 ft: 58256 corp: 2341/46Mb lim: 65536 exec/s: 457 rss: 488Mb L: 50063/65536 MS: 3 ShuffleBytes-InsertRepeatedBytes-EraseBytes-
#136414	REDUCE cov: 9213 ft: 58256 corp: 2341/46Mb lim: 65536 exec/s: 457 rss: 488Mb L: 7165/65536 MS: 2 ChangeASCIIInt-EraseBytes-
#136416	REDUCE cov: 9213 ft: 58256 corp: 2341/46Mb lim: 65536 exec/s: 457 rss: 488Mb L: 3448/65536 MS: 2 InsertRepeatedBytes-EraseBytes-
#136429	REDUCE cov: 9213 ft: 58256 corp: 2341/46Mb lim: 65536 exec/s: 457 rss: 488Mb L: 16045/65536 MS: 3 ChangeBinInt-ShuffleBytes-EraseBytes-
#136430	REDUCE cov: 9213 ft: 58256 corp: 2341/46Mb lim: 65536 exec/s: 457 rss: 488Mb L: 48/65536 MS: 1 EraseBytes-
#136501	REDUCE cov: 9213 ft: 58256 corp: 2341/46Mb lim: 65536 exec/s: 458 rss: 488Mb L: 37730/65536 MS: 1 EraseBytes-
#136516	REDUCE cov: 9213 ft: 58256 corp: 2341/46Mb lim: 65536 exec/s: 458 rss: 488Mb L: 18392/65536 MS: 5 CMP-ChangeBit-ChangeBit-CMP-EraseBytes- DE: "\014\000"-"ftp"-
#136537	REDUCE cov: 9213 ft: 58256 corp: 2341/46Mb lim: 65536 exec/s: 458 rss: 488Mb L: 22040/65536 MS: 1 CrossOver-
#136586	REDUCE cov: 9213 ft: 58257 corp: 2342/46Mb lim: 65536 exec/s: 458 rss: 488Mb L: 53269/65536 MS: 4 InsertRepeatedBytes-ChangeBit-ChangeASCIIInt-CopyPart-
#136591	REDUCE cov: 9213 ft: 58257 corp: 2342/46Mb lim: 65536 exec/s: 458 rss: 488Mb L: 3776/65536 MS: 5 PersAutoDict-ChangeBinInt-ChangeBit-PersAutoDict-EraseBytes- DE: "\231\357\001\000\200a\000\000"-"\377\377\377\377\377\377\377\377"-
#136644	REDUCE cov: 9213 ft: 58257 corp: 2342/46Mb lim: 65536 exec/s: 457 rss: 488Mb L: 772/65536 MS: 3 ChangeASCIIInt-CMP-EraseBytes- DE: "<`, `=`, "-
#136645	REDUCE cov: 9213 ft: 58257 corp: 2342/46Mb lim: 65536 exec/s: 457 rss: 488Mb L: 421/65536 MS: 1 EraseBytes-
#136661	NEW    cov: 9213 ft: 58260 corp: 2343/46Mb lim: 65536 exec/s: 457 rss: 488Mb L: 19408/65536 MS: 1 CopyPart-
#136663	REDUCE cov: 9213 ft: 58260 corp: 2343/46Mb lim: 65536 exec/s: 457 rss: 488Mb L: 73/65536 MS: 2 ChangeBit-EraseBytes-
#136694	REDUCE cov: 9213 ft: 58260 corp: 2343/46Mb lim: 65536 exec/s: 457 rss: 488Mb L: 208/65536 MS: 1 EraseBytes-
#136767	REDUCE cov: 9213 ft: 58260 corp: 2343/46Mb lim: 65536 exec/s: 457 rss: 488Mb L: 7437/65536 MS: 3 PersAutoDict-ChangeByte-EraseBytes- DE: "\377\377\377C"-
#136790	REDUCE cov: 9213 ft: 58260 corp: 2343/46Mb lim: 65536 exec/s: 457 rss: 488Mb L: 1163/65536 MS: 3 InsertRepeatedBytes-ShuffleBytes-EraseBytes-
#136811	REDUCE cov: 9213 ft: 58260 corp: 2343/46Mb lim: 65536 exec/s: 457 rss: 488Mb L: 1173/65536 MS: 1 EraseBytes-
#136820	REDUCE cov: 9213 ft: 58260 corp: 2343/46Mb lim: 65536 exec/s: 457 rss: 488Mb L: 13639/65536 MS: 4 ChangeBit-ChangeASCIIInt-InsertRepeatedBytes-EraseBytes-
#136841	REDUCE cov: 9213 ft: 58260 corp: 2343/46Mb lim: 65536 exec/s: 457 rss: 488Mb L: 535/65536 MS: 1 EraseBytes-
#136878	REDUCE cov: 9213 ft: 58260 corp: 2343/46Mb lim: 65536 exec/s: 457 rss: 488Mb L: 5100/65536 MS: 2 ChangeBit-EraseBytes-
#136895	REDUCE cov: 9213 ft: 58261 corp: 2344/46Mb lim: 65536 exec/s: 457 rss: 488Mb L: 58678/65536 MS: 2 CrossOver-CrossOver-
#136904	REDUCE cov: 9213 ft: 58261 corp: 2344/46Mb lim: 65536 exec/s: 457 rss: 488Mb L: 9217/65536 MS: 4 CopyPart-ChangeBit-InsertByte-EraseBytes-
#136915	REDUCE cov: 9213 ft: 58261 corp: 2344/46Mb lim: 65536 exec/s: 457 rss: 488Mb L: 3397/65536 MS: 1 EraseBytes-
#136950	REDUCE cov: 9213 ft: 58261 corp: 2344/46Mb lim: 65536 exec/s: 458 rss: 488Mb L: 58/65536 MS: 5 InsertByte-EraseBytes-EraseBytes-PersAutoDict-PersAutoDict- DE: "\376\377\377\377"-"\247\233\036\000\260b\000\000"-
#137006	NEW    cov: 9213 ft: 58266 corp: 2345/46Mb lim: 65536 exec/s: 458 rss: 488Mb L: 16178/65536 MS: 1 CopyPart-
#137052	REDUCE cov: 9213 ft: 58266 corp: 2345/46Mb lim: 65536 exec/s: 458 rss: 488Mb L: 37137/65536 MS: 1 EraseBytes-
#137067	REDUCE cov: 9213 ft: 58267 corp: 2346/46Mb lim: 65536 exec/s: 458 rss: 488Mb L: 8684/65536 MS: 5 PersAutoDict-ChangeBinInt-ShuffleBytes-InsertRepeatedBytes-InsertRepeatedBytes- DE: "\001\000a`\000\007\205\302"-
#137104	REDUCE cov: 9213 ft: 58267 corp: 2346/46Mb lim: 65536 exec/s: 458 rss: 488Mb L: 495/65536 MS: 2 ChangeASCIIInt-EraseBytes-
#137127	REDUCE cov: 9213 ft: 58267 corp: 2346/46Mb lim: 65536 exec/s: 458 rss: 488Mb L: 66/65536 MS: 3 PersAutoDict-ShuffleBytes-EraseBytes- DE: "\000\000b\240\000f\267\025"-
#137136	REDUCE cov: 9213 ft: 58267 corp: 2346/46Mb lim: 65536 exec/s: 458 rss: 488Mb L: 36017/65536 MS: 4 CMP-InsertRepeatedBytes-InsertByte-EraseBytes- DE: "\000\000b\000\000m\256\203"-
#137204	NEW    cov: 9213 ft: 58271 corp: 2347/46Mb lim: 65536 exec/s: 457 rss: 488Mb L: 64463/65536 MS: 3 ChangeBit-ChangeByte-CopyPart-
#137216	REDUCE cov: 9213 ft: 58271 corp: 2347/46Mb lim: 65536 exec/s: 457 rss: 488Mb L: 10666/65536 MS: 2 ChangeByte-EraseBytes-
#137221	REDUCE cov: 9213 ft: 58271 corp: 2347/46Mb lim: 65536 exec/s: 457 rss: 488Mb L: 14106/65536 MS: 5 ChangeBinInt-ChangeASCIIInt-InsertByte-ShuffleBytes-EraseBytes-
#137259	REDUCE cov: 9213 ft: 58271 corp: 2347/46Mb lim: 65536 exec/s: 457 rss: 488Mb L: 12750/65536 MS: 3 ChangeBinInt-InsertRepeatedBytes-EraseBytes-
#137261	REDUCE cov: 9213 ft: 58271 corp: 2347/46Mb lim: 65536 exec/s: 457 rss: 488Mb L: 18894/65536 MS: 2 InsertByte-EraseBytes-
#137273	REDUCE cov: 9213 ft: 58271 corp: 2347/46Mb lim: 65536 exec/s: 457 rss: 488Mb L: 11879/65536 MS: 2 ChangeBit-EraseBytes-
#137315	REDUCE cov: 9213 ft: 58271 corp: 2347/46Mb lim: 65536 exec/s: 457 rss: 488Mb L: 1376/65536 MS: 2 PersAutoDict-EraseBytes- DE: "\377\377a\220\0023\275\302"-
#137326	REDUCE cov: 9213 ft: 58271 corp: 2347/46Mb lim: 65536 exec/s: 457 rss: 488Mb L: 13388/65536 MS: 1 EraseBytes-
#137332	REDUCE cov: 9213 ft: 58272 corp: 2348/46Mb lim: 65536 exec/s: 457 rss: 488Mb L: 31034/65536 MS: 1 CopyPart-
#137378	REDUCE cov: 9213 ft: 58272 corp: 2348/46Mb lim: 65536 exec/s: 457 rss: 488Mb L: 903/65536 MS: 1 EraseBytes-
#137386	REDUCE cov: 9213 ft: 58272 corp: 2348/46Mb lim: 65536 exec/s: 457 rss: 488Mb L: 44372/65536 MS: 3 ChangeByte-PersAutoDict-EraseBytes- DE: "<string.h"-
#137509	REDUCE cov: 9213 ft: 58272 corp: 2348/46Mb lim: 65536 exec/s: 458 rss: 488Mb L: 23887/65536 MS: 3 InsertByte-InsertByte-EraseBytes-
#137549	REDUCE cov: 9213 ft: 58272 corp: 2348/46Mb lim: 65536 exec/s: 458 rss: 488Mb L: 1516/65536 MS: 5 ChangeBinInt-CMP-ChangeBinInt-PersAutoDict-EraseBytes- DE: "\001\000\000\001"-"@\000"-
#137584	DONE   cov: 9213 ft: 58272 corp: 2348/46Mb lim: 65536 exec/s: 457 rss: 488Mb
###### Recommended dictionary. ######
"\001^" # Uses: 51
"\024\000\000\000" # Uses: 46
" \245" # Uses: 47
"\000\000\000\000\000\000\000\000" # Uses: 54
"\377\377a\000\000\002n\247" # Uses: 42
"abs" # Uses: 40
"\036\000\000\000" # Uses: 47
"\377\377" # Uses: 47
"\000\000ap\000\001\306\267" # Uses: 45
"!\033" # Uses: 61
"\004\000" # Uses: 45
" \000" # Uses: 42
"\001\000\000\000\000\000\000\000" # Uses: 46
"\320D\000\000 a\000\000" # Uses: 38
"\004(\005\000\360b\000\000" # Uses: 40
"\010\000" # Uses: 37
"\001\000\000\036" # Uses: 28
"Z\314\013\000 b\000\000" # Uses: 47
"lock" # Uses: 45
"https" # Uses: 46
"exampl.ex" # Uses: 40
"\001\000a0\000\001\222\035" # Uses: 38
"\014\000\000\000" # Uses: 44
"\000\000a\360\000\005?\015" # Uses: 43
"\377\377\377\377\377\377\377\377" # Uses: 43
"http" # Uses: 41
"lowed" # Uses: 33
"\001\000\000\013" # Uses: 44
"ftp" # Uses: 50
"\007\000" # Uses: 34
"\203<\024\000`b\000\000" # Uses: 38
".\000" # Uses: 36
"\001\000a\220\000\032\015\220" # Uses: 43
";\012\000\000" # Uses: 36
"www" # Uses: 35
"=\000" # Uses: 51
"\377\000" # Uses: 32
"\310\336(\000\240b\000\000" # Uses: 42
"language-" # Uses: 40
"\221\232\215\214" # Uses: 40
"<nd doubl" # Uses: 34
"<https://" # Uses: 35
"7\031=\000\240b\000\000" # Uses: 45
"/\000\000\000" # Uses: 39
"nes" # Uses: 39
"\015\000" # Uses: 42
"\000\000\177\376\266g\275\330" # Uses: 35
"\015\000\000\000" # Uses: 37
"gle" # Uses: 44
"\000\000a\220\0002\201N" # Uses: 46
"\001\000\177\376\266g\275\330" # Uses: 36
"\000\000\000\024" # Uses: 36
"&ouml;" # Uses: 37
"\000\000a\340\000M\363_" # Uses: 42
"ngs]" # Uses: 44
"<![CDATA[" # Uses: 41
"\274\363\006\000\020a\000\000" # Uses: 44
"]]>" # Uses: 31
"&gt;" # Uses: 46
"\377\377\377\034" # Uses: 37
"\377\377``\000\031y\271" # Uses: 43
"\377\021" # Uses: 26
"\330}+\000\200b\000\000" # Uses: 36
"w\235" # Uses: 41
"&qscr;" # Uses: 33
"\001\000b\200\000.x\304" # Uses: 38
"\274w\362\000\220b\000\000" # Uses: 41
"ween" # Uses: 26
"&quot;" # Uses: 43
"\247P" # Uses: 34
"`;`" # Uses: 29
"&aacu" # Uses: 37
"\352\321\212\001Pb\000\000" # Uses: 47
"\312\316\037\001\220b\000\000" # Uses: 38
"(\000" # Uses: 40
"\000\000\177\376\266g\276F" # Uses: 38
"\000\000\0005" # Uses: 37
"&gnapprox;" # Uses: 34
"&DifferentialD;" # Uses: 36
"&Differen" # Uses: 37
"&Differ" # Uses: 35
"&Hilbe" # Uses: 47
"\026\000\000\000" # Uses: 45
"\001\000\000\025" # Uses: 26
"\377\377\377\026" # Uses: 30
"\001\000\000/" # Uses: 33
"\000\000" # Uses: 34
"&gnapp" # Uses: 38
"block" # Uses: 40
"\377\377u\257" # Uses: 41
"lines" # Uses: 46
"\020\000\000\000" # Uses: 37
"\031\000\000\000" # Uses: 33
"\000\001" # Uses: 38
"cks]" # Uses: 41
"\000\012" # Uses: 43
"9\276g\266\376\177\000\000" # Uses: 48
"ent" # Uses: 35
"graph" # Uses: 35
"\001\000\177\376\266g\273@" # Uses: 31
"&DDotrah" # Uses: 30
"\000\000bp\0008](" # Uses: 35
"&Hat;" # Uses: 26
"shes" # Uses: 30
"\002\000" # Uses: 38
"\377\377b\020\001\006G\355" # Uses: 26
"&Union;" # Uses: 47
"&Clockwi" # Uses: 36
"\376\377\377\377" # Uses: 51
"\375\000\000\000\200`\000\000" # Uses: 30
"\241\0361\000`b\000\000" # Uses: 36
"\001\000bp\000}Sk" # Uses: 41
"\017\000" # Uses: 35
"\000\000b\300\000rp\353" # Uses: 35
"\2055" # Uses: 34
"\370\324\235\000\240b\000\000" # Uses: 27
"d\335\232\000\240b\000\000" # Uses: 38
"V\001\000\000" # Uses: 36
"\000\000b@\000:<\001" # Uses: 24
"\000\000b\240\000\210\033\332" # Uses: 41
"\377\377\377+" # Uses: 29
"ock" # Uses: 27
",\000\000\000" # Uses: 34
"&angm" # Uses: 29
"w.`" # Uses: 25
"&amp;" # Uses: 37
"\000\000b\340\000\006\270\232" # Uses: 42
"\377\377\377\037" # Uses: 29
"</+`, `_`" # Uses: 29
"\032\000" # Uses: 27
"\001\000b0\000\011\362\204" # Uses: 23
"ing" # Uses: 23
"\001\000\000\003" # Uses: 30
"\001\000b@\000a\276\227" # Uses: 28
"&Darr;" # Uses: 38
"\006\000" # Uses: 32
"\342\275g\266\376\177\000\000" # Uses: 28
"(," # Uses: 25
"\231\357\001\000\200a\000\000" # Uses: 24
"&ffilig;" # Uses: 25
"\377\377a@\000(\334X" # Uses: 27
"\001J" # Uses: 38
"\000\000\177\376\266g\276G" # Uses: 29
"`)`" # Uses: 28
"\003\376)\0000b\000\000" # Uses: 24
"\377#" # Uses: 19
"\377\037" # Uses: 36
"\377\377~\376\266g\276@" # Uses: 39
"G,B\000`b\000\000" # Uses: 42
"\377\001" # Uses: 32
"\001\000b\260\000_\300Q" # Uses: 35
"\377\377\377\001" # Uses: 33
"&notni" # Uses: 32
"\001\000\000\000" # Uses: 31
"&Union" # Uses: 27
".\000\000\000" # Uses: 29
"\027\000\000\000" # Uses: 28
"6\000" # Uses: 23
"\004\002" # Uses: 30
"_A\000\000" # Uses: 37
"\001\000\000?" # Uses: 34
"\000\000c\000\000Y\364\337" # Uses: 36
"\"\036\344\000\320b\000\000" # Uses: 24
"\252\262Z\000\240b\000\000" # Uses: 31
"\011\000\000\000" # Uses: 36
"\326\251\001\000 a\000\000" # Uses: 36
"m**" # Uses: 30
"\000\003" # Uses: 24
"\377\377\222\233" # Uses: 24
"0\000" # Uses: 29
"&Dopf;" # Uses: 26
"\246=F\001Pb\000\000" # Uses: 32
"K\276g\266\376\177\000\000" # Uses: 37
"\377\377\377\015" # Uses: 32
"\001\000c\000\000\271\346~" # Uses: 24
"\000\000b`\000\013\015\032" # Uses: 32
"&notn" # Uses: 34
"\273\266\303\000\340b\000\000" # Uses: 26
"\272K" # Uses: 21
"Y\250" # Uses: 35
"\377\377a\320\000\243\032[" # Uses: 32
"pan" # Uses: 27
"\323\371" # Uses: 35
"\000\000\000<" # Uses: 32
"\001\000bP\001\241S\252" # Uses: 28
"\000\000\000\035" # Uses: 36
" '5" # Uses: 33
"\324W\003\001\220b\000\000" # Uses: 42
"ext" # Uses: 44
"\033\000\000\000" # Uses: 26
"=\000\000\000" # Uses: 22
"J3:\001\340b\000\000" # Uses: 26
"!\000\000\000" # Uses: 30
"\247\233\036\000\260b\000\000" # Uses: 22
"<\001ce made" # Uses: 29
"&DDotr" # Uses: 30
"\003\000\000\000" # Uses: 16
"<ecture n" # Uses: 41
"\000\000\000\017" # Uses: 39
"\350\014" # Uses: 21
"\250!\237\000\360b\000\000" # Uses: 30
"\270\000" # Uses: 17
"\356\0021\000\220b\000\000" # Uses: 26
"\225\330" # Uses: 25
"&gna" # Uses: 24
"&DotDo" # Uses: 21
"8\000\000\000" # Uses: 21
"\254)_\000\340b\000\000" # Uses: 25
"rip" # Uses: 26
"\035\000\000\000" # Uses: 24
"\001\000bp\000&\354\373" # Uses: 25
"\331\275g\266\376\177\000\000" # Uses: 28
"\377\274" # Uses: 29
"\000." # Uses: 21
"\003\253" # Uses: 31
"\303+\000\000\320`\000\000" # Uses: 19
"i\301'\000pa\000\000" # Uses: 16
"\001K" # Uses: 26
"\377\377\3776" # Uses: 29
"\000\000\177\376\266g\276<" # Uses: 35
"\012\036\207\000\000b\000\000" # Uses: 24
"\226\011\000\000" # Uses: 22
"other" # Uses: 19
"&Integral;" # Uses: 31
"\377\377a\340\000\311\271O" # Uses: 28
"lock]" # Uses: 24
"\377\377a@\000?\035\252" # Uses: 24
"\333\\" # Uses: 25
"\341\000\000\000" # Uses: 22
"]\361$\000\300b\000\000" # Uses: 18
"\001\000b \000p\255b" # Uses: 28
"t\375y\000\300b\000\000" # Uses: 25
"\357\273\277" # Uses: 25
"\000\000b\300\001\266qM" # Uses: 23
"\001\000a`\000\007\205\302" # Uses: 30
"\001\000b\320\001\012=9" # Uses: 31
"\227\330" # Uses: 25
"\327\363.\001\340b\000\000" # Uses: 24
"\001\000b@\000Z\375I" # Uses: 32
";\177\000\000 a\000\000" # Uses: 35
"\000\000b \000\253\324O" # Uses: 21
"\001\000\000\027" # Uses: 22
"\000\015" # Uses: 35
"\001\000b\320\000EI\234" # Uses: 27
"M\276g\266\376\177\000\000" # Uses: 21
"&\011U\000\320a\000\000" # Uses: 20
"\216\015\007\000\240a\000\000" # Uses: 26
"\000\000\000\002" # Uses: 25
"@\230" # Uses: 22
"\337\001\000\000" # Uses: 24
"9\252" # Uses: 25
"\377\377a\320\0010R\037" # Uses: 25
"\001\000bp\000g\001\273" # Uses: 21
"\010\276g\266\376\177\000\000" # Uses: 12
"\001\000" # Uses: 15
"&range" # Uses: 20
"&Cacute;" # Uses: 25
"\312\011\001\000@a\000\000" # Uses: 25
"\000\000b`\000\037\250~" # Uses: 27
"\275\343Y\000\340b\000\000" # Uses: 21
"\000\000b\360\000F\333\235" # Uses: 21
"\004\000\000\000\000\000\000\000" # Uses: 15
"\000\006" # Uses: 19
"P\257F\000\000b\000\000" # Uses: 25
"\001!" # Uses: 27
"\001$" # Uses: 16
"\000\257" # Uses: 28
"4\000" # Uses: 21
"Ls)" # Uses: 28
"\030;\016\000\340b\000\000" # Uses: 19
"t\007" # Uses: 23
"k\264\375\000\360b\000\000" # Uses: 18
"\001\016" # Uses: 16
"\3770" # Uses: 25
"\377\377a\300\001=v\307" # Uses: 25
"would" # Uses: 19
"\013\000\000\000" # Uses: 31
"\001\000bP\001LP\336" # Uses: 21
"\020\000" # Uses: 17
"her" # Uses: 21
"\001\000\000\017" # Uses: 18
"M\034\000\000" # Uses: 18
"[\000\000\000" # Uses: 23
"\377\377b\000\001\005\342\220" # Uses: 19
";\000" # Uses: 17
"says" # Uses: 19
"\000\000bp\000\202[\004" # Uses: 24
"\276\316\202\001\320b\000\000" # Uses: 20
"o -" # Uses: 22
"\233\000" # Uses: 19
"\000\021" # Uses: 18
"\001\000?\220" # Uses: 18
"\001\000\000;" # Uses: 14
"\000\000b\360\000\033\352\177" # Uses: 20
"\275;\023\000\200b\000\000" # Uses: 23
"\035\000" # Uses: 22
"\377\377`\200\000\002S\270" # Uses: 16
",\004\335\000\020c\000\000" # Uses: 19
"\023\000\000\000" # Uses: 20
"\000\000\000\004" # Uses: 18
"\001\000c\000\000\227\374\230" # Uses: 17
"\001\013" # Uses: 13
"f\350\000\000Pb\000\000" # Uses: 17
"&barv" # Uses: 20
"%I" # Uses: 24
"\000\000b\340\001d\352\222" # Uses: 18
"!l" # Uses: 26
"\377\377\377\010" # Uses: 25
"!\217u\000 b\000\000" # Uses: 19
"\377\377\377\000" # Uses: 16
"\377\377_\200\000\000\026(" # Uses: 16
"ional" # Uses: 14
"\021\000\000\000" # Uses: 8
"&gsi" # Uses: 19
"\000\000c\000\001B\354\234" # Uses: 12
"\377\377\312c" # Uses: 16
"\001\000b \000\013>\344" # Uses: 16
"KXQ\000\360b\000\000" # Uses: 16
"\016\000" # Uses: 20
"\013\027" # Uses: 17
"ks]" # Uses: 15
"\001\000\000)" # Uses: 19
"\000\000\000%" # Uses: 18
"Sof" # Uses: 17
"\204\306x\000\260a\000\000" # Uses: 12
"\377\377a\300\000\254ws" # Uses: 18
"\277K<\000\220b\000\000" # Uses: 18
"\\1" # Uses: 11
"&oline" # Uses: 18
"2\000" # Uses: 23
"\001\000b\340\001ri\304" # Uses: 14
"\004\000\000\000" # Uses: 14
"\334+\000\000`b\000\000" # Uses: 18
"&Hopf;" # Uses: 22
"\262\374t\001\000c\000\000" # Uses: 13
"&Eogon;" # Uses: 10
"\356\262$\000\260b\000\000" # Uses: 22
"\260\375\267\001Pb\000\000" # Uses: 17
"\371\337/\001\000c\000\000" # Uses: 13
" \313C\000\220b\000\000" # Uses: 10
"&compl" # Uses: 14
"&ThisIsNotDe" # Uses: 18
"\001\000`\320\000\0003\332" # Uses: 20
"\022\274\025\000@b\000\000" # Uses: 22
"\001\000\000\007" # Uses: 18
"\327\275g\266\376\177\000\000" # Uses: 14
"&hba" # Uses: 10
"foo" # Uses: 14
"ple" # Uses: 14
"\260{'\001\340b\000\000" # Uses: 18
"\017|\001\001\300b\000\000" # Uses: 15
"\364y" # Uses: 6
"\001\023" # Uses: 17
"\377>" # Uses: 22
"&TildeEqual;" # Uses: 15
"B!\354\000\340b\000\000" # Uses: 11
"raphs" # Uses: 13
"\000\023" # Uses: 17
"&Different" # Uses: 14
"\000\000b\240\000f\267\025" # Uses: 8
"\351\035,\000@b\000\000" # Uses: 20
"\376\230]\000\260b\000\000" # Uses: 21
"ies" # Uses: 18
"&checkma" # Uses: 18
"\001?" # Uses: 8
"&gnap" # Uses: 13
"!9\000\000" # Uses: 8
"NTT\001\360b\000\000" # Uses: 22
"\204\273g\266\376\177\000\000" # Uses: 16
"&lan" # Uses: 9
"1\000" # Uses: 15
"\000\000\177\376\266g\276A" # Uses: 12
"\377\377a\260\000^\352q" # Uses: 15
"\000\000c\000\000E\345\364" # Uses: 9
"\000\000\000'" # Uses: 16
"\001\000\000J" # Uses: 18
"\260\374\033\001\300b\000\000" # Uses: 11
"\036\356" # Uses: 13
"\000\000b\340\000\257t\017" # Uses: 11
"&Diamond" # Uses: 14
"_@\232\001\360b\000\000" # Uses: 15
"\000\000c\000\000\304\374|" # Uses: 16
"\014\000" # Uses: 16
"\000\010" # Uses: 7
"\000\000\036\337" # Uses: 15
"\273R" # Uses: 11
"ity" # Uses: 10
"6\000\000\000" # Uses: 14
"\000\000a \000\003!@" # Uses: 13
"\037\000" # Uses: 13
"&ngE;" # Uses: 16
"@\000" # Uses: 11
"\001=" # Uses: 13
"W\277z\001\320b\000\000" # Uses: 11
"\0003" # Uses: 12
"\000\000b\240\000u_k" # Uses: 13
"\377\377\377\377" # Uses: 16
"\377\377a\360\001\024a\203" # Uses: 9
"\001 " # Uses: 10
"\214\346q\001\320b\000\000" # Uses: 11
"\001\000b\300\001q\373|" # Uses: 20
"\377\377B\276" # Uses: 19
"\000\000b@\000\210?D" # Uses: 13
"\377\377\256B" # Uses: 13
"\377\377~\376\266g\275\330" # Uses: 9
"ines" # Uses: 8
" \000\000\000" # Uses: 8
"\000\000\000\000" # Uses: 13
"ions" # Uses: 15
"\033\000" # Uses: 13
"\000\000b \000cDV" # Uses: 7
"\261t\235\000\260b\000\000" # Uses: 12
"\022\000" # Uses: 8
"'\373,\000\200b\000\000" # Uses: 4
"\000\000a0\000\017.\240" # Uses: 10
"\372\355a\001\340b\000\000" # Uses: 6
"\346\231" # Uses: 7
"F\266\035\000\260b\000\000" # Uses: 10
"f\000" # Uses: 10
"\001\000bP\002#(\305" # Uses: 10
"ink" # Uses: 8
"\011Y" # Uses: 11
" text" # Uses: 11
"\000\000a\260\000k\245\361" # Uses: 9
"\001\000b\000\000\032\236\235" # Uses: 9
"rsion" # Uses: 22
"\377\377\377\032" # Uses: 15
"\003\000" # Uses: 10
"&Map;" # Uses: 8
"\363\377L\000\300b\000\000" # Uses: 11
"\001\000\000\033" # Uses: 5
"\310\215u\000`b\000\000" # Uses: 6
"`_`" # Uses: 11
"\377\377a\300\001\331\002\010" # Uses: 8
"\000\000b\000\000\237\257\265" # Uses: 8
"\001\000hP" # Uses: 9
"\377\377\377C" # Uses: 10
"\023\000" # Uses: 8
"\001\000\000\031" # Uses: 8
"m4\222\000\240b\000\000" # Uses: 10
"lows" # Uses: 7
"\001\000b\360\001}k\346" # Uses: 8
"\000\000b\240\000t\235\212" # Uses: 5
"(in" # Uses: 12
"\000\000b\200\000\002\276\242" # Uses: 5
":/\000\000" # Uses: 15
"\032s\213\000\340b\000\000" # Uses: 6
"\001\000b\340\000S\353`" # Uses: 7
"\000\000\000\033" # Uses: 10
"$\000" # Uses: 8
"&conin" # Uses: 11
"\377\\" # Uses: 3
"\000\005" # Uses: 7
"\377\377\377\017" # Uses: 4
"\001\035" # Uses: 6
"\377\016" # Uses: 14
"\001\000b\300\000\223w\207" # Uses: 4
"R\376" # Uses: 9
"\034\000" # Uses: 6
"\032\204c\000Pb\000\000" # Uses: 6
"\032\000\000\000" # Uses: 8
"p\273g\266\376\177\000\000" # Uses: 4
"&parsi" # Uses: 4
"&frac23;" # Uses: 6
"\2577\000\000" # Uses: 8
"+z\000\000" # Uses: 5
"R\276g\266\376\177\000\000" # Uses: 8
"\377\377a\240\000\254\326\222" # Uses: 8
"<string.h" # Uses: 9
"\021\252\003\000 a\000\000" # Uses: 6
"\000%" # Uses: 8
"Cds\002\320b\000\000" # Uses: 8
"\233!\000\000" # Uses: 7
"84)" # Uses: 8
"\010Z\000\000\260`\000\000" # Uses: 3
"\377\011" # Uses: 5
"sion" # Uses: 4
"\001\032" # Uses: 5
"<\317/ation " # Uses: 4
"\364\211" # Uses: 4
"\330\275g\266\376\177\000\000" # Uses: 5
"\001\000\000\001" # Uses: 7
"\277\012\030\000\220a\000\000" # Uses: 4
"\013\000" # Uses: 2
"5\000" # Uses: 11
"\314\222!\000`a\000\000" # Uses: 6
"\000\000\000\012" # Uses: 6
"o\012\012" # Uses: 2
"\011\000" # Uses: 8
"<oft line" # Uses: 4
"ion" # Uses: 5
"\377\377a \001\037<G" # Uses: 4
"t\270\035\000\260b\000\000" # Uses: 3
"&ordm;" # Uses: 8
"\013\270\220\000\240b\000\000" # Uses: 1
"j\012\001\000p`\000\000" # Uses: 2
"\377\377a\360\001\217\314\206" # Uses: 3
"\000\000b\240\000\240\021$" # Uses: 6
"ities" # Uses: 6
"3\000" # Uses: 3
"\027\373\000\000" # Uses: 7
"\012\000" # Uses: 3
"TML" # Uses: 4
"\001\000b\220\000\242(O" # Uses: 2
"<p/o<p```" # Uses: 2
"c5C\001\340b\000\000" # Uses: 8
"\002\000\000\000" # Uses: 4
"\020W\004\000\020a\000\000" # Uses: 3
"C\276g\266\376\177\000\000" # Uses: 3
"-->" # Uses: 5
"\000\000\000\032" # Uses: 5
"\316\363E\001\300b\000\000" # Uses: 5
"@\000\000\000" # Uses: 4
"\000\000bp\000|\0041" # Uses: 4
"&otime" # Uses: 2
"\000\000\000\000\000\000\000\002" # Uses: 4
"={p\000\240b\000\000" # Uses: 2
"&'U\001\360b\000\000" # Uses: 3
"tem" # Uses: 4
"\377\377a\320\000\263E[" # Uses: 3
"\001\000\000f" # Uses: 4
"&gtc" # Uses: 4
"uence" # Uses: 3
"W\015" # Uses: 4
"\377\377a\200\000n\274\"" # Uses: 3
"Vf\241\000\260b\000\000" # Uses: 1
"span" # Uses: 1
"\001\000c\000\001\012\362\357" # Uses: 3
"dings" # Uses: 2
"\377\377~\376\266g\276Q" # Uses: 1
"&right" # Uses: 3
"\020%" # Uses: 2
"\036\000" # Uses: 0
"\3329\310\000\240b\000\000" # Uses: 2
"&copy;" # Uses: 2
"\377\377a\220\0023\275\302" # Uses: 4
"igs" # Uses: 2
"/\000" # Uses: 0
"\377\377~\376\266g\276L" # Uses: 2
"\022\000\000\000" # Uses: 3
"\377\377a\240\000\027?\346" # Uses: 0
"\000\000\367\303" # Uses: 1
"\001\000\0005" # Uses: 2
"<nd relea" # Uses: 3
"\377\377\377G" # Uses: 1
"\001\000bp\000\345\340\216" # Uses: 1
"\0015" # Uses: 0
"&\000" # Uses: 2
"ttps" # Uses: 0
"\365\207\303\000\320b\000\000" # Uses: 2
" it" # Uses: 1
"&ltr" # Uses: 1
"\377\377`\260\000\026:\274" # Uses: 0
"ai-\001\340b\000\000" # Uses: 2
"_\206" # Uses: 0
"&TildeEq" # Uses: 0
"\275\271F\000\200b\000\000" # Uses: 1
")\337\007\000\240a\000\000" # Uses: 1
"\000\000|-" # Uses: 1
"\031\000" # Uses: 1
"0\254" # Uses: 0
"\001\000b\260\000\205\321\260" # Uses: 0
"\001\000\000*" # Uses: 0
"\001\000\177\376\266g\276\024" # Uses: 0
"?a\024\000@`\000\000" # Uses: 1
"?\347" # Uses: 1
"\000\000b`\000h\314l" # Uses: 0
"\377\004" # Uses: 0
"\257@\332\000Pb\000\000" # Uses: 1
"\257\002u\000Pb\000\000" # Uses: 0
"<`, `=`, " # Uses: 0
"\000\000b\000\000m\256\203" # Uses: 0
###### End of recommended dictionary. ######
Done 137584 runs in 301 second(s)
